#
# There is insufficient memory for the Java Runtime Environment to continue.
# Native memory allocation (mmap) failed to map 1048576 bytes. Error detail: G1 virtual space
# Possible reasons:
#   The system is out of physical RAM or swap space
#   This process is running with CompressedOops enabled, and the Java Heap may be blocking the growth of the native heap
# Possible solutions:
#   Reduce memory load on the system
#   Increase physical memory or swap space
#   Check if swap backing store is full
#   Decrease Java heap size (-Xmx/-Xms)
#   Decrease number of Java threads
#   Decrease Java thread stack sizes (-Xss)
#   Set larger code cache with -XX:ReservedCodeCacheSize=
#   JVM is running with Unscaled Compressed Oops mode in which the Java heap is
#     placed in the first 4GB address space. The Java Heap base address is the
#     maximum limit for the native heap growth. Please use -XX:HeapBaseMinAddress
#     to set the Java Heap base and to place the Java Heap above 4GB virtual address.
# This output file may be truncated or incomplete.
#
#  Out of Memory Error (os_windows.cpp:3710), pid=10304, tid=720
#
# JRE version: OpenJDK Runtime Environment Microsoft-11926163 (17.0.16+8) (build 17.0.16+8-LTS)
# Java VM: OpenJDK 64-Bit Server VM Microsoft-11926163 (17.0.16+8-LTS, mixed mode, sharing, tiered, compressed oops, compressed class ptrs, g1 gc, windows-amd64)
# No core dump will be written. Minidumps are not enabled by default on client versions of Windows
#

---------------  S U M M A R Y ------------

Command Line: -XX:MaxMetaspaceSize=512m --add-opens=java.base/java.util=ALL-UNNAMED --add-opens=java.base/java.lang=ALL-UNNAMED --add-opens=java.base/java.lang.invoke=ALL-UNNAMED --add-opens=java.prefs/java.util.prefs=ALL-UNNAMED --add-opens=java.base/java.nio.charset=ALL-UNNAMED --add-opens=java.base/java.net=ALL-UNNAMED --add-opens=java.base/java.util.concurrent.atomic=ALL-UNNAMED -Xmx2048m -Dfile.encoding=windows-1252 -Duser.country=US -Duser.language=en -Duser.variant org.gradle.launcher.daemon.bootstrap.GradleDaemon 8.0.1

Host: 11th Gen Intel(R) Core(TM) i5-1135G7 @ 2.40GHz, 8 cores, 7G,  Windows 10 , 64 bit Build 19041 (10.0.19041.5915)
Time: Thu Sep  4 15:51:41 2025 India Standard Time elapsed time: 1795.575005 seconds (0d 0h 29m 55s)

---------------  T H R E A D  ---------------

Current thread (0x000001a9482d6a70):  JavaThread "Unconstrained build operations Thread 12" [_thread_in_vm, id=720, stack(0x0000000bd5e00000,0x0000000bd5f00000)]

Stack: [0x0000000bd5e00000,0x0000000bd5f00000]
Native frames: (J=compiled Java code, j=interpreted, Vv=VM code, C=native code)
V  [jvm.dll+0x68ee19]
V  [jvm.dll+0x846249]
V  [jvm.dll+0x847fb8]
V  [jvm.dll+0x848643]
V  [jvm.dll+0x24cf6f]
V  [jvm.dll+0x68bde9]
V  [jvm.dll+0x6803aa]
V  [jvm.dll+0x30ffc0]
V  [jvm.dll+0x30fe62]
V  [jvm.dll+0x3173b9]
V  [jvm.dll+0x3692c9]
V  [jvm.dll+0x369901]
V  [jvm.dll+0x3694b6]
V  [jvm.dll+0x2e6d32]
V  [jvm.dll+0x2e2f42]
V  [jvm.dll+0x6214f3]
V  [jvm.dll+0x215c05]
V  [jvm.dll+0x810c42]
V  [jvm.dll+0x6eb4d9]
C  0x000001a9122e3529

The last pc belongs to _new_array_nozero_Java (printed below).
Java frames: (J=compiled Java code, j=interpreted, Vv=VM code)
v  ~RuntimeStub::_new_array_nozero_Java
J 34071 c2 kotlin.io.ByteStreamsKt.copyTo(Ljava/io/InputStream;Ljava/io/OutputStream;I)J (60 bytes) @ 0x000001a913e83c78 [0x000001a913e82760+0x0000000000001518]
J 19859 c1 kotlin.io.ByteStreamsKt.readBytes(Ljava/io/InputStream;)[B (47 bytes) @ 0x000001a90cdb7194 [0x000001a90cdb6ca0+0x00000000000004f4]
J 19858 c1 com.android.tools.build.jetifier.processor.archive.Archive$Builder.extractFile(Ljava/util/zip/ZipInputStream;Ljava/nio/file/Path;Ljava/nio/file/attribute/FileTime;)Lcom/android/tools/build/jetifier/processor/archive/ArchiveFile; (39 bytes) @ 0x000001a90cdb66a4 [0x000001a90cdb6400+0x00000000000002a4]
j  com.android.tools.build.jetifier.processor.archive.Archive$Builder.extractArchive(Ljava/io/InputStream;Ljava/nio/file/Path;ZLjava/nio/file/attribute/FileTime;)Lcom/android/tools/build/jetifier/processor/archive/Archive;+144
j  com.android.tools.build.jetifier.processor.archive.Archive$Builder.extract(Ljava/io/File;Z)Lcom/android/tools/build/jetifier/processor/archive/Archive;+88
j  com.android.tools.build.jetifier.processor.archive.Archive$Builder.extract$default(Lcom/android/tools/build/jetifier/processor/archive/Archive$Builder;Ljava/io/File;ZILjava/lang/Object;)Lcom/android/tools/build/jetifier/processor/archive/Archive;+11
j  com.android.tools.build.jetifier.processor.Processor.loadLibraries(Ljava/lang/Iterable;)Ljava/util/Set;+98
j  com.android.tools.build.jetifier.processor.Processor.transform2(Ljava/util/Set;ZZ)Lcom/android/tools/build/jetifier/processor/TransformationResult;+370
j  com.android.build.gradle.internal.dependency.JetifyTransform.transform(Lorg/gradle/api/artifacts/transform/TransformOutputs;)V+371
j  org.gradle.api.internal.artifacts.transform.DefaultTransformer.transform(Lorg/gradle/api/provider/Provider;Ljava/io/File;Lorg/gradle/api/internal/artifacts/transform/ArtifactTransformDependencies;Lorg/gradle/work/InputChanges;)Lorg/gradle/api/internal/artifacts/transform/TransformationResult;+42
j  org.gradle.api.internal.artifacts.transform.DefaultTransformerInvocationFactory$AbstractTransformerExecution$1.call(Lorg/gradle/internal/operations/BuildOperationContext;)Lorg/gradle/api/internal/artifacts/transform/TransformationResult;+53
j  org.gradle.api.internal.artifacts.transform.DefaultTransformerInvocationFactory$AbstractTransformerExecution$1.call(Lorg/gradle/internal/operations/BuildOperationContext;)Ljava/lang/Object;+2
J 9412 c1 org.gradle.internal.operations.DefaultBuildOperationRunner$CallableBuildOperationWorker.execute(Lorg/gradle/internal/operations/BuildOperation;Lorg/gradle/internal/operations/BuildOperationContext;)V (10 bytes) @ 0x000001a90bdbaf4c [0x000001a90bdbace0+0x000000000000026c]
J 33879 c2 org.gradle.internal.operations.DefaultBuildOperationRunner.execute(Lorg/gradle/internal/operations/BuildOperation;Lorg/gradle/internal/operations/BuildOperationWorker;Lorg/gradle/internal/operations/BuildOperationState;)V (23 bytes) @ 0x000001a9135112f8 [0x000001a913510aa0+0x0000000000000858]
J 9411 c1 org.gradle.internal.operations.DefaultBuildOperationRunner.call(Lorg/gradle/internal/operations/CallableBuildOperation;)Ljava/lang/Object; (24 bytes) @ 0x000001a90bdba674 [0x000001a90bdba1a0+0x00000000000004d4]
J 9410 c1 org.gradle.internal.operations.DefaultBuildOperationExecutor.call(Lorg/gradle/internal/operations/CallableBuildOperation;)Ljava/lang/Object; (11 bytes) @ 0x000001a90bdb9dc4 [0x000001a90bdb9cc0+0x0000000000000104]
j  org.gradle.api.internal.artifacts.transform.DefaultTransformerInvocationFactory$AbstractTransformerExecution.executeWithinTransformerListener(Lorg/gradle/internal/execution/UnitOfWork$ExecutionRequest;)Lorg/gradle/internal/execution/UnitOfWork$WorkOutput;+13
j  org.gradle.api.internal.artifacts.transform.DefaultTransformerInvocationFactory$AbstractTransformerExecution.execute(Lorg/gradle/internal/execution/UnitOfWork$ExecutionRequest;)Lorg/gradle/internal/execution/UnitOfWork$WorkOutput;+19
j  org.gradle.internal.execution.steps.ExecuteStep.executeInternal(Lorg/gradle/internal/execution/UnitOfWork;Lorg/gradle/internal/execution/steps/InputChangesContext;)Lorg/gradle/internal/execution/steps/Result;+16
j  org.gradle.internal.execution.steps.ExecuteStep.access$000(Lorg/gradle/internal/execution/UnitOfWork;Lorg/gradle/internal/execution/steps/InputChangesContext;)Lorg/gradle/internal/execution/steps/Result;+2
j  org.gradle.internal.execution.steps.ExecuteStep$1.call(Lorg/gradle/internal/operations/BuildOperationContext;)Lorg/gradle/internal/execution/steps/Result;+8
j  org.gradle.internal.execution.steps.ExecuteStep$1.call(Lorg/gradle/internal/operations/BuildOperationContext;)Ljava/lang/Object;+2
J 9412 c1 org.gradle.internal.operations.DefaultBuildOperationRunner$CallableBuildOperationWorker.execute(Lorg/gradle/internal/operations/BuildOperation;Lorg/gradle/internal/operations/BuildOperationContext;)V (10 bytes) @ 0x000001a90bdbaf4c [0x000001a90bdbace0+0x000000000000026c]
J 33879 c2 org.gradle.internal.operations.DefaultBuildOperationRunner.execute(Lorg/gradle/internal/operations/BuildOperation;Lorg/gradle/internal/operations/BuildOperationWorker;Lorg/gradle/internal/operations/BuildOperationState;)V (23 bytes) @ 0x000001a9135112f8 [0x000001a913510aa0+0x0000000000000858]
J 9411 c1 org.gradle.internal.operations.DefaultBuildOperationRunner.call(Lorg/gradle/internal/operations/CallableBuildOperation;)Ljava/lang/Object; (24 bytes) @ 0x000001a90bdba674 [0x000001a90bdba1a0+0x00000000000004d4]
J 9410 c1 org.gradle.internal.operations.DefaultBuildOperationExecutor.call(Lorg/gradle/internal/operations/CallableBuildOperation;)Ljava/lang/Object; (11 bytes) @ 0x000001a90bdb9dc4 [0x000001a90bdb9cc0+0x0000000000000104]
j  org.gradle.internal.execution.steps.ExecuteStep.execute(Lorg/gradle/internal/execution/UnitOfWork;Lorg/gradle/internal/execution/steps/ChangingOutputsContext;)Lorg/gradle/internal/execution/steps/Result;+14
j  org.gradle.internal.execution.steps.ExecuteStep.execute(Lorg/gradle/internal/execution/UnitOfWork;Lorg/gradle/internal/execution/steps/Context;)Lorg/gradle/internal/execution/steps/Result;+6
j  org.gradle.internal.execution.steps.RemovePreviousOutputsStep.execute(Lorg/gradle/internal/execution/UnitOfWork;Lorg/gradle/internal/execution/steps/ChangingOutputsContext;)Lorg/gradle/internal/execution/steps/Result;+57
j  org.gradle.internal.execution.steps.RemovePreviousOutputsStep.execute(Lorg/gradle/internal/execution/UnitOfWork;Lorg/gradle/internal/execution/steps/Context;)Lorg/gradle/internal/execution/steps/Result;+6
j  org.gradle.internal.execution.steps.CancelExecutionStep.execute(Lorg/gradle/internal/execution/UnitOfWork;Lorg/gradle/internal/execution/steps/Context;)Lorg/gradle/internal/execution/steps/Result;+35
j  org.gradle.internal.execution.steps.TimeoutStep.executeWithoutTimeout(Lorg/gradle/internal/execution/UnitOfWork;Lorg/gradle/internal/execution/steps/Context;)Lorg/gradle/internal/execution/steps/Result;+6
j  org.gradle.internal.execution.steps.TimeoutStep.execute(Lorg/gradle/internal/execution/UnitOfWork;Lorg/gradle/internal/execution/steps/Context;)Lorg/gradle/internal/execution/steps/Result;+92
j  org.gradle.internal.execution.steps.CreateOutputsStep.execute(Lorg/gradle/internal/execution/UnitOfWork;Lorg/gradle/internal/execution/steps/ChangingOutputsContext;)Lorg/gradle/internal/execution/steps/Result;+24
j  org.gradle.internal.execution.steps.CreateOutputsStep.execute(Lorg/gradle/internal/execution/UnitOfWork;Lorg/gradle/internal/execution/steps/Context;)Lorg/gradle/internal/execution/steps/Result;+6
j  org.gradle.internal.execution.steps.CaptureStateAfterExecutionStep.executeDelegateBroadcastingChanges(Lorg/gradle/internal/execution/UnitOfWork;Lorg/gradle/internal/execution/steps/InputChangesContext;)Lorg/gradle/internal/execution/steps/Result;+53
j  org.gradle.internal.execution.steps.CaptureStateAfterExecutionStep.execute(Lorg/gradle/internal/execution/UnitOfWork;Lorg/gradle/internal/execution/steps/InputChangesContext;)Lorg/gradle/internal/execution/steps/AfterExecutionResult;+3
j  org.gradle.internal.execution.steps.CaptureStateAfterExecutionStep.execute(Lorg/gradle/internal/execution/UnitOfWork;Lorg/gradle/internal/execution/steps/Context;)Lorg/gradle/internal/execution/steps/Result;+6
j  org.gradle.internal.execution.steps.ResolveInputChangesStep.execute(Lorg/gradle/internal/execution/UnitOfWork;Lorg/gradle/internal/execution/steps/IncrementalChangesContext;)Lorg/gradle/internal/execution/steps/Result;+18
j  org.gradle.internal.execution.steps.ResolveInputChangesStep.execute(Lorg/gradle/internal/execution/UnitOfWork;Lorg/gradle/internal/execution/steps/Context;)Lorg/gradle/internal/execution/steps/Result;+6
j  org.gradle.internal.execution.steps.BuildCacheStep.executeWithoutCache(Lorg/gradle/internal/execution/UnitOfWork;Lorg/gradle/internal/execution/steps/IncrementalChangesContext;)Lorg/gradle/internal/execution/steps/AfterExecutionResult;+6
j  org.gradle.internal.execution.steps.BuildCacheStep.lambda$execute$1(Lorg/gradle/internal/execution/UnitOfWork;Lorg/gradle/internal/execution/steps/IncrementalChangesContext;Lorg/gradle/internal/execution/caching/CachingState$Disabled;)Lorg/gradle/internal/execution/steps/AfterExecutionResult;+3
j  org.gradle.internal.execution.steps.BuildCacheStep$$Lambda$1344+0x000001a923d55698.apply(Ljava/lang/Object;)Ljava/lang/Object;+16
j  org.gradle.internal.Either$Right.fold(Ljava/util/function/Function;Ljava/util/function/Function;)Ljava/lang/Object;+5
j  org.gradle.internal.execution.caching.CachingState.fold(Ljava/util/function/Function;Ljava/util/function/Function;)Ljava/lang/Object;+6
j  org.gradle.internal.execution.steps.BuildCacheStep.execute(Lorg/gradle/internal/execution/UnitOfWork;Lorg/gradle/internal/execution/steps/IncrementalChangesContext;)Lorg/gradle/internal/execution/steps/AfterExecutionResult;+20
j  org.gradle.internal.execution.steps.BuildCacheStep.execute(Lorg/gradle/internal/execution/UnitOfWork;Lorg/gradle/internal/execution/steps/Context;)Lorg/gradle/internal/execution/steps/Result;+6
j  org.gradle.internal.execution.steps.StoreExecutionStateStep.execute(Lorg/gradle/internal/execution/UnitOfWork;Lorg/gradle/internal/execution/steps/PreviousExecutionContext;)Lorg/gradle/internal/execution/steps/AfterExecutionResult;+6
j  org.gradle.internal.execution.steps.StoreExecutionStateStep.execute(Lorg/gradle/internal/execution/UnitOfWork;Lorg/gradle/internal/execution/steps/Context;)Lorg/gradle/internal/execution/steps/Result;+6
j  org.gradle.internal.execution.steps.RecordOutputsStep.execute(Lorg/gradle/internal/execution/UnitOfWork;Lorg/gradle/internal/execution/steps/Context;)Lorg/gradle/internal/execution/steps/AfterExecutionResult;+6
j  org.gradle.internal.execution.steps.RecordOutputsStep.execute(Lorg/gradle/internal/execution/UnitOfWork;Lorg/gradle/internal/execution/steps/Context;)Lorg/gradle/internal/execution/steps/Result;+3
j  org.gradle.internal.execution.steps.SkipUpToDateStep.executeBecause(Lorg/gradle/internal/execution/UnitOfWork;Lcom/google/common/collect/ImmutableList;Lorg/gradle/internal/execution/steps/IncrementalChangesContext;)Lorg/gradle/internal/execution/steps/UpToDateResult;+12
j  org.gradle.internal.execution.steps.SkipUpToDateStep.lambda$execute$2(Lorg/gradle/internal/execution/UnitOfWork;Lcom/google/common/collect/ImmutableList;Lorg/gradle/internal/execution/steps/IncrementalChangesContext;)Lorg/gradle/internal/execution/steps/UpToDateResult;+4
j  org.gradle.internal.execution.steps.SkipUpToDateStep$$Lambda$562+0x000001a9234d8000.get()Ljava/lang/Object;+16
J 33631 c1 org.gradle.internal.execution.steps.SkipUpToDateStep.execute(Lorg/gradle/internal/execution/UnitOfWork;Lorg/gradle/internal/execution/steps/IncrementalChangesContext;)Lorg/gradle/internal/execution/steps/UpToDateResult; (72 bytes) @ 0x000001a90e042aa4 [0x000001a90e042540+0x0000000000000564]
J 14216 c1 org.gradle.internal.execution.steps.SkipUpToDateStep.execute(Lorg/gradle/internal/execution/UnitOfWork;Lorg/gradle/internal/execution/steps/Context;)Lorg/gradle/internal/execution/steps/Result; (10 bytes) @ 0x000001a90b7951a4 [0x000001a90b795040+0x0000000000000164]
J 14024 c1 org.gradle.internal.execution.steps.ResolveChangesStep.execute(Lorg/gradle/internal/execution/UnitOfWork;Lorg/gradle/internal/execution/steps/CachingContext;)Lorg/gradle/internal/execution/steps/Result; (49 bytes) @ 0x000001a90ae63a04 [0x000001a90ae62120+0x00000000000018e4]
J 13706 c1 org.gradle.internal.execution.steps.ResolveChangesStep.execute(Lorg/gradle/internal/execution/UnitOfWork;Lorg/gradle/internal/execution/steps/Context;)Lorg/gradle/internal/execution/steps/Result; (10 bytes) @ 0x000001a90c463d34 [0x000001a90c463bc0+0x0000000000000174]
J 13714 c1 org.gradle.internal.execution.steps.legacy.MarkSnapshottingInputsFinishedStep.execute(Lorg/gradle/internal/execution/UnitOfWork;Lorg/gradle/internal/execution/steps/Context;)Lorg/gradle/internal/execution/steps/Result; (10 bytes) @ 0x000001a90c46e91c [0x000001a90c46e560+0x00000000000003bc]
J 14209 c1 org.gradle.internal.execution.steps.ResolveCachingStateStep.execute(Lorg/gradle/internal/execution/UnitOfWork;Lorg/gradle/internal/execution/steps/ValidationFinishedContext;)Lorg/gradle/internal/execution/steps/CachingResult; (124 bytes) @ 0x000001a90b1ec7b4 [0x000001a90b1ea840+0x0000000000001f74]
J 13705 c1 org.gradle.internal.execution.steps.ResolveCachingStateStep.execute(Lorg/gradle/internal/execution/UnitOfWork;Lorg/gradle/internal/execution/steps/Context;)Lorg/gradle/internal/execution/steps/Result; (10 bytes) @ 0x000001a90c463834 [0x000001a90c4636c0+0x0000000000000174]
J 13700 c1 org.gradle.internal.execution.steps.ValidateStep.execute(Lorg/gradle/internal/execution/UnitOfWork;Lorg/gradle/internal/execution/steps/BeforeExecutionContext;)Lorg/gradle/internal/execution/steps/Result; (197 bytes) @ 0x000001a90c45f27c [0x000001a90c45bea0+0x00000000000033dc]
J 14190 c1 org.gradle.internal.execution.steps.ValidateStep.execute(Lorg/gradle/internal/execution/UnitOfWork;Lorg/gradle/internal/execution/steps/Context;)Lorg/gradle/internal/execution/steps/Result; (10 bytes) @ 0x000001a90c2d1924 [0x000001a90c2d17c0+0x0000000000000164]
J 13983 c1 org.gradle.internal.execution.steps.CaptureStateBeforeExecutionStep.execute(Lorg/gradle/internal/execution/UnitOfWork;Lorg/gradle/internal/execution/steps/PreviousExecutionContext;)Lorg/gradle/internal/execution/steps/CachingResult; (46 bytes) @ 0x000001a90b49f3ac [0x000001a90b49e0e0+0x00000000000012cc]
J 13679 c1 org.gradle.internal.execution.steps.CaptureStateBeforeExecutionStep.execute(Lorg/gradle/internal/execution/UnitOfWork;Lorg/gradle/internal/execution/steps/Context;)Lorg/gradle/internal/execution/steps/Result; (10 bytes) @ 0x000001a90c4481b4 [0x000001a90c448040+0x0000000000000174]
J 14175 c1 org.gradle.internal.execution.steps.SkipEmptyWorkStep.execute(Lorg/gradle/internal/execution/UnitOfWork;Lorg/gradle/internal/execution/steps/PreviousExecutionContext;)Lorg/gradle/internal/execution/steps/CachingResult; (87 bytes) @ 0x000001a90ae03ac4 [0x000001a90ae02820+0x00000000000012a4]
J 13971 c1 org.gradle.internal.execution.steps.SkipEmptyWorkStep.execute(Lorg/gradle/internal/execution/UnitOfWork;Lorg/gradle/internal/execution/steps/Context;)Lorg/gradle/internal/execution/steps/Result; (10 bytes) @ 0x000001a90b64e9b4 [0x000001a90b64e840+0x0000000000000174]
J 14172 c1 org.gradle.internal.execution.steps.RemoveUntrackedExecutionStateStep.execute(Lorg/gradle/internal/execution/UnitOfWork;Lorg/gradle/internal/execution/steps/Context;)Lorg/gradle/internal/execution/steps/Result; (10 bytes) @ 0x000001a90b1dd044 [0x000001a90b1dce00+0x0000000000000244]
J 13671 c1 org.gradle.internal.execution.steps.legacy.MarkSnapshottingInputsStartedStep.execute(Lorg/gradle/internal/execution/UnitOfWork;Lorg/gradle/internal/execution/steps/Context;)Lorg/gradle/internal/execution/steps/Result; (37 bytes) @ 0x000001a90c445db4 [0x000001a90c445be0+0x00000000000001d4]
J 14171 c1 org.gradle.internal.execution.steps.LoadPreviousExecutionStateStep.execute(Lorg/gradle/internal/execution/UnitOfWork;Lorg/gradle/internal/execution/steps/WorkspaceContext;)Lorg/gradle/internal/execution/steps/Result; (48 bytes) @ 0x000001a90b589fd4 [0x000001a90b5894a0+0x0000000000000b34]
J 14174 c1 org.gradle.internal.execution.steps.LoadPreviousExecutionStateStep.execute(Lorg/gradle/internal/execution/UnitOfWork;Lorg/gradle/internal/execution/steps/Context;)Lorg/gradle/internal/execution/steps/Result; (10 bytes) @ 0x000001a90bc97aa4 [0x000001a90bc97940+0x0000000000000164]
J 13669 c1 org.gradle.internal.execution.steps.CleanupStaleOutputsStep.execute(Lorg/gradle/internal/execution/UnitOfWork;Lorg/gradle/internal/execution/steps/Context;)Lorg/gradle/internal/execution/steps/Result; (10 bytes) @ 0x000001a90c44517c [0x000001a90c444e00+0x000000000000037c]
J 13731 c2 org.gradle.cache.internal.LockOnDemandCrossProcessCacheAccess.withFileLock(Lorg/gradle/internal/Factory;)Ljava/lang/Object; (24 bytes) @ 0x000001a912f56970 [0x000001a912f55e80+0x0000000000000af0]
J 14099 c1 org.gradle.cache.internal.DefaultCacheFactory$ReferenceTrackingCache.withFileLock(Lorg/gradle/internal/Factory;)Ljava/lang/Object; (14 bytes) @ 0x000001a90b1ccd04 [0x000001a90b1cca60+0x00000000000002a4]
J 14097 c1 org.gradle.internal.execution.workspace.impl.DefaultImmutableWorkspaceProvider.withWorkspace(Ljava/lang/String;Lorg/gradle/internal/execution/workspace/WorkspaceProvider$WorkspaceAction;)Ljava/lang/Object; (18 bytes) @ 0x000001a90b0b285c [0x000001a90b0b2320+0x000000000000053c]
J 13968 c1 org.gradle.internal.execution.steps.AssignWorkspaceStep.execute(Lorg/gradle/internal/execution/UnitOfWork;Lorg/gradle/internal/execution/steps/IdentityContext;)Lorg/gradle/internal/execution/steps/Result; (32 bytes) @ 0x000001a90ad1cd6c [0x000001a90ad1c5e0+0x000000000000078c]
J 13967 c1 org.gradle.internal.execution.steps.AssignWorkspaceStep.execute(Lorg/gradle/internal/execution/UnitOfWork;Lorg/gradle/internal/execution/steps/Context;)Lorg/gradle/internal/execution/steps/Result; (10 bytes) @ 0x000001a90b5c6e34 [0x000001a90b5c6cc0+0x0000000000000174]
J 14108 c1 org.gradle.internal.execution.steps.IdentityCacheStep$$Lambda$1319+0x000001a923d2a098.get()Ljava/lang/Object; (16 bytes) @ 0x000001a90b625d6c [0x000001a90b625bc0+0x00000000000001ac]
J 10307 c1 org.gradle.cache.Cache$$Lambda$67+0x000001a9230eb4a0.apply(Ljava/lang/Object;)Ljava/lang/Object; (9 bytes) @ 0x000001a90b429efc [0x000001a90b429dc0+0x000000000000013c]
J 15031 c2 java.util.concurrent.ConcurrentHashMap.computeIfAbsent(Ljava/lang/Object;Ljava/util/function/Function;)Ljava/lang/Object; java.base@17.0.16 (576 bytes) @ 0x000001a913076b64 [0x000001a9130764c0+0x00000000000006a4]
J 13837 c1 org.gradle.cache.internal.DefaultCrossBuildInMemoryCacheFactory$CrossBuildCacheRetainingDataFromPreviousBuild.get(Ljava/lang/Object;Ljava/util/function/Function;)Ljava/lang/Object; (18 bytes) @ 0x000001a90c49356c [0x000001a90c493400+0x000000000000016c]
J 16465 c1 org.gradle.cache.Cache.get(Ljava/lang/Object;Ljava/util/function/Supplier;)Ljava/lang/Object; (14 bytes) @ 0x000001a90c809a34 [0x000001a90c809520+0x0000000000000514]
J 14143 c1 org.gradle.internal.execution.steps.IdentityCacheStep.lambda$executeDeferred$1(Lorg/gradle/cache/Cache;Lorg/gradle/internal/execution/UnitOfWork$Identity;Lorg/gradle/internal/execution/UnitOfWork;Lorg/gradle/internal/execution/steps/IdentityContext;)Lorg/gradle/internal/Try; (20 bytes) @ 0x000001a90b628274 [0x000001a90b627d20+0x0000000000000554]
J 13838 c1 org.gradle.internal.execution.steps.IdentityCacheStep$$Lambda$1311+0x000001a923d29348.get()Ljava/lang/Object; (24 bytes) @ 0x000001a90b20fd4c [0x000001a90b20fcc0+0x000000000000008c]
J 13551 c1 org.gradle.internal.Deferrable$3.completeAndGet()Ljava/lang/Object; (46 bytes) @ 0x000001a90c3f6c6c [0x000001a90c3f6ac0+0x00000000000001ac]
J 13532 c1 org.gradle.internal.Deferrable$1.completeAndGet()Ljava/lang/Object; (18 bytes) @ 0x000001a90c3f088c [0x000001a90c3f0780+0x000000000000010c]
J 13532 c1 org.gradle.internal.Deferrable$1.completeAndGet()Ljava/lang/Object; (18 bytes) @ 0x000001a90c3f088c [0x000001a90c3f0780+0x000000000000010c]
j  org.gradle.internal.Deferrable.lambda$flatMap$0(Ljava/util/function/Function;)Ljava/lang/Object;+2
j  org.gradle.internal.Deferrable$$Lambda$1318+0x000001a923d29e78.get()Ljava/lang/Object;+8
J 13551 c1 org.gradle.internal.Deferrable$3.completeAndGet()Ljava/lang/Object; (46 bytes) @ 0x000001a90c3f6c6c [0x000001a90c3f6ac0+0x00000000000001ac]
j  org.gradle.internal.Deferrable.lambda$flatMap$0(Ljava/util/function/Function;)Ljava/lang/Object;+2
j  org.gradle.internal.Deferrable$$Lambda$1318+0x000001a923d29e78.get()Ljava/lang/Object;+8
J 13551 c1 org.gradle.internal.Deferrable$3.completeAndGet()Ljava/lang/Object; (46 bytes) @ 0x000001a90c3f6c6c [0x000001a90c3f6ac0+0x00000000000001ac]
J 20186 c2 org.gradle.api.internal.artifacts.transform.TransformingAsyncArtifactListener$TransformedArtifact.finalizeValue()Lorg/gradle/internal/Try; (168 bytes) @ 0x000001a9133e9d6c [0x000001a9133e7ca0+0x00000000000020cc]
J 13947 c1 org.gradle.api.internal.artifacts.transform.TransformingAsyncArtifactListener$TransformedArtifact.run(Lorg/gradle/internal/operations/BuildOperationContext;)V (6 bytes) @ 0x000001a90b0b9f34 [0x000001a90b0b9ec0+0x0000000000000074]
J 16806 c1 org.gradle.internal.operations.DefaultBuildOperationExecutor$$Lambda$745+0x000001a9235e2ac8.execute(Lorg/gradle/internal/operations/BuildOperation;Lorg/gradle/internal/operations/BuildOperationContext;)V (11 bytes) @ 0x000001a90b80ea54 [0x000001a90b80e840+0x0000000000000214]
J 33879 c2 org.gradle.internal.operations.DefaultBuildOperationRunner.execute(Lorg/gradle/internal/operations/BuildOperation;Lorg/gradle/internal/operations/BuildOperationWorker;Lorg/gradle/internal/operations/BuildOperationState;)V (23 bytes) @ 0x000001a9135112f8 [0x000001a913510aa0+0x0000000000000858]
J 10750 c1 org.gradle.internal.operations.DefaultBuildOperationQueue$WorkerRunnable$$Lambda$749+0x000001a9235e3bf0.create()Ljava/lang/Object; (12 bytes) @ 0x000001a90bea9884 [0x000001a90bea95a0+0x00000000000002e4]
J 13257 c1 org.gradle.internal.resources.AbstractResourceLockRegistry.whileDisallowingLockChanges(Lorg/gradle/internal/Factory;)Ljava/lang/Object; (44 bytes) @ 0x000001a90c35a1ec [0x000001a90c35a060+0x000000000000018c]
J 13256 c1 org.gradle.internal.operations.DefaultBuildOperationQueue$WorkerRunnable.lambda$runBatch$1(Lorg/gradle/internal/operations/BuildOperation;)Ljava/lang/Integer; (42 bytes) @ 0x000001a90c3592b4 [0x000001a90c3587e0+0x0000000000000ad4]
J 10747 c1 org.gradle.internal.operations.DefaultBuildOperationQueue$WorkerRunnable$$Lambda$746+0x000001a9235e3590.create()Ljava/lang/Object; (12 bytes) @ 0x000001a90bea88c4 [0x000001a90bea8840+0x0000000000000084]
J 14163 c1 org.gradle.internal.work.DefaultWorkerLeaseService.withLocks(Ljava/util/Collection;Lorg/gradle/internal/Factory;)Ljava/lang/Object; (53 bytes) @ 0x000001a90b23c0a4 [0x000001a90b23bc40+0x0000000000000464]
J 13489 c1 org.gradle.internal.work.DefaultWorkerLeaseService.runAsWorkerThread(Lorg/gradle/internal/Factory;)Ljava/lang/Object; (37 bytes) @ 0x000001a90c3d3a74 [0x000001a90c3d34e0+0x0000000000000594]
J 16382 c1 org.gradle.internal.operations.DefaultBuildOperationQueue$WorkerRunnable.run()V (48 bytes) @ 0x000001a90c7d382c [0x000001a90c7d3340+0x00000000000004ec]
J 28316 c2 org.gradle.internal.concurrent.ManagedExecutorImpl$1.run()V (57 bytes) @ 0x000001a9134cdba8 [0x000001a9134cd880+0x0000000000000328]
J 15102 c1 java.util.concurrent.ThreadPoolExecutor.runWorker(Ljava/util/concurrent/ThreadPoolExecutor$Worker;)V java.base@17.0.16 (187 bytes) @ 0x000001a90c53dc74 [0x000001a90c53d3a0+0x00000000000008d4]
J 17108 c1 java.util.concurrent.ThreadPoolExecutor$Worker.run()V java.base@17.0.16 (9 bytes) @ 0x000001a90c47a4bc [0x000001a90c47a440+0x000000000000007c]
J 17104 c1 java.lang.Thread.run()V java.base@17.0.16 (17 bytes) @ 0x000001a90b6bb8fc [0x000001a90b6bb7c0+0x000000000000013c]
v  ~StubRoutines::call_stub
--------------------------------------------------------------------------------
Decoding CodeBlob, name: _new_array_nozero_Java, at  [0x000001a9122e3500, 0x000001a9122e3568]  104 bytes
[MachCode]
  0x000001a9122e3500: 4881 ec28 | 0000 0048 | 896c 2420 | 4989 a798 | 0200 0048 | 8bca 418b | d04d 8bc7 | 49ba 90b4 
  0x000001a9122e3520: 1bd0 f97f | 0000 41ff | d24d 89a7 | 9802 0000 | 4d89 a7a0 | 0200 0049 | 8b87 f002 | 0000 4d89 
  0x000001a9122e3540: a7f0 0200 | 004d 3b67 | 0875 0648 | 83c4 205d | c333 db49 | ba00 0f1e | 12a9 0100 | 0048 83c4 
  0x000001a9122e3560: 205d 41ff | e2f4 f4f4 
[/MachCode]
--------------------------------------------------------------------------------


Compiled method (c2) 1795678 34071       4       kotlin.io.ByteStreamsKt::copyTo (60 bytes)
 total in heap  [0x000001a913e82490,0x000001a913e867d8] = 17224
 relocation     [0x000001a913e825f0,0x000001a913e82748] = 344
 main code      [0x000001a913e82760,0x000001a913e84fa0] = 10304
 stub code      [0x000001a913e84fa0,0x000001a913e85050] = 176
 oops           [0x000001a913e85050,0x000001a913e85068] = 24
 metadata       [0x000001a913e85068,0x000001a913e85190] = 296
 scopes data    [0x000001a913e85190,0x000001a913e85f78] = 3560
 scopes pcs     [0x000001a913e85f78,0x000001a913e86548] = 1488
 dependencies   [0x000001a913e86548,0x000001a913e86580] = 56
 handler table  [0x000001a913e86580,0x000001a913e86760] = 480
 nul chk table  [0x000001a913e86760,0x000001a913e867d8] = 120

[Constant Pool (empty)]

[MachCode]
[Verified Entry Point]
  # {method} {0x000001a94ce2c4a0} 'copyTo' '(Ljava/io/InputStream;Ljava/io/OutputStream;I)J' in 'kotlin/io/ByteStreamsKt'
  # parm0:    rdx:rdx   = 'java/io/InputStream'
  # parm1:    r8:r8     = 'java/io/OutputStream'
  # parm2:    r9        = int
  #           [sp+0xf0]  (sp of caller)
  0x000001a913e82760: 8984 2400 | 90ff ff55 | 4881 ece0 | 0000 0048 | 8954 2438 

  0x000001a913e82774: ; implicit exception: dispatches to 0x000001a913e84da4
  0x000001a913e82774: 448b 5a08 | 4489 5c24 | 204c 8944 | 2440 458b | 5008 4489 | 5424 2441 | 81f9 0000 | 1000 0f87 
  0x000001a913e82794: 3c1e 0000 | 4963 c941 | 81f9 0000 | 1000 0f87 | ba16 0000 | 4d8b 8708 | 0100 0048 | 83c1 174c 
  0x000001a913e827b4: 8bd1 4983 | e2f8 4d8b | d84d 03da | 4d3b 9f18 | 0100 000f | 8395 1600 | 004d 899f | 0801 0000 
  0x000001a913e827d4: 498b f848 | 83c7 1049 | c700 0100 | 0000 410f | 0d8b c000 

  0x000001a913e827e8: ;   {metadata({type array byte})}
  0x000001a913e827e8: 0000 41c7 | 4008 3867 | 0000 4589 | 480c 410f | 0d8b 0001 | 0000 410f | 0d8b 4001 | 0000 410f 
  0x000001a913e82808: 0d8b 8001 | 0000 48c1 | e903 4883 | c1fe 4833 | c048 83f9 | 087f 1048 | ffc9 7857 | 4889 04cf 
  0x000001a913e82828: 48ff c97d | f7eb 4cc5 | fdef c0e9 | 0d00 0000 | c5fe 7f07 | c5fe 7f47 | 2048 83c7 | 4048 83e9 
  0x000001a913e82848: 087d ed48 | 83c1 047c | 0cc5 fe7f | 0748 83c7 | 2048 83e9 | 0448 83c1 | 047e 18b8 | 0100 0000 
  0x000001a913e82868: c4e2 71f7 | c048 83e8 | 01c5 f892 | f862 f1fe | 2f7f 074c | 8944 2450 | 4d8b d049 | 83c2 104c 
  0x000001a913e82888: 8954 2428 | 4489 4c24 | 5c44 8b54 

  0x000001a913e82894: ;   {metadata('java/util/zip/ZipInputStream')}
  0x000001a913e82894: 2420 4181 | fac8 c8e9 | 010f 851d | 1000 0048 | 8b5c 2438 | 0fb6 6b17 | 85ed 0f85 | 881f 0000 
  0x000001a913e828b4: 4585 c90f | 84a3 1f00 | 0044 8b5b | 3845 85db | 0f84 df0f | 0000 418b | 6b0c 83fd | 080f 858d 
  0x000001a913e828d4: 1000 000f | b66b 1485 | ed0f 85a1 | 1f00 0045 | 33d2 41b8 | 0100 0000 | 448b 5b18 | 4585 db0f 
  0x000001a913e828f4: 84ab 1c00 | 0048 895c | 2460 4489 | 4424 484c | 8954 2430 | 498b d34c | 8b44 2450 | 4533 c98b 
  0x000001a913e82914: 7c24 5c49 | 8be8 6690 

  0x000001a913e8291c: ;   {optimized virtual_call}
  0x000001a913e8291c: c5f8 77e8 

  0x000001a913e82920: ; ImmutableOopMap {rbp=Oop [40]=Derived_oop_rbp [56]=Oop [64]=Oop [80]=Oop [96]=Oop }
                      ;*invokevirtual inflate {reexecute=0 rethrow=0 return_oop=0}
                      ; - java.util.zip.InflaterInputStream::read@53 (line 152)
                      ; - java.util.zip.ZipInputStream::read@80 (line 196)
                      ; - java.io.FilterInputStream::read@5 (line 106)
                      ; - kotlin.io.ByteStreamsKt::copyTo@22 (line 106)
  0x000001a913e82920: 5c6e 9ffe | 8bd8 85c0 | 0f85 6a04 | 0000 488b | 7424 6044 | 8b56 1845 | 8b5a 3045 | 85db 0f84 
  0x000001a913e82940: ac1c 0000 | 4d8b cb48 | 8d9c 24d0 | 0000 0049 | 8b01 48f7 | c002 0000 | 0075 2448 | 83c8 0148 
  0x000001a913e82960: 8903 f049 | 0fb1 190f | 843e 0000 | 0048 2bc4 | 4881 e007 | f0ff ff48 | 8903 e92c | 0000 004c 
  0x000001a913e82980: 8bc0 4833 | c0f0 4d0f | b178 3e48 | c703 0300 | 0000 0f84 | 1300 0000 | 4c3b f80f | 850a 0000 
  0x000001a913e829a0: 0049 ff80 | 8600 0000 | 4833 c00f | 856f 1c00 | 0041 0fb6 | 5a2c 488d | 8424 d000 | 0000 4881 
  0x000001a913e829c0: 3800 0000 | 000f 8483 | 0000 004d | 8b11 49f7 | c202 0000 | 0074 6f49 | 81ba 8600 | 0000 0000 
  0x000001a913e829e0: 0000 7409 | 49ff 8a86 | 0000 00eb | 5149 8b82 | 9600 0000 | 490b 828e | 0000 0075 | 0a49 c742 
  0x000001a913e82a00: 3e00 0000 | 00eb 4749 | 81ba 9e00 | 0000 0000 | 0000 7425 | 4833 c049 | c742 3e00 | 0000 00f0 
  0x000001a913e82a20: 8304 2400 | 4981 ba9e | 0000 0000 | 0000 0075 | 0df0 4d0f | b17a 3e75 | 0583 c801 | eb10 f7c0 
  0x000001a913e82a40: 0000 0000 | eb08 4c8b | 10f0 4d0f | b111 0f85 | 001c 0000 | 85db 0f85 | ac03 0000 | 448b 5e18 
  0x000001a913e82a60: ; implicit exception: dispatches to 0x000001a913e84d10
  0x000001a913e82a60: 458b 4330 | 4585 c00f | 840a 1c00 | 004d 8bc8 | 488d 9c24 | d000 0000 | 498b 0148 | f7c0 0200 
  0x000001a913e82a80: 0000 7524 | 4883 c801 | 4889 03f0 | 490f b119 | 0f84 3e00 | 0000 482b | c448 81e0 | 07f0 ffff 
  0x000001a913e82aa0: 4889 03e9 | 2c00 0000 | 4c8b c048 | 33c0 f04d | 0fb1 783e | 48c7 0303 | 0000 000f | 8413 0000 
  0x000001a913e82ac0: 004c 3bf8 | 0f85 0a00 | 0000 49ff | 8086 0000 | 0048 33c0 | 0f85 8d1c | 0000 410f | b66b 2d48 
  0x000001a913e82ae0: 8d84 24d0 | 0000 0048 | 8138 0000 | 0000 0f84 | 8300 0000 | 4d8b 1149 | f7c2 0200 | 0000 746f 
  0x000001a913e82b00: 4981 ba86 | 0000 0000 | 0000 0074 | 0949 ff8a | 8600 0000 | eb51 498b | 8296 0000 | 0049 0b82 
  0x000001a913e82b20: 8e00 0000 | 750a 49c7 | 423e 0000 | 0000 eb47 | 4981 ba9e | 0000 0000 | 0000 0074 | 2548 33c0 
  0x000001a913e82b40: 49c7 423e | 0000 0000 | f083 0424 | 0049 81ba | 9e00 0000 | 0000 0000 | 750d f04d | 0fb1 7a3e 
  0x000001a913e82b60: 7505 83c8 | 01eb 10f7 | c000 0000 | 00eb 084c | 8b10 f04d | 0fb1 110f | 85c7 1b00 | 0085 ed0f 
  0x000001a913e82b80: 853b 1e00 | 0044 8b5e | 1845 8b4b | 3045 85c9 | 0f84 121b | 0000 498b | c948 8d9c | 24d0 0000 
  0x000001a913e82ba0: 0048 8b01 | 48f7 c002 | 0000 0075 | 2448 83c8 | 0148 8903 | f048 0fb1 | 190f 843e | 0000 0048 
  0x000001a913e82bc0: 2bc4 4881 | e007 f0ff | ff48 8903 | e92c 0000 | 004c 8bc0 | 4833 c0f0 | 4d0f b178 | 3e48 c703 
  0x000001a913e82be0: 0300 0000 | 0f84 1300 | 0000 4c3b | f80f 850a | 0000 0049 | ff80 8600 | 0000 4833 | c00f 859d 
  0x000001a913e82c00: 1b00 0045 | 8b53 3445 | 85d2 7554 | 458b 530c | 418b 6b20 | 413b ea74 | 58ba 45ff | ffff 4c8b 
  0x000001a913e82c20: 5c24 404c | 895c 2420 | 4c8b 5c24 | 504c 895c | 2430 4c89 | 5c24 3844 | 8b5c 245c | 4489 5c24 
  0x000001a913e82c40: 4048 8974 | 2450 4889 | 7424 5844 | 8954 2460 | 4489 4c24 | 6466 6690 

  0x000001a913e82c58: ;   {runtime_call UncommonTrapBlob}
  0x000001a913e82c58: c5f8 77e8 

  0x000001a913e82c5c: ; ImmutableOopMap {[32]=Oop [48]=Oop [56]=Oop [80]=Oop [88]=Oop [100]=NarrowOop }
                      ;*if_icmpne {reexecute=1 rethrow=0 return_oop=0}
                      ; - (reexecute) java.util.zip.Inflater::needsInput@24 (line 303)
                      ; - java.util.zip.InflaterInputStream::read@93 (line 157)
                      ; - java.util.zip.ZipInputStream::read@80 (line 196)
                      ; - java.io.FilterInputStream::read@5 (line 106)
                      ; - kotlin.io.ByteStreamsKt::copyTo@22 (line 106)
  0x000001a913e82c5c: a074 3bfe | 458b 421c | 418b 7a18 | 413b f80f | 8c43 1c00 | 0048 8d84 | 24d0 0000 | 0048 8138 
  0x000001a913e82c7c: 0000 0000 | 0f84 8300 | 0000 4c8b | 1149 f7c2 | 0200 0000 | 746f 4981 | ba86 0000 | 0000 0000 
  0x000001a913e82c9c: 0074 0949 | ff8a 8600 | 0000 eb51 | 498b 8296 | 0000 0049 | 0b82 8e00 | 0000 750a | 49c7 423e 
  0x000001a913e82cbc: 0000 0000 | eb47 4981 | ba9e 0000 | 0000 0000 | 0074 2548 | 33c0 49c7 | 423e 0000 | 0000 f083 
  0x000001a913e82cdc: 0424 0049 | 81ba 9e00 | 0000 0000 | 0000 750d | f04d 0fb1 | 7a3e 7505 | 83c8 01eb | 10f7 c000 
  0x000001a913e82cfc: 0000 00eb | 084c 8b10 | f04c 0fb1 | 110f 85d6 | 1a00 000f | b66e 1485 | ed0f 85e1 | 1c00 0044 
  0x000001a913e82d1c: 8b56 0c44 | 8b46 1c41 | 8b78 0c48 | 8974 2460 | 498b d245 | 33c9 488b | ee90 c5f8 | 7748 b858 
  0x000001a913e82d3c: d3e9 23a9 

  0x000001a913e82d40: ;   {virtual_call}
  0x000001a913e82d40: 0100 00e8 

  0x000001a913e82d44: ; ImmutableOopMap {rbp=Oop [40]=Derived_oop_[80] [56]=Oop [64]=Oop [80]=Oop [96]=Oop }
                      ;*invokevirtual read {reexecute=0 rethrow=0 return_oop=0}
                      ; - java.util.zip.InflaterInputStream::fill@19 (line 242)
                      ; - java.util.zip.InflaterInputStream::read@100 (line 158)
                      ; - java.util.zip.ZipInputStream::read@80 (line 196)
                      ; - java.io.FilterInputStream::read@5 (line 106)
                      ; - kotlin.io.ByteStreamsKt::copyTo@22 (line 106)
  0x000001a913e82d44: d883 59ff | 4c8b c541 | 8940 1083 | f8ff 0f84 | 8019 0000 | 458b 5818 | 418b 681c | 4585 db0f 
  0x000001a913e82d64: 849b 1900 | 0049 8bd3 | 4c8b c545 | 33c9 8bf8 | 488b 6c24 | 5066 6690 

  0x000001a913e82d7c: ;   {optimized virtual_call}
  0x000001a913e82d7c: c5f8 77e8 

  0x000001a913e82d80: ; ImmutableOopMap {rbp=Oop [40]=Derived_oop_rbp [56]=Oop [64]=Oop [80]=Oop [96]=Oop }
                      ;*invokevirtual setInput {reexecute=0 rethrow=0 return_oop=0}
                      ; - java.util.zip.InflaterInputStream::fill@56 (line 246)
                      ; - java.util.zip.InflaterInputStream::read@100 (line 158)
                      ; - java.util.zip.ZipInputStream::read@80 (line 196)
                      ; - java.io.FilterInputStream::read@5 (line 106)
                      ; - kotlin.io.ByteStreamsKt::copyTo@22 (line 106)
  0x000001a913e82d80: bc56 59ff | 4c8b 5424 | 3044 8b44 | 2448 488b | 5c24 60e9 | 54fb ffff | 83f8 ff74 | 604c 8b44 
  0x000001a913e82da0: 2460 418b | 703c 8b4e | 0c85 c00f | 8c53 1b00 | 008b 6c24 | 5c2b e885 | ed0f 8c6d | 1b00 0085 
  0x000001a913e82dc0: c07e 1b44 | 8b54 245c | 4585 d20f | 8e87 1b00 | 008b e8ff | cd41 3bea | 0f83 ae1b | 0000 488b 
  0x000001a913e82de0: 5424 2844 | 8bc0 c5f8 | 7749 ba80 | 141e 12a9 | 0100 0041 | ffd2 8946 | 0c8b c3eb | 3f48 8b6c 
  0x000001a913e82e00: 2460 448b | 5d38 eb0b | c646 1501 | 448b 5e38 | 488b ee4d | 8bc3 488b | d566 6690 

  0x000001a913e82e1c: ;   {optimized virtual_call}
  0x000001a913e82e1c: c5f8 77e8 

  0x000001a913e82e20: ; ImmutableOopMap {rbp=Oop [40]=Derived_oop_[80] [56]=Oop [64]=Oop [80]=Oop }
                      ;*invokevirtual readEnd {reexecute=0 rethrow=0 return_oop=0}
                      ; - java.util.zip.ZipInputStream::read@94 (line 198)
                      ; - java.io.FilterInputStream::read@5 (line 106)
                      ; - kotlin.io.ByteStreamsKt::copyTo@22 (line 106)
  0x000001a913e82e20: 3cf8 a8ff | 4180 7f38 | 000f 850b | 0f00 00c6 | 4534 0144 | 8965 38b8 | ffff ffff | 8b6c 2448 
  0x000001a913e82e40: 85c0 0f8c | 8609 0000 | 448b 5c24 | 5c45 85db | 0f84 8617 | 0000 8944 | 246c 4533 | ede9 7506 
  0x000001a913e82e60: 0000 49bb | ffff ffff | ffff ffff | c442 a8f5 | dbc4 c1fb | 92fb 62f1 | 7faf 6f01 | 62f1 7f2f 
  0x000001a913e82e80: 7f02 4c8b | 5424 6041 | 015a 0c48 | 8d84 24d0 | 0000 004c | 8b5c 2460 | 4881 3800 | 0000 000f 
  0x000001a913e82ea0: 8483 0000 | 004d 8b13 | 49f7 c202 | 0000 0074 | 6f49 81ba | 8600 0000 | 0000 0000 | 7409 49ff 
  0x000001a913e82ec0: 8a86 0000 | 00eb 5149 | 8b82 9600 | 0000 490b | 828e 0000 | 0075 0a49 | c742 3e00 | 0000 00eb 
  0x000001a913e82ee0: 4749 81ba | 9e00 0000 | 0000 0000 | 7425 4833 | c049 c742 | 3e00 0000 | 00f0 8304 | 2400 4981 
  0x000001a913e82f00: ba9e 0000 | 0000 0000 | 0075 0df0 | 4d0f b17a | 3e75 0583 | c801 eb10 | f7c0 0000 | 0000 eb08 
  0x000001a913e82f20: 4c8b 10f0 | 4d0f b113 | 0f85 c210 | 0000 4c03 | 6c24 4844 | 8b5c 2420 

  0x000001a913e82f38: ;   {metadata('java/util/zip/ZipInputStream')}
  0x000001a913e82f38: 4181 fbc8 | c8e9 010f | 85a7 0800 | 0048 8b5c | 2438 440f | b65b 1745 | 85db 0f85 | bc13 0000 
  0x000001a913e82f58: 448b 5338 | 4585 d20f | 845a 0800 | 0045 8b52 | 0c41 83fa | 080f 8503 | 0900 0044 | 0fb6 5b14 
  0x000001a913e82f78: 4585 db0f | 85bb 1300 | 0044 8b53 | 1845 85d2 | 0f84 330f | 0000 4889 | 5c24 684c | 896c 2460 
  0x000001a913e82f98: 896c 2448 | 498b d24c | 8b44 2450 | 4533 c98b | 7c24 5c90 

  0x000001a913e82fac: ;   {optimized virtual_call}
  0x000001a913e82fac: c5f8 77e8 

  0x000001a913e82fb0: ; ImmutableOopMap {[40]=Derived_oop_[80] [56]=Oop [64]=Oop [80]=Oop [104]=Oop }
                      ;*invokevirtual inflate {reexecute=0 rethrow=0 return_oop=0}
                      ; - java.util.zip.InflaterInputStream::read@53 (line 152)
                      ; - java.util.zip.ZipInputStream::read@80 (line 196)
                      ; - java.io.FilterInputStream::read@5 (line 106)
                      ; - kotlin.io.ByteStreamsKt::copyTo@50 (line 110)
  0x000001a913e82fb0: cc67 9ffe | 8bf8 85c0 | 0f85 5504 | 0000 488b | 6c24 6844 | 8b45 1845 | 8b58 3045 | 85db 0f84 
  0x000001a913e82fd0: 7410 0000 | 4d8b cb48 | 8d9c 24d0 | 0000 0049 | 8b01 48f7 | c002 0000 | 0075 2448 | 83c8 0148 
  0x000001a913e82ff0: 8903 f049 | 0fb1 190f | 843e 0000 | 0048 2bc4 | 4881 e007 | f0ff ff48 | 8903 e92c | 0000 004c 
  0x000001a913e83010: 8bd0 4833 | c0f0 4d0f | b17a 3e48 | c703 0300 | 0000 0f84 | 1300 0000 | 4c3b f80f | 850a 0000 
  0x000001a913e83030: 0049 ff82 | 8600 0000 | 4833 c00f | 8552 1000 | 0041 0fb6 | 582c 488d | 8424 d000 | 0000 4881 
  0x000001a913e83050: 3800 0000 | 000f 8483 | 0000 004d | 8b11 49f7 | c202 0000 | 0074 6f49 | 81ba 8600 | 0000 0000 
  0x000001a913e83070: 0000 7409 | 49ff 8a86 | 0000 00eb | 5149 8b82 | 9600 0000 | 490b 828e | 0000 0075 | 0a49 c742 
  0x000001a913e83090: 3e00 0000 | 00eb 4749 | 81ba 9e00 | 0000 0000 | 0000 7425 | 4833 c049 | c742 3e00 | 0000 00f0 
  0x000001a913e830b0: 8304 2400 | 4981 ba9e | 0000 0000 | 0000 0075 | 0df0 4d0f | b17a 3e75 | 0583 c801 | eb10 f7c0 
  0x000001a913e830d0: 0000 0000 | eb08 4c8b | 10f0 4d0f | b111 0f85 | 8c0f 0000 | 85db 0f85 | 9e03 0000 | 448b 4d18 
  0x000001a913e830f0: ; implicit exception: dispatches to 0x000001a913e84c48
  0x000001a913e830f0: 458b 5930 | 4585 db0f | 8483 1000 | 004d 8bc3 | 488d 9c24 | d000 0000 | 498b 0048 | f7c0 0200 
  0x000001a913e83110: 0000 7524 | 4883 c801 | 4889 03f0 | 490f b118 | 0f84 3e00 | 0000 482b | c448 81e0 | 07f0 ffff 
  0x000001a913e83130: 4889 03e9 | 2c00 0000 | 4c8b d848 | 33c0 f04d | 0fb1 7b3e | 48c7 0303 | 0000 000f | 8413 0000 
  0x000001a913e83150: 004c 3bf8 | 0f85 0a00 | 0000 49ff | 8386 0000 | 0048 33c0 | 0f85 d510 | 0000 410f | b679 2d48 
  0x000001a913e83170: 8d84 24d0 | 0000 0048 | 8138 0000 | 0000 0f84 | 8300 0000 | 4d8b 1049 | f7c2 0200 | 0000 746f 
  0x000001a913e83190: 4981 ba86 | 0000 0000 | 0000 0074 | 0949 ff8a | 8600 0000 | eb51 498b | 8296 0000 | 0049 0b82 
  0x000001a913e831b0: 8e00 0000 | 750a 49c7 | 423e 0000 | 0000 eb47 | 4981 ba9e | 0000 0000 | 0000 0074 | 2548 33c0 
  0x000001a913e831d0: 49c7 423e | 0000 0000 | f083 0424 | 0049 81ba | 9e00 0000 | 0000 0000 | 750d f04d | 0fb1 7a3e 
  0x000001a913e831f0: 7505 83c8 | 01eb 10f7 | c000 0000 | 00eb 084c | 8b10 f04d | 0fb1 100f | 850f 1000 | 0085 ff0f 
  0x000001a913e83210: 851f 1300 | 0044 8b45 | 1845 8b48 | 3045 85c9 | 0f84 820f | 0000 498b | c948 8d9c | 24d0 0000 
  0x000001a913e83230: 0048 8b01 | 48f7 c002 | 0000 0075 | 2448 83c8 | 0148 8903 | f048 0fb1 | 190f 843e | 0000 0048 
  0x000001a913e83250: 2bc4 4881 | e007 f0ff | ff48 8903 | e92c 0000 | 004c 8bd8 | 4833 c0f0 | 4d0f b17b | 3e48 c703 
  0x000001a913e83270: 0300 0000 | 0f84 1300 | 0000 4c3b | f80f 850a | 0000 0049 | ff83 8600 | 0000 4833 | c00f 85e5 
  0x000001a913e83290: 0f00 0045 | 8b58 3445 | 85db 7548 | 458b 5020 | 458b 580c | 453b d374 | 4cba 45ff | ffff 4c8b 
  0x000001a913e832b0: 4424 404c | 8944 2420 | 4c8b 4424 | 604c 8944 | 2428 448b | 4424 5c44 | 8944 2458 | 4489 5424 
  0x000001a913e832d0: 6044 895c | 2464 4489 | 4c24 6890 

  0x000001a913e832dc: ;   {runtime_call UncommonTrapBlob}
  0x000001a913e832dc: c5f8 77e8 

  0x000001a913e832e0: ; ImmutableOopMap {rbp=Oop [32]=Oop [80]=Oop [104]=NarrowOop }
                      ;*if_icmpne {reexecute=1 rethrow=0 return_oop=0}
                      ; - (reexecute) java.util.zip.Inflater::needsInput@24 (line 303)
                      ; - java.util.zip.InflaterInputStream::read@93 (line 157)
                      ; - java.util.zip.ZipInputStream::read@80 (line 196)
                      ; - java.io.FilterInputStream::read@5 (line 106)
                      ; - kotlin.io.ByteStreamsKt::copyTo@50 (line 110)
  0x000001a913e832e0: 1c6e 3bfe | 418b 5b1c | 458b 5b18 | 443b db0f | 8c7f 1000 | 0048 8d84 | 24d0 0000 | 0048 8138 
  0x000001a913e83300: 0000 0000 | 0f84 8300 | 0000 4c8b | 1149 f7c2 | 0200 0000 | 746f 4981 | ba86 0000 | 0000 0000 
  0x000001a913e83320: 0074 0949 | ff8a 8600 | 0000 eb51 | 498b 8296 | 0000 0049 | 0b82 8e00 | 0000 750a | 49c7 423e 
  0x000001a913e83340: 0000 0000 | eb47 4981 | ba9e 0000 | 0000 0000 | 0074 2548 | 33c0 49c7 | 423e 0000 | 0000 f083 
  0x000001a913e83360: 0424 0049 | 81ba 9e00 | 0000 0000 | 0000 750d | f04d 0fb1 | 7a3e 7505 | 83c8 01eb | 10f7 c000 
  0x000001a913e83380: 0000 00eb | 084c 8b10 | f04c 0fb1 | 110f 852a | 0f00 0044 | 0fb6 5514 | 4585 d20f | 85bb 1100 
  0x000001a913e833a0: 0044 8b5d | 0c44 8b55 | 1c41 8b7a | 0c48 896c | 2468 4d8b | c249 8bd3 | 4533 c966 | 6690 c5f8 
  0x000001a913e833c0: 7748 b858 | d3e9 23a9 

  0x000001a913e833c8: ;   {virtual_call}
  0x000001a913e833c8: 0100 00e8 

  0x000001a913e833cc: ; ImmutableOopMap {rbp=Oop [40]=Derived_oop_[80] [56]=Oop [64]=Oop [80]=Oop [104]=Oop }
                      ;*invokevirtual read {reexecute=0 rethrow=0 return_oop=0}
                      ; - java.util.zip.InflaterInputStream::fill@19 (line 242)
                      ; - java.util.zip.InflaterInputStream::read@100 (line 158)
                      ; - java.util.zip.ZipInputStream::read@80 (line 196)
                      ; - java.io.FilterInputStream::read@5 (line 106)
                      ; - kotlin.io.ByteStreamsKt::copyTo@50 (line 110)
  0x000001a913e833cc: 507d 59ff | 8945 1083 | f8ff 0f84 | f40d 0000 | 448b 4d18 | 448b 551c | 4585 c90f | 84fb 0d00 
  0x000001a913e833ec: 004d 8bc2 | 498b d145 | 33c9 8bf8 

  0x000001a913e833f8: ;   {optimized virtual_call}
  0x000001a913e833f8: c5f8 77e8 

  0x000001a913e833fc: ; ImmutableOopMap {[40]=Derived_oop_[80] [56]=Oop [64]=Oop [80]=Oop [104]=Oop }
                      ;*invokevirtual setInput {reexecute=0 rethrow=0 return_oop=0}
                      ; - java.util.zip.InflaterInputStream::fill@56 (line 246)
                      ; - java.util.zip.InflaterInputStream::read@100 (line 158)
                      ; - java.util.zip.ZipInputStream::read@80 (line 196)
                      ; - java.io.FilterInputStream::read@5 (line 106)
                      ; - kotlin.io.ByteStreamsKt::copyTo@50 (line 110)
  0x000001a913e833fc: 4050 59ff | 8b6c 2448 | 4c8b 6c24 | 6048 8b5c | 2468 e96e | fbff ff83 | f8ff 7467 | 4c8b 5c24 
  0x000001a913e8341c: 6841 8b5b | 3c8b 4b0c | 85c0 0f8c | 8c0f 0000 | 448b 5424 | 5c44 2bd0 | 4585 d20f | 8ca3 0f00 
  0x000001a913e8343c: 0085 c07e | 1f44 8b54 | 245c 4585 | d20f 8eb9 | 0f00 0044 | 8bd0 41ff | ca44 3b54 | 245c 0f83 
  0x000001a913e8345c: d40f 0000 | 488b 5424 | 2844 8bc0 | c5f8 7749 | ba80 141e | 12a9 0100 | 0041 ffd2 | 8943 0c8b 
  0x000001a913e8347c: c7eb 3948 | 8b6c 2468 | 448b 5538 | eb08 c645 | 1501 448b | 5538 4d8b | c248 8bd5 

  0x000001a913e83498: ;   {optimized virtual_call}
  0x000001a913e83498: c5f8 77e8 

  0x000001a913e8349c: ; ImmutableOopMap {rbp=Oop [40]=Derived_oop_[80] [56]=Oop [64]=Oop [80]=Oop }
                      ;*invokevirtual readEnd {reexecute=0 rethrow=0 return_oop=0}
                      ; - java.util.zip.ZipInputStream::read@94 (line 198)
                      ; - java.io.FilterInputStream::read@5 (line 106)
                      ; - kotlin.io.ByteStreamsKt::copyTo@50 (line 110)
  0x000001a913e8349c: c0f1 a8ff | 4180 7f38 | 000f 85f4 | 0600 00c6 | 4534 0144 | 8965 38b8 | ffff ffff | 8b6c 2448 
  0x000001a913e834bc: 4c8b 6c24 | 604d 8b97 

  0x000001a913e834c4: ; ImmutableOopMap {[40]=Derived_oop_[80] [56]=Oop [64]=Oop [80]=Oop }
                      ;*goto {reexecute=1 rethrow=0 return_oop=0}
                      ; - (reexecute) kotlin.io.ByteStreamsKt::copyTo@55 (line 110)
  0x000001a913e834c4: 5003 0000 

  0x000001a913e834c8: ;   {poll}
  0x000001a913e834c8: 4185 0285 | c00f 8cf6 | 0200 0089 | 4424 6c4c | 6354 246c | 4c89 5424 | 4844 8b54 

  0x000001a913e834e4: ;   {metadata('java/io/ByteArrayOutputStream')}
  0x000001a913e834e4: 2424 4181 | faf0 1a19 | 000f 8533 | 0300 004c | 8b54 2440 | 4c89 5424 | 6048 8d9c | 24d0 0000 
  0x000001a913e83504: 004c 8b44 | 2460 498b | 0048 f7c0 | 0200 0000 | 7524 4883 | c801 4889 | 03f0 490f | b118 0f84 
  0x000001a913e83524: 3e00 0000 | 482b c448 | 81e0 07f0 | ffff 4889 | 03e9 2c00 | 0000 4c8b | d048 33c0 | f04d 0fb1 
  0x000001a913e83544: 7a3e 48c7 | 0303 0000 | 000f 8413 | 0000 004c | 3bf8 0f85 | 0a00 0000 | 49ff 8286 | 0000 0048 
  0x000001a913e83564: 33c0 0f85 | 7c09 0000 | 448b 5424 | 5c44 0b54 | 246c 4585 | d20f 8cee | 0700 008b | 5c24 6c3b 
  0x000001a913e83584: 5c24 5c0f | 8f50 0d00 | 004c 8b54 | 2460 458b | 5a10 4489 | 9c24 8c00 | 0000 458b | 530c 4c8b 
  0x000001a913e835a4: 5c24 6045 | 8b5b 0c44 | 8b44 246c | 4503 c345 | 2bc2 4585 | c00f 8e7f | 0100 0045 | 3bc2 418b 
  0x000001a913e835c4: c841 0f4c | ca44 8bc9 | 4503 ca45 | 8bd9 41ff | cb41 81fb | f7ff ff7f | 0f83 fc0e | 0000 4181 
  0x000001a913e835e4: f900 0010 | 000f 87d9 | 0a00 004d | 63da 4863 | f949 03fb | 453b d145 | 8bc1 450f | 4cc2 4489 
  0x000001a913e83604: 8424 c000 | 0000 453b | d00f 8231 | 0b00 0045 | 3bc8 0f82 | 280b 0000 | 4883 c717 | 488b d748 
  0x000001a913e83624: 83e2 f841 | 81f9 0000 | 1000 0f87 | 9e05 0000 | 4d8b 8708 | 0100 004d | 8bd0 4c03 | d24d 3b97 
  0x000001a913e83644: 1801 0000 | 0f83 8405 | 0000 4d89 | 9708 0100 | 0041 0f0d | 8ac0 0000 | 0049 c700 | 0100 0000 
  0x000001a913e83664: 410f 0d8a | 0001 0000 

  0x000001a913e8366c: ;   {metadata({type array byte})}
  0x000001a913e8366c: 41c7 4008 | 3867 0000 | 4589 480c | 410f 0d8a | 4001 0000 | 410f 0d8a | 8001 0000 | 4d8b d849 
  0x000001a913e8368c: 83c3 1048 | c1ef 0349 | 8bf0 8b8c | 24c0 0000 | 0085 c90f | 842b 0a00 | 008b 8c24 | 8c00 0000 
  0x000001a913e836ac: 448b 9424 | 8c00 0000 | 498d 4a10 | 448b 9424 | c000 0000 | 453b d10f | 8c04 0300 | 0049 8bf8 
  0x000001a913e836cc: 4883 c2f0 | 48c1 ea03 | 4c8b c249 | 8bd3 c5f8 | 7749 ba20 | ae21 12a9 | 0100 0041 | ffd2 4c8b 
  0x000001a913e836ec: c741 807f | 3800 0f85 | 1404 0000 | 4c8b 5424 | 6041 8972 | 1045 8b5a | 0c4d 8bd0 | 4c8b 4c24 
  0x000001a913e8370c: 604d 33d1 | 49c1 ea14 | 4d85 d274 | 1a49 c1e9 | 0948 b900 | 00fe 19a9 | 0100 0049 | 03c9 8039 
  0x000001a913e8372c: 040f 8511 | 0400 004d | 8bd0 4489 | 9424 8c00 | 0000 4585 | db0f 8c7b | 0800 0044 | 8b54 245c 
  0x000001a913e8374c: 443b d30f | 826d 0800 | 0044 8b84 | 248c 0000 | 0045 8b50 | 0c44 8bcb | 4503 cb45 | 3bd1 0f82 
  0x000001a913e8376c: 5208 0000 | 85db 0f8c | 4a08 0000 | 85db 0f84 | 02f7 ffff | 488b 4c24 | 5048 83c1 | 1044 8b94 
  0x000001a913e8378c: 248c 0000 | 004b 8d54 | 1a10 4c8b | 5424 4849 | 83fa 200f | 86bd f6ff | ff4c 8b44 | 2448 c5f8 
  0x000001a913e837ac: 7749 ba00 | 9121 12a9 | 0100 0041 | ffd2 e9c3 | f6ff ffb8 | ffff ffff | e9f8 fcff | ff4c 896c 
  0x000001a913e837cc: 2430 488b | 4424 30c5 | f877 4881 | c4e0 0000 

  0x000001a913e837dc: ;   {poll_return}
  0x000001a913e837dc: 005d 493b | a748 0300 | 000f 879d | 1700 00c3 

  0x000001a913e837ec: ;   {metadata('java/io/FileInputStream')}
  0x000001a913e837ec: 4181 fbb8 | 9701 000f | 850c 1000 | 004c 896c | 2448 488b | 5424 384c | 8b44 2450 | 4533 c98b 
  0x000001a913e8380c: 7c24 5c48 | 8954 2460 

  0x000001a913e83814: ;   {optimized virtual_call}
  0x000001a913e83814: c5f8 77e8 

  0x000001a913e83818: ; ImmutableOopMap {[40]=Derived_oop_[80] [56]=Oop [64]=Oop [80]=Oop [96]=Oop }
                      ;*invokevirtual readBytes {reexecute=0 rethrow=0 return_oop=0}
                      ; - java.io.FileInputStream::read@5 (line 254)
                      ; - kotlin.io.ByteStreamsKt::copyTo@50 (line 110)
  0x000001a913e83818: a4ec a5fe | 4c8b 6c24 | 48e9 9bfc 

  0x000001a913e83824: ;   {metadata('java/io/FileOutputStream')}
  0x000001a913e83824: ffff 4181 | fad8 a701 | 000f 85f1 | 0f00 0048 | 8b54 2440 | 448b 5a10 

  0x000001a913e8383c: ; implicit exception: dispatches to 0x000001a913e84d94
  0x000001a913e8383c: 410f b673 | 194c 896c | 2460 896c | 2458 8b6c | 246c 4c8b | 4424 5045 | 33c9 8b7c | 246c 4889 
  0x000001a913e8385c: 5424 6890 

  0x000001a913e83860: ;   {optimized virtual_call}
  0x000001a913e83860: c5f8 77e8 

  0x000001a913e83864: ; ImmutableOopMap {[40]=Derived_oop_[80] [56]=Oop [64]=Oop [80]=Oop [104]=Oop }
                      ;*invokevirtual writeBytes {reexecute=0 rethrow=0 return_oop=0}
                      ; - java.io.FileOutputStream::write@16 (line 349)
                      ; - kotlin.io.ByteStreamsKt::copyTo@38 (line 108)
  0x000001a913e83864: d8f6 9cfe | 8b6c 2458 | 4c8b 6c24 | 60e9 b8f6 | ffff 4585 | d20f 85b9 | 1100 004c | 8b53 284d 
  0x000001a913e83884: 85d2 0f8f | ec11 0000 | 4180 7f38 | 000f 8570 | 0400 00c6 | 4334 0144 | 8963 38b8 | ffff ffff 
  0x000001a913e838a4: e918 fcff | ffb8 ffff | ffff bd01 | 0000 0045 | 33d2 4c89 | 5424 30e9 | 80f5 ffff 

  0x000001a913e838c0: ;   {metadata('java/io/FileInputStream')}
  0x000001a913e838c0: 4181 fab8 | 9701 000f | 8507 1200 | 0044 894c | 2460 4c8b | 5424 284c | 8954 2458 | 4c89 4424 
  0x000001a913e838e0: 4844 8b54 | 2424 4489 | 5424 3444 | 8b5c 2420 | 4489 5c24 | 304c 8b54 | 2440 4c89 | 5424 284c 
  0x000001a913e83900: 8b54 2438 | 4c89 5424 | 2049 8bd2 | 4533 c98b | 7c24 6049 | 8bea 6690 

  0x000001a913e83918: ;   {optimized virtual_call}
  0x000001a913e83918: c5f8 77e8 

  0x000001a913e8391c: ; ImmutableOopMap {rbp=Oop [32]=Oop [40]=Oop [64]=Oop [72]=Oop [80]=Oop [88]=Derived_oop_[72] }
                      ;*invokevirtual readBytes {reexecute=0 rethrow=0 return_oop=0}
                      ; - java.io.FileInputStream::read@5 (line 254)
                      ; - kotlin.io.ByteStreamsKt::copyTo@22 (line 106)
  0x000001a913e8391c: a0eb a5fe | bd01 0000 | 004c 8b54 | 2420 4c89 | 5424 3844 | 8b5c 2430 | 4489 5c24 | 2044 8b54 
  0x000001a913e8393c: 2434 4489 | 5424 244c | 8b54 2458 | 4c89 5424 | 2844 8b5c | 2460 4489 | 5c24 5c45 | 33d2 4c89 
  0x000001a913e8395c: 5424 30e9 | dcf4 ffff | 85ed 0f85 | 8011 0000 | 4c8b 5328 | 4d85 d20f | 8fc7 1100 | 0041 807f 
  0x000001a913e8397c: 3800 0f85 | 9106 0000 | 4489 6338 | c643 3401 | b8ff ffff | ffbd 0100 | 0000 4533 | d24c 8954 
  0x000001a913e8399c: 2430 e99d | f4ff ff49 | baff ffff | ffff ffff | ffc4 42b8 | f5d2 c4c1 | fb92 fac4 | c1f9 7eca 
  0x000001a913e839bc: 62d1 7faf | 6f02 62f1 | 7f2f 7f02 | e9fd 0000 | 00c4 e1f9 | 6ec9 498b | d34c 8984 | 2480 0000 
  0x000001a913e839dc: 004c 8bcf | 4c8b 5424 | 604c 8954 | 2478 4c8b | 5424 484c | 8954 2470 | 895c 2458 | 4c89 6c24 
  0x000001a913e839fc: 6889 6c24 | 4c4c 8b54 | 2430 4c89 | 5424 604c | 8b54 2428 | 4c89 5424 | 3044 8b9c | 24c0 0000 
  0x000001a913e83a1c: 004d 63c3 | 4d8b d049 | 83c2 104d | 8bda 4983 | e3f8 488b | bc24 8000 | 0000 4903 | fb49 c1ea 
  0x000001a913e83a3c: 034d 8bd9 | 4d2b da49 | 8bcb 4833 | c048 83f9 | 087f 1048 | ffc9 7857 | 4889 04cf | 48ff c97d 
  0x000001a913e83a5c: f7eb 4cc5 | fdef c0e9 | 0d00 0000 | c5fe 7f07 | c5fe 7f47 | 2048 83c7 | 4048 83e9 | 087d ed48 
  0x000001a913e83a7c: 83c1 047c | 0cc5 fe7f | 0748 83c7 | 2048 83e9 | 0448 83c1 | 047e 18b8 | 0100 0000 | c4e2 71f7 
  0x000001a913e83a9c: c048 83e8 | 01c5 f892 | f862 f1fe | 2f7f 0749 | 83f8 200f | 86ee feff | ffc4 e1f9 | 7ec9 c5f8 
  0x000001a913e83abc: 7749 ba60 | 8b21 12a9 | 0100 0041 | ffd2 4c8b | 5424 304c | 8954 2428 | 4c8b 5424 | 604c 8954 
  0x000001a913e83adc: 2430 8b6c | 244c 4c8b | 6c24 688b | 5c24 584c | 8b54 2470 | 4c89 5424 | 484c 8b54 | 2478 4c89 
  0x000001a913e83afc: 5424 604c | 8b84 2480 | 0000 00e9 | e1fb ffff | 4c8b 5424 | 6045 8b5a | 1045 85db | 0f84 dafb 
  0x000001a913e83b1c: ffff 4d8b | 5720 498b | cb4d 85d2 | 0f84 3209 | 0000 4d8b | 5f30 4b89 | 4c13 f849 | 83c2 f84d 
  0x000001a913e83b3c: 8957 20e9 | b4fb ffff | 4d8b 5740 | 4d8b 5f50 | f083 4424 | c000 8039 | 0074 2a44 | 8821 4d85 
  0x000001a913e83b5c: d274 0f4b | 894c 13f8 | 4983 c2f8 | 4d89 5740 | eb13 498b | d7c5 f877 | 49ba 30ce | dacf f97f 
  0x000001a913e83b7c: 0000 41ff | d24c 8b54 | 2460 458b | 5a0c 458b | 5210 4585 | d20f 8479 | 0f00 004d | 8bc2 e994 
  0x000001a913e83b9c: fbff ff44 | 8b55 3845 | 85d2 0f84 | fff8 ffff | 4d8b 5f20 | 498b ca4d | 85db 0f84 | d009 0000 
  0x000001a913e83bbc: 4d8b 5730 | 4b89 4c1a | f849 83c3 | f84d 895f | 20e9 d9f8 | ffff 4889 | 9424 9800 | 0000 4889 
  0x000001a913e83bdc: bc24 9000 | 0000 4489 | 8c24 8800 | 0000 4c8b | 5424 604c | 8994 2480 | 0000 004c | 8b54 2448 
  0x000001a913e83bfc: 4c89 5424 | 784c 896c | 2470 896c | 2468 4c8b | 5424 304c | 8954 2460 | 448b 5424 | 5c44 8954 
  0x000001a913e83c1c: 2458 4c8b | 5424 284c | 8954 2448 | 4c8b 5424 | 504c 8954 | 2430 448b | 5c24 2444 | 895c 242c 
  0x000001a913e83c3c: 448b 5c24 | 2044 895c | 2428 4c8b | 5424 404c | 8954 2420 | 488b 6c24 

  0x000001a913e83c54: ;   {metadata({type array byte})}
  0x000001a913e83c54: 3848 ba38 | 6700 22a9 | 0100 0045 | 8bc1 4c8b | 9424 8000 | 0000 4c89 | 5424 3890 

  0x000001a913e83c70: ;   {runtime_call _new_array_nozero_Java}
  0x000001a913e83c70: c5f8 77e8 

  0x000001a913e83c74: ; ImmutableOopMap {rbp=Oop [32]=Oop [48]=Oop [56]=Oop [72]=Derived_oop_[48] [128]=Oop [140]=NarrowOop }
                      ;*newarray {reexecute=0 rethrow=0 return_oop=1}
                      ; - java.util.Arrays::copyOf@1 (line 3537)
                      ; - java.io.ByteArrayOutputStream::ensureCapacity@25 (line 100)
                      ; - java.io.ByteArrayOutputStream::write@15 (line 130)
                      ; - kotlin.io.ByteStreamsKt::copyTo@38 (line 108)
  0x000001a913e83c74: 88f8 45fe | 4889 6c24 | 384c 8b54 | 2420 4c89 | 5424 4044 | 8b54 2428 | 4489 5424 | 2044 8b54 
  0x000001a913e83c94: 242c 4489 | 5424 244c | 8b54 2430 | 4c89 5424 | 504c 8b54 | 2448 4c89 | 5424 2844 | 8b5c 2458 
  0x000001a913e83cb4: 4489 5c24 | 5c4c 8b54 | 2460 4c89 | 5424 308b | 6c24 684c | 8b6c 2470 | 8b5c 246c | 4c8b 5424 
  0x000001a913e83cd4: 784c 8954 | 2448 4c8b | 9424 8000 | 0000 4c89 | 5424 6044 | 8b8c 2488 | 0000 0048 | 8bbc 2490 
  0x000001a913e83cf4: 0000 0048 | 8b94 2498 | 0000 004c | 8bc0 e981 | f9ff ff44 | 8b53 3845 | 85d2 0f84 | 83fb ffff 
  0x000001a913e83d14: 4d8b 5f20 | 498b ca4d | 85db 0f84 | 3c0d 0000 | 4d8b 5730 | 4b89 4c1a | f849 83c3 | f84d 895f 
  0x000001a913e83d34: 20e9 5dfb | ffff 448b | 5d38 4585 | db0f 84e8 | f0ff ff4d | 8b57 2049 | 8bcb 4d85 | d20f 8465 
  0x000001a913e83d54: 0d00 004d | 8b5f 304b | 894c 13f8 | 4983 c2f8 | 4d89 5720 | e9c2 f0ff | ff33 d248 | 8b6c 2438 
  0x000001a913e83d74: 4c89 6c24 | 204c 8b54 | 2450 4c89 | 5424 3845 | 33c0 448b | 4c24 6c8b | 7c24 5c90 

  0x000001a913e83d90: ;   {static_call}
  0x000001a913e83d90: c5f8 77e8 

  0x000001a913e83d94: ; ImmutableOopMap {rbp=Oop [56]=Oop [96]=Oop }
                      ;*invokestatic outOfBoundsCheckFromIndexSize {reexecute=0 rethrow=0 return_oop=1}
                      ; - jdk.internal.util.Preconditions::checkFromIndexSize@19 (line 361)
                      ; - java.util.Objects::checkFromIndexSize@4 (line 413)
                      ; - java.io.ByteArrayOutputStream::write@4 (line 129)
                      ; - kotlin.io.ByteStreamsKt::copyTo@38 (line 108)
  0x000001a913e83d94: 68e8 3afe | 488b d848 | 85c0 0f84 | d40d 0000 | 488d 8424 | d000 0000 | 4c8b 5c24 | 6048 8138 
  0x000001a913e83db4: 0000 0000 | 0f84 8300 | 0000 4d8b | 1349 f7c2 | 0200 0000 | 746f 4981 | ba86 0000 | 0000 0000 
  0x000001a913e83dd4: 0074 0949 | ff8a 8600 | 0000 eb51 | 498b 8296 | 0000 0049 | 0b82 8e00 | 0000 750a | 49c7 423e 
  0x000001a913e83df4: 0000 0000 | eb47 4981 | ba9e 0000 | 0000 0000 | 0074 2548 | 33c0 49c7 | 423e 0000 | 0000 f083 
  0x000001a913e83e14: 0424 0049 | 81ba 9e00 | 0000 0000 | 0000 750d | f04d 0fb1 | 7a3e 7505 | 83c8 01eb | 10f7 c000 
  0x000001a913e83e34: 0000 00eb | 084c 8b10 | f04d 0fb1 | 130f 8541 | 0d00 0048 | 8bd3 eb06 | 488b d848 | 8bd3 c5f8 
  0x000001a913e83e54: 7748 81c4 | e000 0000 

  0x000001a913e83e5c: ;   {runtime_call _rethrow_Java}
  0x000001a913e83e5c: 5de9 9e1c | 46fe 448b | 5424 2444 | 8954 2430 | 448b 5c24 | 2044 895c | 242c 4489 | 4c24 284c 
  0x000001a913e83e7c: 8b54 2440 | 4c89 5424 | 2048 8bea 

  0x000001a913e83e88: ;   {metadata({type array byte})}
  0x000001a913e83e88: 48ba 3867 | 0022 a901 | 0000 458b | c166 6690 

  0x000001a913e83e98: ;   {runtime_call _new_array_Java}
  0x000001a913e83e98: c5f8 77e8 

  0x000001a913e83e9c: ; ImmutableOopMap {rbp=Oop [32]=Oop [56]=Oop [64]=Oop }
                      ;*newarray {reexecute=0 rethrow=0 return_oop=1}
                      ; - kotlin.io.ByteStreamsKt::copyTo@15 (line 105)
  0x000001a913e83e9c: 60f3 45fe | 448b 4c24 | 2844 8b5c | 242c 4489 | 5c24 2044 | 8b44 2430 | 4489 4424 | 244c 8bc0 
  0x000001a913e83ebc: e9ba e9ff | ffba f6ff | ffff 4c8b | 5424 404c | 8954 2420 | 4c89 6c24 | 2848 895c | 2438 4889 
  0x000001a913e83edc: 5c24 4890 

  0x000001a913e83ee0: ;   {runtime_call UncommonTrapBlob}
  0x000001a913e83ee0: c5f8 77e8 

  0x000001a913e83ee4: ; ImmutableOopMap {[32]=Oop [56]=Oop [72]=Oop [80]=Oop }
                      ;*invokevirtual inflate {reexecute=0 rethrow=0 return_oop=0}
                      ; - java.util.zip.InflaterInputStream::read@53 (line 152)
                      ; - java.util.zip.ZipInputStream::read@80 (line 196)
                      ; - java.io.FilterInputStream::read@5 (line 106)
                      ; - kotlin.io.ByteStreamsKt::copyTo@50 (line 110)
  0x000001a913e83ee4: 1862 3bfe | 4d8b d04c | 8994 2480 | 0000 004c | 8b54 2448 | 4c89 5424 | 784c 896c | 2470 896c 
  0x000001a913e83f04: 2468 4c8b | 5424 304c | 8954 2460 | 4c8b 5424 | 284c 8954 | 2448 4c8b | 5424 504c | 8954 2430 
  0x000001a913e83f24: 448b 5c24 | 2444 895c | 242c 448b | 5424 2044 | 8954 2428 | 4c8b 5424 | 404c 8954 | 2420 488b 
  0x000001a913e83f44: 6c24 3849 | 8bd0 4c8d | 8424 d000 | 0000 6690 

  0x000001a913e83f54: ;   {runtime_call _complete_monitor_locking_Java}
  0x000001a913e83f54: c5f8 77e8 

  0x000001a913e83f58: ; ImmutableOopMap {rbp=Oop [32]=Oop [48]=Oop [72]=Derived_oop_[48] [128]=Oop }
                      ;*synchronization entry
                      ; - java.io.ByteArrayOutputStream::write@-1 (line 129)
                      ; - kotlin.io.ByteStreamsKt::copyTo@38 (line 108)
  0x000001a913e83f58: a412 46fe | 4889 6c24 | 384c 8b54 | 2420 4c89 | 5424 4044 | 8b5c 2428 | 4489 5c24 | 2044 8b54 
  0x000001a913e83f78: 242c 4489 | 5424 244c | 8b54 2430 | 4c89 5424 | 504c 8b54 | 2448 4c89 | 5424 284c | 8b54 2460 
  0x000001a913e83f98: 4c89 5424 | 308b 6c24 | 684c 8b6c | 2470 4c8b | 5424 784c | 8954 2448 | 4c8b 9424 | 8000 0000 
  0x000001a913e83fb8: 4c89 5424 | 60e9 aaf5 | ffff bacc | ffff ff48 | 8b6c 2438 | 4c89 6c24 | 2889 5c24 | 3c4c 8b54 
  0x000001a913e83fd8: 2450 4c89 | 5424 4844 | 895c 2454 | 895c 2458 

  0x000001a913e83fe8: ;   {runtime_call UncommonTrapBlob}
  0x000001a913e83fe8: c5f8 77e8 

  0x000001a913e83fec: ; ImmutableOopMap {rbp=Oop [72]=Oop [96]=Oop [140]=NarrowOop }
                      ;*invokestatic arraycopy {reexecute=0 rethrow=0 return_oop=0}
                      ; - java.io.ByteArrayOutputStream::write@29 (line 131)
                      ; - kotlin.io.ByteStreamsKt::copyTo@38 (line 108)
  0x000001a913e83fec: 1061 3bfe | 488b 4c24 | 6048 8d94 | 24d0 0000 | 004d 8bc7 | c5f8 7749 | ba10 451c | d0f9 7f00 
  0x000001a913e8400c: 0041 ffd2 | e919 efff | ff44 8b5b | 3845 85db | 0f84 62f9 | ffff 4d8b | 5720 498b | cb4d 85d2 
  0x000001a913e8402c: 0f84 f60a | 0000 4d8b | 5f30 4b89 | 4c13 f849 | 83c2 f84d | 8957 20e9 | 3cf9 ffff | baf6 ffff 
  0x000001a913e8404c: ff4c 8b54 | 2440 4c89 | 5424 2044 | 8b5c 245c | 4489 5c24 | 5844 8944 | 245c 6690 

  0x000001a913e84068: ;   {runtime_call UncommonTrapBlob}
  0x000001a913e84068: c5f8 77e8 

  0x000001a913e8406c: ; ImmutableOopMap {rbp=Oop [32]=Oop [80]=Oop [92]=NarrowOop }
                      ;*monitorenter {reexecute=0 rethrow=0 return_oop=0}
                      ; - java.util.zip.Inflater::finished@6 (line 325)
                      ; - java.util.zip.InflaterInputStream::read@66 (line 153)
                      ; - java.util.zip.ZipInputStream::read@80 (line 196)
                      ; - java.io.FilterInputStream::read@5 (line 106)
                      ; - kotlin.io.ByteStreamsKt::copyTo@50 (line 110)
  0x000001a913e8406c: 9060 3bfe | 498b c948 | 8d94 24d0 | 0000 004d | 8bc7 c5f8 | 7749 ba10 | 451c d0f9 | 7f00 0041 
  0x000001a913e8408c: ffd2 e951 | f0ff ff4c | 894c 2470 | 498b e844 | 8944 244c | 498b d14c | 8d84 24d0 | 0000 0090 
  0x000001a913e840ac: ;   {runtime_call _complete_monitor_locking_Java}
  0x000001a913e840ac: c5f8 77e8 

  0x000001a913e840b0: ; ImmutableOopMap {rbp=Oop [40]=Derived_oop_[80] [56]=Oop [64]=Oop [76]=NarrowOop [80]=Oop [104]=Oop [112]=Oop }
                      ;*monitorenter {reexecute=0 rethrow=0 return_oop=0}
                      ; - java.util.zip.Inflater::finished@6 (line 325)
                      ; - java.util.zip.InflaterInputStream::read@66 (line 153)
                      ; - java.util.zip.ZipInputStream::read@80 (line 196)
                      ; - java.io.FilterInputStream::read@5 (line 106)
                      ; - kotlin.io.ByteStreamsKt::copyTo@50 (line 110)
  0x000001a913e840b0: 4c11 46fe | 488b 6c24 | 6844 8b44 | 244c 4c8b | 4c24 70e9 | 79ef ffff | 4963 f9e9 | 28f5 ffff 
  0x000001a913e840d0: 4883 c7fe | 488b cf49 | 8bfb 4833 | c048 83f9 | 087f 1048 | ffc9 7857 | 4889 04cf | 48ff c97d 
  0x000001a913e840f0: f7eb 4cc5 | fdef c0e9 | 0d00 0000 | c5fe 7f07 | c5fe 7f47 | 2048 83c7 | 4048 83e9 | 087d ed48 
  0x000001a913e84110: 83c1 047c | 0cc5 fe7f | 0748 83c7 | 2048 83e9 | 0448 83c1 | 047e 18b8 | 0100 0000 | c4e2 71f7 
  0x000001a913e84130: c048 83e8 | 01c5 f892 | f862 f1fe | 2f7f 07e9 | a9f5 ffff | bacc ffff | ff48 8b6c | 2438 4c89 
  0x000001a913e84150: 6c24 284c | 8b54 2460 | 4c89 5424 | 404c 8b54 | 2450 4c89 | 5424 484c | 8b54 2460 | 4c89 5424 
  0x000001a913e84170: 5044 894c | 2468 6690 

  0x000001a913e84178: ;   {runtime_call UncommonTrapBlob}
  0x000001a913e84178: c5f8 77e8 

  0x000001a913e8417c: ; ImmutableOopMap {rbp=Oop [64]=Oop [72]=Oop [80]=Oop [140]=NarrowOop }
                      ;*newarray {reexecute=1 rethrow=0 return_oop=0}
                      ; - (reexecute) java.util.Arrays::copyOf@1 (line 3537)
                      ; - java.io.ByteArrayOutputStream::ensureCapacity@25 (line 100)
                      ; - java.io.ByteArrayOutputStream::write@15 (line 130)
                      ; - kotlin.io.ByteStreamsKt::copyTo@38 (line 108)
  0x000001a913e8417c: 805f 3bfe | baf6 ffff | ff4c 8b54 | 2440 4c89 | 5424 2044 | 8b5c 245c | 4489 5c24 | 5844 894c 
  0x000001a913e8419c: 245c 6690 

  0x000001a913e841a0: ;   {runtime_call UncommonTrapBlob}
  0x000001a913e841a0: c5f8 77e8 

  0x000001a913e841a4: ; ImmutableOopMap {rbp=Oop [32]=Oop [80]=Oop [92]=NarrowOop }
                      ;*monitorenter {reexecute=0 rethrow=0 return_oop=0}
                      ; - java.util.zip.Inflater::needsDictionary@6 (line 313)
                      ; - java.util.zip.InflaterInputStream::read@76 (line 153)
                      ; - java.util.zip.ZipInputStream::read@80 (line 196)
                      ; - java.io.FilterInputStream::read@5 (line 106)
                      ; - kotlin.io.ByteStreamsKt::copyTo@50 (line 110)
  0x000001a913e841a4: 585f 3bfe | baf6 ffff | ff4c 8b54 | 2440 4c89 | 5424 2044 | 8b5c 245c | 4489 5c24 | 5844 8944 
  0x000001a913e841c4: 245c 6690 

  0x000001a913e841c8: ;   {runtime_call UncommonTrapBlob}
  0x000001a913e841c8: c5f8 77e8 

  0x000001a913e841cc: ; ImmutableOopMap {rbp=Oop [32]=Oop [80]=Oop [92]=NarrowOop }
                      ;*monitorenter {reexecute=0 rethrow=0 return_oop=0}
                      ; - java.util.zip.Inflater::needsInput@6 (line 301)
                      ; - java.util.zip.InflaterInputStream::read@93 (line 157)
                      ; - java.util.zip.ZipInputStream::read@80 (line 196)
                      ; - java.io.FilterInputStream::read@5 (line 106)
                      ; - kotlin.io.ByteStreamsKt::copyTo@50 (line 110)
  0x000001a913e841cc: 305f 3bfe | ba83 0000 | 004c 8b54 | 2440 4c89 | 5424 2090 

  0x000001a913e841e0: ;   {runtime_call UncommonTrapBlob}
  0x000001a913e841e0: c5f8 77e8 

  0x000001a913e841e4: ; ImmutableOopMap {rbp=Oop [32]=Oop [80]=Oop }
                      ;*new {reexecute=0 rethrow=0 return_oop=0}
                      ; - java.util.zip.InflaterInputStream::fill@33 (line 244)
                      ; - java.util.zip.InflaterInputStream::read@100 (line 158)
                      ; - java.util.zip.ZipInputStream::read@80 (line 196)
                      ; - java.io.FilterInputStream::read@5 (line 106)
                      ; - kotlin.io.ByteStreamsKt::copyTo@50 (line 110)
  0x000001a913e841e4: 185f 3bfe | baf6 ffff | ff4c 8b44 | 2440 4c89 | 4424 204c | 8b44 2460 | 4c89 4424 | 2844 8b44 
  0x000001a913e84204: 245c 4489 | 4424 5844 | 8954 245c | 8944 2460 

  0x000001a913e84214: ;   {runtime_call UncommonTrapBlob}
  0x000001a913e84214: c5f8 77e8 

  0x000001a913e84218: ; ImmutableOopMap {rbp=Oop [32]=Oop [80]=Oop [92]=NarrowOop }
                      ;*invokevirtual setInput {reexecute=0 rethrow=0 return_oop=0}
                      ; - java.util.zip.InflaterInputStream::fill@56 (line 246)
                      ; - java.util.zip.InflaterInputStream::read@100 (line 158)
                      ; - java.util.zip.ZipInputStream::read@80 (line 196)
                      ; - java.io.FilterInputStream::read@5 (line 106)
                      ; - kotlin.io.ByteStreamsKt::copyTo@50 (line 110)
  0x000001a913e84218: e45e 3bfe | 498b c848 | 8d94 24d0 | 0000 004d | 8bc7 c5f8 | 7749 ba10 | 451c d0f9 | 7f00 0041 
  0x000001a913e84238: ffd2 e9ce | efff ff4c | 8944 2470 | 4889 6c24 | 6849 8be9 | 4489 4c24 | 4c49 8bd0 | 4c8d 8424 
  0x000001a913e84258: d000 0000 

  0x000001a913e8425c: ;   {runtime_call _complete_monitor_locking_Java}
  0x000001a913e8425c: c5f8 77e8 

  0x000001a913e84260: ; ImmutableOopMap {rbp=Oop [40]=Derived_oop_[80] [56]=Oop [64]=Oop [76]=NarrowOop [80]=Oop [104]=Oop [112]=Oop }
                      ;*monitorenter {reexecute=0 rethrow=0 return_oop=0}
                      ; - java.util.zip.Inflater::needsDictionary@6 (line 313)
                      ; - java.util.zip.InflaterInputStream::read@76 (line 153)
                      ; - java.util.zip.ZipInputStream::read@80 (line 196)
                      ; - java.io.FilterInputStream::read@5 (line 106)
                      ; - kotlin.io.ByteStreamsKt::copyTo@50 (line 110)
  0x000001a913e84260: 9c0f 46fe | 488b 6c24 | 6844 8b4c | 244c 4c8b | 4424 70e9 | f2ee ffff | 4889 4c24 | 7044 894c 
  0x000001a913e84280: 2458 4889 | 6c24 6849 | 8be8 4489 | 4424 4c48 | 8bd1 4c8d | 8424 d000 | 0000 6690 

  0x000001a913e8429c: ;   {runtime_call _complete_monitor_locking_Java}
  0x000001a913e8429c: c5f8 77e8 

  0x000001a913e842a0: ; ImmutableOopMap {rbp=Oop [40]=Derived_oop_[80] [56]=Oop [64]=Oop [76]=NarrowOop [80]=Oop [88]=NarrowOop [104]=Oop [112]=Oop }
                      ;*monitorenter {reexecute=0 rethrow=0 return_oop=0}
                      ; - java.util.zip.Inflater::needsInput@6 (line 301)
                      ; - java.util.zip.InflaterInputStream::read@93 (line 157)
                      ; - java.util.zip.ZipInputStream::read@80 (line 196)
                      ; - java.io.FilterInputStream::read@5 (line 106)
                      ; - kotlin.io.ByteStreamsKt::copyTo@50 (line 110)
  0x000001a913e842a0: 5c0f 46fe | 488b 6c24 | 6844 8b44 | 244c 448b | 4c24 5848 | 8b4c 2470 | e9d6 efff | ff48 8d94 
  0x000001a913e842c0: 24d0 0000 | 004d 8bc7 | c5f8 7749 | ba10 451c | d0f9 7f00 | 0041 ffd2 | e9b6 f0ff | ffba 45ff 
  0x000001a913e842e0: ffff 488b | 6c24 384c | 896c 2428 | 4c8b 5424 | 604c 8954 | 2440 4c8b | 5424 504c | 8954 2448 
  0x000001a913e84300: 4c8b 5424 | 604c 8954 | 2450 6690 

  0x000001a913e8430c: ;   {runtime_call UncommonTrapBlob}
  0x000001a913e8430c: c5f8 77e8 

  0x000001a913e84310: ; ImmutableOopMap {rbp=Oop [64]=Oop [72]=Oop [80]=Oop }
                      ;*if_icmple {reexecute=1 rethrow=0 return_oop=0}
                      ; - (reexecute) jdk.internal.util.Preconditions::checkFromIndexSize@12 (line 360)
                      ; - java.util.Objects::checkFromIndexSize@4 (line 413)
                      ; - java.io.ByteArrayOutputStream::write@4 (line 129)
                      ; - kotlin.io.ByteStreamsKt::copyTo@38 (line 108)
  0x000001a913e84310: ec5d 3bfe | ba45 ffff | ff4c 8b54 | 2440 4c89 | 5424 204c | 896c 2428 | 4889 5c24 | 3844 895c 
  0x000001a913e84330: 244c 6690 

  0x000001a913e84334: ;   {runtime_call UncommonTrapBlob}
  0x000001a913e84334: c5f8 77e8 

  0x000001a913e84338: ; ImmutableOopMap {[32]=Oop [56]=Oop [80]=Oop }
                      ;*ifeq {reexecute=1 rethrow=0 return_oop=0}
                      ; - (reexecute) java.util.zip.ZipInputStream::ensureOpen@4 (line 68)
                      ; - java.util.zip.ZipInputStream::read@1 (line 184)
                      ; - java.io.FilterInputStream::read@5 (line 106)
                      ; - kotlin.io.ByteStreamsKt::copyTo@50 (line 110)
  0x000001a913e84338: c45d 3bfe | ba45 ffff | ff4c 8b54 | 2440 4c89 | 5424 204c | 896c 2428 | 4889 5c24 | 3848 895c 
  0x000001a913e84358: 2448 448b | 5424 5c44 | 8954 2458 | 4489 5c24 | 5c66 6690 

  0x000001a913e8436c: ;   {runtime_call UncommonTrapBlob}
  0x000001a913e8436c: c5f8 77e8 

  0x000001a913e84370: ; ImmutableOopMap {[32]=Oop [56]=Oop [72]=Oop [80]=Oop }
                      ;*ifeq {reexecute=1 rethrow=0 return_oop=0}
                      ; - (reexecute) java.util.zip.InflaterInputStream::ensureOpen@4 (line 66)
                      ; - java.util.zip.InflaterInputStream::read@1 (line 142)
                      ; - java.util.zip.ZipInputStream::read@80 (line 196)
                      ; - java.io.FilterInputStream::read@5 (line 106)
                      ; - kotlin.io.ByteStreamsKt::copyTo@50 (line 110)
  0x000001a913e84370: 8c5d 3bfe | 448b 5424 | 4845 33c0 | 443b db45 | 0f4d d0ba | 45ff ffff | 4c8b 5c24 | 404c 895c 
  0x000001a913e84390: 2420 4c8b | 5c24 604c | 895c 2428 | 448b 5c24 | 5c44 895c | 2458 4489 | 4c24 6044 | 8954 2464 
  0x000001a913e843b0: ;   {runtime_call UncommonTrapBlob}
  0x000001a913e843b0: c5f8 77e8 

  0x000001a913e843b4: ; ImmutableOopMap {rbp=Oop [32]=Oop [80]=Oop [96]=NarrowOop }
                      ;*ifne {reexecute=1 rethrow=0 return_oop=0}
                      ; - (reexecute) java.util.zip.Inflater::needsInput@39 (line 303)
                      ; - java.util.zip.InflaterInputStream::read@93 (line 157)
                      ; - java.util.zip.ZipInputStream::read@80 (line 196)
                      ; - java.io.FilterInputStream::read@5 (line 106)
                      ; - kotlin.io.ByteStreamsKt::copyTo@50 (line 110)
  0x000001a913e843b4: 485d 3bfe | ba45 ffff | ff49 8beb | 4c8b 5424 | 404c 8954 | 2420 895c | 243c 8944 | 2448 8944 
  0x000001a913e843d4: 244c 6690 

  0x000001a913e843d8: ;   {runtime_call UncommonTrapBlob}
  0x000001a913e843d8: c5f8 77e8 

  0x000001a913e843dc: ; ImmutableOopMap {rbp=Oop [32]=Oop [60]=NarrowOop [80]=Oop }
                      ;*iflt {reexecute=1 rethrow=0 return_oop=0}
                      ; - (reexecute) java.util.zip.CRC32::update@17 (line 76)
                      ; - java.util.zip.ZipInputStream::read@117 (line 202)
                      ; - java.io.FilterInputStream::read@5 (line 106)
                      ; - kotlin.io.ByteStreamsKt::copyTo@50 (line 110)
  0x000001a913e843dc: 205d 3bfe | ba45 ffff | ff49 8beb | 4c8b 5c24 | 404c 895c | 2420 895c | 243c 8944 | 2448 4489 
  0x000001a913e843fc: 5424 4c90 

  0x000001a913e84400: ;   {runtime_call UncommonTrapBlob}
  0x000001a913e84400: c5f8 77e8 

  0x000001a913e84404: ; ImmutableOopMap {rbp=Oop [32]=Oop [60]=NarrowOop [80]=Oop }
                      ;*if_icmple {reexecute=1 rethrow=0 return_oop=0}
                      ; - (reexecute) java.util.zip.CRC32::update@25 (line 76)
                      ; - java.util.zip.ZipInputStream::read@117 (line 202)
                      ; - java.io.FilterInputStream::read@5 (line 106)
                      ; - kotlin.io.ByteStreamsKt::copyTo@50 (line 110)
  0x000001a913e84404: f85c 3bfe | ba45 ffff | ff49 8beb | 4c8b 5424 | 404c 8954 | 2420 895c | 243c 894c | 2440 8944 
  0x000001a913e84424: 2444 8944 | 2458 6690 

  0x000001a913e8442c: ;   {runtime_call UncommonTrapBlob}
  0x000001a913e8442c: c5f8 77e8 

  0x000001a913e84430: ; ImmutableOopMap {rbp=Oop [32]=Oop [60]=NarrowOop [80]=Oop }
                      ;*if_icmplt {reexecute=1 rethrow=0 return_oop=0}
                      ; - (reexecute) java.util.zip.CRC32::updateBytesCheck@17 (line 152)
                      ; - java.util.zip.CRC32::updateBytes@3 (line 138)
                      ; - java.util.zip.CRC32::update@44 (line 79)
                      ; - java.util.zip.ZipInputStream::read@117 (line 202)
                      ; - java.io.FilterInputStream::read@5 (line 106)
                      ; - kotlin.io.ByteStreamsKt::copyTo@50 (line 110)
  0x000001a913e84430: cc5c 3bfe | ba3d ffff | ff49 8beb | 4c8b 5c24 | 404c 895c | 2420 895c | 243c 894c | 2440 8944 
  0x000001a913e84450: 2444 4489 | 5424 5c90 

  0x000001a913e84458: ;   {runtime_call UncommonTrapBlob}
  0x000001a913e84458: c5f8 77e8 

  0x000001a913e8445c: ; ImmutableOopMap {rbp=Oop [32]=Oop [60]=NarrowOop [80]=Oop }
                      ;*iflt {reexecute=1 rethrow=0 return_oop=0}
                      ; - (reexecute) java.util.zip.CRC32::updateBytesCheck@36 (line 157)
                      ; - java.util.zip.CRC32::updateBytes@3 (line 138)
                      ; - java.util.zip.CRC32::update@44 (line 79)
                      ; - java.util.zip.ZipInputStream::read@117 (line 202)
                      ; - java.io.FilterInputStream::read@5 (line 106)
                      ; - kotlin.io.ByteStreamsKt::copyTo@50 (line 110)
  0x000001a913e8445c: a05c 3bfe | 4c89 8424 | 8000 0000 | 4c8b 5424 | 604c 8954 | 2478 4c8b | 5424 484c | 8954 2470 
  0x000001a913e8447c: 895c 2468 | 4c89 6c24 | 6089 6c24 | 584c 8b54 | 2430 4c89 | 5424 4849 | 8bd7 c5f8 | 7749 ba50 
  0x000001a913e8449c: ceda cff9 | 7f00 0041 | ffd2 4c8b | 5424 484c | 8954 2430 | 8b6c 2458 | 4c8b 6c24 | 608b 5c24 
  0x000001a913e844bc: 684c 8b54 | 2470 4c89 | 5424 484c | 8b54 2478 | 4c89 5424 | 604c 8b84 | 2480 0000 | 00e9 1af2 
  0x000001a913e844dc: ffff ba3d | ffff ff48 | 8b6c 2438 | 4c89 6c24 | 284c 8b5c | 2460 4c89 | 5c24 404c | 8b5c 2450 
  0x000001a913e844fc: 4c89 5c24 | 4848 8944 | 24f8 8b44 | 246c 8944 | 243c 488b | 4424 f84c | 8b5c 2460 | 4c89 5c24 
  0x000001a913e8451c: 5044 8954 | 2464 4489 | 4424 6844 | 894c 2470 

  0x000001a913e8452c: ;   {runtime_call UncommonTrapBlob}
  0x000001a913e8452c: c5f8 77e8 

  0x000001a913e84530: ; ImmutableOopMap {rbp=Oop [64]=Oop [72]=Oop [80]=Oop [140]=NarrowOop }
                      ;*if_icmpge {reexecute=1 rethrow=0 return_oop=0}
                      ; - (reexecute) jdk.internal.util.ArraysSupport::newLength@10 (line 638)
                      ; - java.io.ByteArrayOutputStream::ensureCapacity@22 (line 100)
                      ; - java.io.ByteArrayOutputStream::write@15 (line 130)
                      ; - kotlin.io.ByteStreamsKt::copyTo@38 (line 108)
  0x000001a913e84530: cc5b 3bfe | ba45 ffff | ff4c 8b54 | 2440 4c89 | 5424 2044 | 8b54 245c | 4489 5424 | 5889 7c24 
  0x000001a913e84550: 5c66 6690 

  0x000001a913e84554: ;   {runtime_call UncommonTrapBlob}
  0x000001a913e84554: c5f8 77e8 

  0x000001a913e84558: ; ImmutableOopMap {rbp=Oop [32]=Oop [80]=Oop }
                      ;*ifeq {reexecute=1 rethrow=0 return_oop=0}
                      ; - (reexecute) java.util.zip.InflaterInputStream::read@79 (line 153)
                      ; - java.util.zip.ZipInputStream::read@80 (line 196)
                      ; - java.io.FilterInputStream::read@5 (line 106)
                      ; - kotlin.io.ByteStreamsKt::copyTo@50 (line 110)
  0x000001a913e84558: a45b 3bfe | ba45 ffff | ff4c 8b5c | 2440 4c89 | 5c24 204c | 8b5c 2460 | 4c89 5c24 | 2844 8b44 
  0x000001a913e84578: 245c 4489 | 4424 5844 | 8954 245c 

  0x000001a913e84584: ;   {runtime_call UncommonTrapBlob}
  0x000001a913e84584: c5f8 77e8 

  0x000001a913e84588: ; ImmutableOopMap {rbp=Oop [32]=Oop [80]=Oop }
                      ;*ifeq {reexecute=1 rethrow=0 return_oop=0}
                      ; - (reexecute) java.util.zip.InflaterInputStream::ensureOpen@4 (line 66)
                      ; - java.util.zip.InflaterInputStream::fill@1 (line 241)
                      ; - java.util.zip.InflaterInputStream::read@100 (line 158)
                      ; - java.util.zip.ZipInputStream::read@80 (line 196)
                      ; - java.io.FilterInputStream::read@5 (line 106)
                      ; - kotlin.io.ByteStreamsKt::copyTo@50 (line 110)
  0x000001a913e84588: 745b 3bfe | 498b d7c5 | f877 49ba | 50ce dacf | f97f 0000 | 41ff d2e9 | 07ef ffff | baf6 ffff 
  0x000001a913e845a8: ff48 8b6c | 2440 4c8b | 5424 504c | 8954 2420 | 448b 5424 | 5c44 8954 | 2438 4889 | 5c24 5048 
  0x000001a913e845c8: 895c 2458 

  0x000001a913e845cc: ;   {runtime_call UncommonTrapBlob}
  0x000001a913e845cc: c5f8 77e8 

  0x000001a913e845d0: ; ImmutableOopMap {rbp=Oop [32]=Oop [80]=Oop [88]=Oop }
                      ;*invokevirtual inflate {reexecute=0 rethrow=0 return_oop=0}
                      ; - java.util.zip.InflaterInputStream::read@53 (line 152)
                      ; - java.util.zip.ZipInputStream::read@80 (line 196)
                      ; - java.io.FilterInputStream::read@5 (line 106)
                      ; - kotlin.io.ByteStreamsKt::copyTo@22 (line 106)
  0x000001a913e845d0: 2c5b 3bfe | 4963 c9e9 | bfe1 ffff | babe ffff | ff89 4424 | 3466 6690 

  0x000001a913e845e8: ;   {runtime_call UncommonTrapBlob}
  0x000001a913e845e8: c5f8 77e8 

  0x000001a913e845ec: ; ImmutableOopMap {[56]=Oop [64]=Oop [80]=Oop }
                      ;*iflt {reexecute=1 rethrow=0 return_oop=0}
                      ; - (reexecute) kotlin.io.ByteStreamsKt::copyTo@29 (line 107)
  0x000001a913e845ec: 105b 3bfe | baf6 ffff | ff48 8b6c | 2440 4c8b | 5c24 504c | 895c 2428 | 4c89 5c24 | 3048 8974 
  0x000001a913e8460c: 2448 4889 | 7424 5044 | 8954 243c 

  0x000001a913e84618: ;   {runtime_call UncommonTrapBlob}
  0x000001a913e84618: c5f8 77e8 

  0x000001a913e8461c: ; ImmutableOopMap {rbp=Oop [40]=Oop [48]=Oop [60]=NarrowOop [72]=Oop [80]=Oop }
                      ;*monitorenter {reexecute=0 rethrow=0 return_oop=0}
                      ; - java.util.zip.Inflater::finished@6 (line 325)
                      ; - java.util.zip.InflaterInputStream::read@66 (line 153)
                      ; - java.util.zip.ZipInputStream::read@80 (line 196)
                      ; - java.io.FilterInputStream::read@5 (line 106)
                      ; - kotlin.io.ByteStreamsKt::copyTo@22 (line 106)
  0x000001a913e8461c: e05a 3bfe | 4c89 4c24 | 6849 8bea | 4489 5424 | 4c49 8bd1 | 4c8d 8424 | d000 0000 

  0x000001a913e84638: ;   {runtime_call _complete_monitor_locking_Java}
  0x000001a913e84638: c5f8 77e8 

  0x000001a913e8463c: ; ImmutableOopMap {rbp=Oop [40]=Derived_oop_[80] [56]=Oop [64]=Oop [76]=NarrowOop [80]=Oop [96]=Oop [104]=Oop }
                      ;*monitorenter {reexecute=0 rethrow=0 return_oop=0}
                      ; - java.util.zip.Inflater::finished@6 (line 325)
                      ; - java.util.zip.InflaterInputStream::read@66 (line 153)
                      ; - java.util.zip.ZipInputStream::read@80 (line 196)
                      ; - java.io.FilterInputStream::read@5 (line 106)
                      ; - kotlin.io.ByteStreamsKt::copyTo@22 (line 106)
  0x000001a913e8463c: c00b 46fe | 488b 7424 | 6044 8b54 | 244c 4c8b | 4c24 68e9 | 5de3 ffff | 498b c948 | 8d94 24d0 
  0x000001a913e8465c: 0000 004d | 8bc7 c5f8 | 7749 ba10 | 451c d0f9 | 7f00 0041 | ffd2 e9dd | e3ff ffba | f6ff ffff 
  0x000001a913e8467c: 488b 6c24 | 404c 8b54 | 2450 4c89 | 5424 284c | 8954 2430 | 4889 7424 | 4848 8974 | 2450 4489 
  0x000001a913e8469c: 5c24 3c90 

  0x000001a913e846a0: ;   {runtime_call UncommonTrapBlob}
  0x000001a913e846a0: c5f8 77e8 

  0x000001a913e846a4: ; ImmutableOopMap {rbp=Oop [40]=Oop [48]=Oop [60]=NarrowOop [72]=Oop [80]=Oop }
                      ;*monitorenter {reexecute=0 rethrow=0 return_oop=0}
                      ; - java.util.zip.Inflater::needsDictionary@6 (line 313)
                      ; - java.util.zip.InflaterInputStream::read@76 (line 153)
                      ; - java.util.zip.ZipInputStream::read@80 (line 196)
                      ; - java.io.FilterInputStream::read@5 (line 106)
                      ; - kotlin.io.ByteStreamsKt::copyTo@22 (line 106)
  0x000001a913e846a4: 585a 3bfe | baf6 ffff | ff48 8b6c | 2440 4c8b | 5424 504c | 8954 2428 | 4c89 5424 | 3048 8974 
  0x000001a913e846c4: 2448 4889 | 7424 5044 | 895c 243c 

  0x000001a913e846d0: ;   {runtime_call UncommonTrapBlob}
  0x000001a913e846d0: c5f8 77e8 

  0x000001a913e846d4: ; ImmutableOopMap {rbp=Oop [40]=Oop [48]=Oop [60]=NarrowOop [72]=Oop [80]=Oop }
                      ;*monitorenter {reexecute=0 rethrow=0 return_oop=0}
                      ; - java.util.zip.Inflater::needsInput@6 (line 301)
                      ; - java.util.zip.InflaterInputStream::read@93 (line 157)
                      ; - java.util.zip.ZipInputStream::read@80 (line 196)
                      ; - java.io.FilterInputStream::read@5 (line 106)
                      ; - kotlin.io.ByteStreamsKt::copyTo@22 (line 106)
  0x000001a913e846d4: 285a 3bfe | ba83 0000 | 0048 8b6c | 2440 4c8b | 5424 504c | 8954 2428 | 4c89 5424 | 304c 8944 
  0x000001a913e846f4: 2448 4c89 | 4424 5090 

  0x000001a913e846fc: ;   {runtime_call UncommonTrapBlob}
  0x000001a913e846fc: c5f8 77e8 

  0x000001a913e84700: ; ImmutableOopMap {rbp=Oop [40]=Oop [48]=Oop [72]=Oop [80]=Oop }
                      ;*new {reexecute=0 rethrow=0 return_oop=0}
                      ; - java.util.zip.InflaterInputStream::fill@33 (line 244)
                      ; - java.util.zip.InflaterInputStream::read@100 (line 158)
                      ; - java.util.zip.ZipInputStream::read@80 (line 196)
                      ; - java.io.FilterInputStream::read@5 (line 106)
                      ; - kotlin.io.ByteStreamsKt::copyTo@22 (line 106)
  0x000001a913e84700: fc59 3bfe | baf6 ffff | ff4c 8b54 | 2440 4c89 | 5424 204c | 8b54 2450 | 4c89 5424 | 304c 8954 
  0x000001a913e84720: 2438 448b | 5c24 5c44 | 895c 2440 | 4c89 4424 | 504c 8944 | 2458 8944 | 2444 6690 

  0x000001a913e8473c: ;   {runtime_call UncommonTrapBlob}
  0x000001a913e8473c: c5f8 77e8 

  0x000001a913e84740: ; ImmutableOopMap {rbp=NarrowOop [32]=Oop [48]=Oop [56]=Oop [80]=Oop [88]=Oop }
                      ;*invokevirtual setInput {reexecute=0 rethrow=0 return_oop=0}
                      ; - java.util.zip.InflaterInputStream::fill@56 (line 246)
                      ; - java.util.zip.InflaterInputStream::read@100 (line 158)
                      ; - java.util.zip.ZipInputStream::read@80 (line 196)
                      ; - java.io.FilterInputStream::read@5 (line 106)
                      ; - kotlin.io.ByteStreamsKt::copyTo@22 (line 106)
  0x000001a913e84740: bc59 3bfe | 498b c948 | 8d94 24d0 | 0000 004d | 8bc7 c5f8 | 7749 ba10 | 451c d0f9 | 7f00 0041 
  0x000001a913e84760: ffd2 e916 | e4ff ff4c | 894c 2468 | 4889 7424 | 6049 8beb | 4489 5c24 | 4c49 8bd1 | 4c8d 8424 
  0x000001a913e84780: d000 0000 

  0x000001a913e84784: ;   {runtime_call _complete_monitor_locking_Java}
  0x000001a913e84784: c5f8 77e8 

  0x000001a913e84788: ; ImmutableOopMap {rbp=Oop [40]=Derived_oop_[80] [56]=Oop [64]=Oop [76]=NarrowOop [80]=Oop [96]=Oop [104]=Oop }
                      ;*monitorenter {reexecute=0 rethrow=0 return_oop=0}
                      ; - java.util.zip.Inflater::needsDictionary@6 (line 313)
                      ; - java.util.zip.InflaterInputStream::read@76 (line 153)
                      ; - java.util.zip.ZipInputStream::read@80 (line 196)
                      ; - java.io.FilterInputStream::read@5 (line 106)
                      ; - kotlin.io.ByteStreamsKt::copyTo@22 (line 106)
  0x000001a913e84788: 740a 46fe | 488b 7424 | 6044 8b5c | 244c 4c8b | 4c24 68e9 | 3ae3 ffff | 4889 4c24 | 6844 894c 
  0x000001a913e847a8: 2458 4889 | 7424 6049 | 8beb 4489 | 5c24 4c48 | 8bd1 4c8d | 8424 d000 | 0000 6690 

  0x000001a913e847c4: ;   {runtime_call _complete_monitor_locking_Java}
  0x000001a913e847c4: c5f8 77e8 

  0x000001a913e847c8: ; ImmutableOopMap {rbp=Oop [40]=Derived_oop_[80] [56]=Oop [64]=Oop [76]=NarrowOop [80]=Oop [88]=NarrowOop [96]=Oop [104]=Oop }
                      ;*monitorenter {reexecute=0 rethrow=0 return_oop=0}
                      ; - java.util.zip.Inflater::needsInput@6 (line 301)
                      ; - java.util.zip.InflaterInputStream::read@93 (line 157)
                      ; - java.util.zip.ZipInputStream::read@80 (line 196)
                      ; - java.io.FilterInputStream::read@5 (line 106)
                      ; - kotlin.io.ByteStreamsKt::copyTo@22 (line 106)
  0x000001a913e847c8: 340a 46fe | 488b 7424 | 6044 8b5c | 244c 448b | 4c24 5848 | 8b4c 2468 | e91e e4ff | ff48 8d94 
  0x000001a913e847e8: 24d0 0000 | 004d 8bc7 | c5f8 7749 | ba10 451c | d0f9 7f00 | 0041 ffd2 | e90a e5ff | ffba c6ff 
  0x000001a913e84808: ffff 4c8b | 5424 404c | 8954 2420 | 4c89 6c24 | 2866 6690 

  0x000001a913e8481c: ;   {runtime_call UncommonTrapBlob}
  0x000001a913e8481c: c5f8 77e8 

  0x000001a913e84820: ; ImmutableOopMap {[32]=Oop [56]=Oop [80]=Oop }
                      ;*invokevirtual read {reexecute=0 rethrow=0 return_oop=0}
                      ; - kotlin.io.ByteStreamsKt::copyTo@50 (line 110)
  0x000001a913e84820: dc58 3bfe | bac6 ffff | ff48 8b6c | 2438 4c89 | 6c24 2890 

  0x000001a913e84834: ;   {runtime_call UncommonTrapBlob}
  0x000001a913e84834: c5f8 77e8 

  0x000001a913e84838: ; ImmutableOopMap {rbp=Oop [64]=Oop [80]=Oop }
                      ;*invokevirtual write {reexecute=0 rethrow=0 return_oop=0}
                      ; - kotlin.io.ByteStreamsKt::copyTo@38 (line 108)
  0x000001a913e84838: c458 3bfe | ba45 ffff | ff4c 8b54 | 2440 4c89 | 5424 204c | 8944 2430 | 4889 5c24 | 4866 6690 
  0x000001a913e84858: ;   {runtime_call UncommonTrapBlob}
  0x000001a913e84858: c5f8 77e8 

  0x000001a913e8485c: ; ImmutableOopMap {[32]=Oop [48]=Oop [72]=Oop [80]=Oop }
                      ;*ifeq {reexecute=1 rethrow=0 return_oop=0}
                      ; - (reexecute) java.util.zip.ZipInputStream::ensureOpen@4 (line 68)
                      ; - java.util.zip.ZipInputStream::read@1 (line 184)
                      ; - java.io.FilterInputStream::read@5 (line 106)
                      ; - kotlin.io.ByteStreamsKt::copyTo@22 (line 106)
  0x000001a913e8485c: a058 3bfe | ba45 ffff | ff48 8b6c | 2440 4c89 | 4424 2844 | 894c 2434 | 4889 5c24 | 4066 6690 
  0x000001a913e8487c: ;   {runtime_call UncommonTrapBlob}
  0x000001a913e8487c: c5f8 77e8 

  0x000001a913e84880: ; ImmutableOopMap {rbp=Oop [40]=Oop [64]=Oop [80]=Oop }
                      ;*ifne {reexecute=1 rethrow=0 return_oop=0}
                      ; - (reexecute) java.util.zip.ZipInputStream::read@29 (line 187)
                      ; - java.io.FilterInputStream::read@5 (line 106)
                      ; - kotlin.io.ByteStreamsKt::copyTo@22 (line 106)
  0x000001a913e84880: 7c58 3bfe | ba45 ffff | ff4c 8b54 | 2440 4c89 | 5424 204c | 8944 2430 | 4c89 4424 | 3844 894c 
  0x000001a913e848a0: 2440 4889 | 5c24 5048 | 895c 2458 

  0x000001a913e848ac: ;   {runtime_call UncommonTrapBlob}
  0x000001a913e848ac: c5f8 77e8 

  0x000001a913e848b0: ; ImmutableOopMap {[32]=Oop [48]=Oop [56]=Oop [80]=Oop [88]=Oop }
                      ;*ifeq {reexecute=1 rethrow=0 return_oop=0}
                      ; - (reexecute) java.util.zip.InflaterInputStream::ensureOpen@4 (line 66)
                      ; - java.util.zip.InflaterInputStream::read@1 (line 142)
                      ; - java.util.zip.ZipInputStream::read@80 (line 196)
                      ; - java.io.FilterInputStream::read@5 (line 106)
                      ; - kotlin.io.ByteStreamsKt::copyTo@22 (line 106)
  0x000001a913e848b0: 4c58 3bfe | 448b 5424 | 4845 33db | 413b f845 | 0f4d d3ba | 45ff ffff | 488b 6c24 | 404c 8b5c 
  0x000001a913e848d0: 2450 4c89 | 5c24 284c | 895c 2430 | 448b 5c24 | 5c44 895c | 2438 4889 | 7424 4848 | 8974 2450 
  0x000001a913e848f0: 4489 5424 | 5844 894c | 245c 6690 

  0x000001a913e848fc: ;   {runtime_call UncommonTrapBlob}
  0x000001a913e848fc: c5f8 77e8 

  0x000001a913e84900: ; ImmutableOopMap {rbp=Oop [40]=Oop [48]=Oop [72]=Oop [80]=Oop [92]=NarrowOop }
                      ;*ifne {reexecute=1 rethrow=0 return_oop=0}
                      ; - (reexecute) java.util.zip.Inflater::needsInput@39 (line 303)
                      ; - java.util.zip.InflaterInputStream::read@93 (line 157)
                      ; - java.util.zip.ZipInputStream::read@80 (line 196)
                      ; - java.io.FilterInputStream::read@5 (line 106)
                      ; - kotlin.io.ByteStreamsKt::copyTo@22 (line 106)
  0x000001a913e84900: fc57 3bfe | ba45 ffff | ff48 8b6c | 2440 4c8b | 5424 504c | 8954 2428 | 8974 243c | 8944 2440 
  0x000001a913e84920: 8944 2444 

  0x000001a913e84924: ;   {runtime_call UncommonTrapBlob}
  0x000001a913e84924: c5f8 77e8 

  0x000001a913e84928: ; ImmutableOopMap {rbp=Oop [40]=Oop [60]=NarrowOop [80]=Oop [96]=Oop }
                      ;*iflt {reexecute=1 rethrow=0 return_oop=0}
                      ; - (reexecute) java.util.zip.CRC32::update@17 (line 76)
                      ; - java.util.zip.ZipInputStream::read@117 (line 202)
                      ; - java.io.FilterInputStream::read@5 (line 106)
                      ; - kotlin.io.ByteStreamsKt::copyTo@22 (line 106)
  0x000001a913e84928: d457 3bfe | ba45 ffff | ff4c 8b54 | 2440 4c89 | 5424 204c | 8b54 2450 | 4c89 5424 | 3089 7424 
  0x000001a913e84948: 4489 4424 | 4866 6690 

  0x000001a913e84950: ;   {runtime_call UncommonTrapBlob}
  0x000001a913e84950: c5f8 77e8 

  0x000001a913e84954: ; ImmutableOopMap {[32]=Oop [48]=Oop [68]=NarrowOop [80]=Oop [96]=Oop }
                      ;*if_icmple {reexecute=1 rethrow=0 return_oop=0}
                      ; - (reexecute) java.util.zip.CRC32::update@25 (line 76)
                      ; - java.util.zip.ZipInputStream::read@117 (line 202)
                      ; - java.io.FilterInputStream::read@5 (line 106)
                      ; - kotlin.io.ByteStreamsKt::copyTo@22 (line 106)
  0x000001a913e84954: a857 3bfe | ba45 ffff | ff48 8b6c | 2440 4c8b | 5424 504c | 8954 2428 | 4c89 5424 | 3089 7424 
  0x000001a913e84974: 4889 4c24 | 4c89 4424 | 5089 4424 | 5466 6690 

  0x000001a913e84984: ;   {runtime_call UncommonTrapBlob}
  0x000001a913e84984: c5f8 77e8 

  0x000001a913e84988: ; ImmutableOopMap {rbp=Oop [40]=Oop [48]=Oop [72]=NarrowOop [96]=Oop }
                      ;*if_icmplt {reexecute=1 rethrow=0 return_oop=0}
                      ; - (reexecute) java.util.zip.CRC32::updateBytesCheck@17 (line 152)
                      ; - java.util.zip.CRC32::updateBytes@3 (line 138)
                      ; - java.util.zip.CRC32::update@44 (line 79)
                      ; - java.util.zip.ZipInputStream::read@117 (line 202)
                      ; - java.io.FilterInputStream::read@5 (line 106)
                      ; - kotlin.io.ByteStreamsKt::copyTo@22 (line 106)
  0x000001a913e84988: 7457 3bfe | ba3d ffff | ff4c 8b54 | 2440 4c89 | 5424 204c | 8b54 2450 | 4c89 5424 | 304c 8954 
  0x000001a913e849a8: 2438 8974 | 244c 894c | 2450 8944 | 2454 6690 

  0x000001a913e849b8: ;   {runtime_call UncommonTrapBlob}
  0x000001a913e849b8: c5f8 77e8 

  0x000001a913e849bc: ; ImmutableOopMap {[32]=Oop [48]=Oop [56]=Oop [76]=NarrowOop [96]=Oop }
                      ;*iflt {reexecute=1 rethrow=0 return_oop=0}
                      ; - (reexecute) java.util.zip.CRC32::updateBytesCheck@36 (line 157)
                      ; - java.util.zip.CRC32::updateBytes@3 (line 138)
                      ; - java.util.zip.CRC32::update@44 (line 79)
                      ; - java.util.zip.ZipInputStream::read@117 (line 202)
                      ; - java.io.FilterInputStream::read@5 (line 106)
                      ; - kotlin.io.ByteStreamsKt::copyTo@22 (line 106)
  0x000001a913e849bc: 4057 3bfe | ba45 ffff | ff4c 8b54 | 2440 4c89 | 5424 204c | 8b54 2450 | 4c89 5424 | 304c 8954 
  0x000001a913e849dc: 2438 448b | 5c24 5c44 | 895c 2440 | 4889 7424 | 5048 8974 | 2458 6690 

  0x000001a913e849f4: ;   {runtime_call UncommonTrapBlob}
  0x000001a913e849f4: c5f8 77e8 

  0x000001a913e849f8: ; ImmutableOopMap {[32]=Oop [48]=Oop [56]=Oop [80]=Oop [88]=Oop }
                      ;*ifeq {reexecute=1 rethrow=0 return_oop=0}
                      ; - (reexecute) java.util.zip.InflaterInputStream::read@79 (line 153)
                      ; - java.util.zip.ZipInputStream::read@80 (line 196)
                      ; - java.io.FilterInputStream::read@5 (line 106)
                      ; - kotlin.io.ByteStreamsKt::copyTo@22 (line 106)
  0x000001a913e849f8: 0457 3bfe | ba45 ffff | ff4c 8b54 | 2440 4c89 | 5424 204c | 8b54 2450 | 4c89 5424 | 304c 8954 
  0x000001a913e84a18: 2438 448b | 5424 5c44 | 8954 2440 | 4889 7424 | 5048 8974 | 2458 6690 

  0x000001a913e84a30: ;   {runtime_call UncommonTrapBlob}
  0x000001a913e84a30: c5f8 77e8 

  0x000001a913e84a34: ; ImmutableOopMap {[32]=Oop [48]=Oop [56]=Oop [80]=Oop [88]=Oop }
                      ;*ifeq {reexecute=1 rethrow=0 return_oop=0}
                      ; - (reexecute) java.util.zip.InflaterInputStream::ensureOpen@4 (line 66)
                      ; - java.util.zip.InflaterInputStream::fill@1 (line 241)
                      ; - java.util.zip.InflaterInputStream::read@100 (line 158)
                      ; - java.util.zip.ZipInputStream::read@80 (line 196)
                      ; - java.io.FilterInputStream::read@5 (line 106)
                      ; - kotlin.io.ByteStreamsKt::copyTo@22 (line 106)
  0x000001a913e84a34: c856 3bfe | ba45 ffff | ff4c 8b5c | 2440 4c89 | 5c24 204c | 896c 2428 | 4889 5c24 | 3844 8954 
  0x000001a913e84a54: 244c 6690 

  0x000001a913e84a58: ;   {runtime_call UncommonTrapBlob}
  0x000001a913e84a58: c5f8 77e8 

  0x000001a913e84a5c: ; ImmutableOopMap {[32]=Oop [56]=Oop [80]=Oop }
                      ;*lookupswitch {reexecute=1 rethrow=0 return_oop=0}
                      ; - (reexecute) java.util.zip.ZipInputStream::read@50 (line 194)
                      ; - java.io.FilterInputStream::read@5 (line 106)
                      ; - kotlin.io.ByteStreamsKt::copyTo@50 (line 110)
  0x000001a913e84a5c: a056 3bfe | 498b d7c5 | f877 49ba | 50ce dacf | f97f 0000 | 41ff d2e9 | 1fee ffff | 4c8b 5c24 
  0x000001a913e84a7c: 304d 3bd3 | bdff ffff | ff7c 0840 | 0f95 c540 | 0fb6 edba | 45ff ffff | 4c8b 5424 | 404c 8954 
  0x000001a913e84a9c: 2428 4c89 | 6c24 304c | 8b54 2450 | 4889 5c24 | 404c 8954 | 2448 6690 

  0x000001a913e84ab4: ;   {runtime_call UncommonTrapBlob}
  0x000001a913e84ab4: c5f8 77e8 

  0x000001a913e84ab8: ; ImmutableOopMap {[40]=Oop [64]=Oop [72]=Oop }
                      ;*ifgt {reexecute=1 rethrow=0 return_oop=0}
                      ; - (reexecute) java.util.zip.ZipInputStream::read@128 (line 206)
                      ; - java.io.FilterInputStream::read@5 (line 106)
                      ; - kotlin.io.ByteStreamsKt::copyTo@50 (line 110)
  0x000001a913e84ab8: 4456 3bfe | 498b d7c5 | f877 49ba | 50ce dacf | f97f 0000 | 41ff d2e9 | 5be3 ffff | bac6 ffff 
  0x000001a913e84ad8: ff48 8b6c | 2438 4c89 | 4424 3890 

  0x000001a913e84ae4: ;   {runtime_call UncommonTrapBlob}
  0x000001a913e84ae4: c5f8 77e8 

  0x000001a913e84ae8: ; ImmutableOopMap {rbp=Oop [56]=Oop [64]=Oop [80]=Oop }
                      ;*invokevirtual read {reexecute=0 rethrow=0 return_oop=0}
                      ; - kotlin.io.ByteStreamsKt::copyTo@22 (line 106)
  0x000001a913e84ae8: 1456 3bfe | ba45 ffff | ff4c 8b54 | 2440 4c89 | 5424 204c | 8944 2430 | 4889 5c24 | 4866 6690 
  0x000001a913e84b08: ;   {runtime_call UncommonTrapBlob}
  0x000001a913e84b08: c5f8 77e8 

  0x000001a913e84b0c: ; ImmutableOopMap {[32]=Oop [48]=Oop [72]=Oop [80]=Oop }
                      ;*lookupswitch {reexecute=1 rethrow=0 return_oop=0}
                      ; - (reexecute) java.util.zip.ZipInputStream::read@50 (line 194)
                      ; - java.io.FilterInputStream::read@5 (line 106)
                      ; - kotlin.io.ByteStreamsKt::copyTo@22 (line 106)
  0x000001a913e84b0c: f055 3bfe | baf6 ffff | ff44 895c | 2420 895c | 2424 6690 

  0x000001a913e84b20: ;   {runtime_call UncommonTrapBlob}
  0x000001a913e84b20: c5f8 77e8 

  0x000001a913e84b24: ; ImmutableOopMap {[80]=Oop [96]=Oop }
                      ;*invokestatic arraycopy {reexecute=0 rethrow=0 return_oop=0}
                      ; - java.io.ByteArrayOutputStream::write@29 (line 131)
                      ; - kotlin.io.ByteStreamsKt::copyTo@38 (line 108)
  0x000001a913e84b24: d855 3bfe | 498b d7c5 | f877 49ba | 50ce dacf | f97f 0000 | 41ff d2e9 | 44ee ffff | 4533 db4d 
  0x000001a913e84b44: 3bd3 bdff | ffff ff7c | 0840 0f95 | c540 0fb6 | edba 45ff | ffff 4c8b | 5424 404c | 8954 2420 
  0x000001a913e84b64: 4c89 4424 | 3048 895c | 2448 6690 

  0x000001a913e84b70: ;   {runtime_call UncommonTrapBlob}
  0x000001a913e84b70: c5f8 77e8 

  0x000001a913e84b74: ; ImmutableOopMap {[32]=Oop [48]=Oop [72]=Oop [80]=Oop }
                      ;*ifgt {reexecute=1 rethrow=0 return_oop=0}
                      ; - (reexecute) java.util.zip.ZipInputStream::read@128 (line 206)
                      ; - java.io.FilterInputStream::read@5 (line 106)
                      ; - kotlin.io.ByteStreamsKt::copyTo@22 (line 106)
  0x000001a913e84b74: 8855 3bfe | baf6 ffff | ff66 6690 

  0x000001a913e84b80: ;   {runtime_call UncommonTrapBlob}
  0x000001a913e84b80: c5f8 77e8 

  0x000001a913e84b84: ; ImmutableOopMap {[96]=Oop }
                      ;*athrow {reexecute=1 rethrow=0 return_oop=0}
                      ; - (reexecute) jdk.internal.util.Preconditions::checkFromIndexSize@22 (line 361)
                      ; - java.util.Objects::checkFromIndexSize@4 (line 413)
                      ; - java.io.ByteArrayOutputStream::write@4 (line 129)
                      ; - kotlin.io.ByteStreamsKt::copyTo@38 (line 108)
  0x000001a913e84b84: 7855 3bfe | 488b 4c24 | 6048 8d94 | 24d0 0000 | 004d 8bc7 | c5f8 7749 | ba10 451c | d0f9 7f00 
  0x000001a913e84ba4: 0041 ffd2 | e99a f2ff | ff8b 6c24 | 5c48 8bd0 | 4c8b 5424 | 684c 8954 | 2420 6690 

  0x000001a913e84bc0: ;   {runtime_call _rethrow_Java}
  0x000001a913e84bc0: c5f8 77e8 

  0x000001a913e84bc4: ; ImmutableOopMap {[32]=Oop [64]=Oop [80]=Oop }
                      ;*invokevirtual inflate {reexecute=0 rethrow=0 return_oop=1}
                      ; - java.util.zip.InflaterInputStream::read@53 (line 152)
                      ; - java.util.zip.ZipInputStream::read@80 (line 196)
                      ; - java.io.FilterInputStream::read@5 (line 106)
                      ; - kotlin.io.ByteStreamsKt::copyTo@50 (line 110)
  0x000001a913e84bc4: 380f 46fe | 488b d0eb | 0348 8bd0 | 8b6c 245c | 4c8b 5424 | 684c 8954 | 2420 6690 

  0x000001a913e84be0: ;   {runtime_call _rethrow_Java}
  0x000001a913e84be0: c5f8 77e8 

  0x000001a913e84be4: ; ImmutableOopMap {[32]=Oop [64]=Oop [80]=Oop }
                      ;*invokevirtual fill {reexecute=0 rethrow=0 return_oop=1}
                      ; - java.util.zip.InflaterInputStream::read@100 (line 158)
                      ; - java.util.zip.ZipInputStream::read@80 (line 196)
                      ; - java.io.FilterInputStream::read@5 (line 106)
                      ; - kotlin.io.ByteStreamsKt::copyTo@50 (line 110)
  0x000001a913e84be4: 180f 46fe | baf6 ffff | ff66 6690 

  0x000001a913e84bf0: ;   {runtime_call UncommonTrapBlob}
  0x000001a913e84bf0: c5f8 77e8 

  0x000001a913e84bf4: ; ImmutableOopMap {[96]=Oop }
                      ;*arraylength {reexecute=0 rethrow=0 return_oop=0}
                      ; - java.io.ByteArrayOutputStream::ensureCapacity@4 (line 97)
                      ; - java.io.ByteArrayOutputStream::write@15 (line 130)
                      ; - kotlin.io.ByteStreamsKt::copyTo@38 (line 108)
  0x000001a913e84bf4: 0855 3bfe | 8b6c 245c | 488b d04c | 8b54 2460 | 4c89 5424 | 204c 8b54 | 2450 4c89 | 5424 3090 
  0x000001a913e84c14: ;   {runtime_call _rethrow_Java}
  0x000001a913e84c14: c5f8 77e8 

  0x000001a913e84c18: ; ImmutableOopMap {[32]=Oop [48]=Oop [64]=Oop [80]=Oop [96]=Oop }
                      ;*invokevirtual inflate {reexecute=0 rethrow=0 return_oop=1}
                      ; - java.util.zip.InflaterInputStream::read@53 (line 152)
                      ; - java.util.zip.ZipInputStream::read@80 (line 196)
                      ; - java.io.FilterInputStream::read@5 (line 106)
                      ; - kotlin.io.ByteStreamsKt::copyTo@22 (line 106)
  0x000001a913e84c18: e40e 46fe | baf6 ffff | ff89 4424 | 2066 6690 

  0x000001a913e84c28: ;   {runtime_call UncommonTrapBlob}
  0x000001a913e84c28: c5f8 77e8 

  0x000001a913e84c2c: ; ImmutableOopMap {[80]=Oop }
                      ;*invokevirtual update {reexecute=0 rethrow=0 return_oop=0}
                      ; - java.util.zip.ZipInputStream::read@117 (line 202)
                      ; - java.io.FilterInputStream::read@5 (line 106)
                      ; - kotlin.io.ByteStreamsKt::copyTo@50 (line 110)
  0x000001a913e84c2c: d054 3bfe | baf6 ffff | ff4c 8b54 | 2440 4c89 | 5424 2090 

  0x000001a913e84c40: ;   {runtime_call UncommonTrapBlob}
  0x000001a913e84c40: c5f8 77e8 

  0x000001a913e84c44: ; ImmutableOopMap {rbp=Oop [32]=Oop [80]=Oop }
                      ;*invokevirtual finished {reexecute=0 rethrow=0 return_oop=0}
                      ; - java.util.zip.InflaterInputStream::read@66 (line 153)
                      ; - java.util.zip.ZipInputStream::read@80 (line 196)
                      ; - java.io.FilterInputStream::read@5 (line 106)
                      ; - kotlin.io.ByteStreamsKt::copyTo@50 (line 110)
  0x000001a913e84c44: b854 3bfe | baf6 ffff | ff4c 8b54 | 2440 4c89 | 5424 2090 

  0x000001a913e84c58: ;   {runtime_call UncommonTrapBlob}
  0x000001a913e84c58: c5f8 77e8 

  0x000001a913e84c5c: ; ImmutableOopMap {rbp=Oop [32]=Oop [80]=Oop }
                      ;*invokevirtual needsDictionary {reexecute=0 rethrow=0 return_oop=0}
                      ; - java.util.zip.InflaterInputStream::read@76 (line 153)
                      ; - java.util.zip.ZipInputStream::read@80 (line 196)
                      ; - java.io.FilterInputStream::read@5 (line 106)
                      ; - kotlin.io.ByteStreamsKt::copyTo@50 (line 110)
  0x000001a913e84c5c: a054 3bfe | baf6 ffff | ff4c 8b54 | 2440 4c89 | 5424 2090 

  0x000001a913e84c70: ;   {runtime_call UncommonTrapBlob}
  0x000001a913e84c70: c5f8 77e8 

  0x000001a913e84c74: ; ImmutableOopMap {rbp=Oop [32]=Oop [80]=Oop }
                      ;*invokevirtual needsInput {reexecute=0 rethrow=0 return_oop=0}
                      ; - java.util.zip.InflaterInputStream::read@93 (line 157)
                      ; - java.util.zip.ZipInputStream::read@80 (line 196)
                      ; - java.io.FilterInputStream::read@5 (line 106)
                      ; - kotlin.io.ByteStreamsKt::copyTo@50 (line 110)
  0x000001a913e84c74: 8854 3bfe | baf6 ffff | ff4c 8b54 | 2440 4c89 | 5424 2090 

  0x000001a913e84c88: ;   {runtime_call UncommonTrapBlob}
  0x000001a913e84c88: c5f8 77e8 

  0x000001a913e84c8c: ; ImmutableOopMap {rbp=Oop [32]=Oop [80]=Oop }
                      ;*arraylength {reexecute=0 rethrow=0 return_oop=0}
                      ; - java.util.zip.InflaterInputStream::fill@18 (line 242)
                      ; - java.util.zip.InflaterInputStream::read@100 (line 158)
                      ; - java.util.zip.ZipInputStream::read@80 (line 196)
                      ; - java.io.FilterInputStream::read@5 (line 106)
                      ; - kotlin.io.ByteStreamsKt::copyTo@50 (line 110)
  0x000001a913e84c8c: 7054 3bfe | 488b d0eb | 0348 8bd0 | 8b6c 245c | 4c8b 5424 | 604c 8954 | 2420 4c8b | 5424 504c 
  0x000001a913e84cac: 8954 2430 

  0x000001a913e84cb0: ;   {runtime_call _rethrow_Java}
  0x000001a913e84cb0: c5f8 77e8 

  0x000001a913e84cb4: ; ImmutableOopMap {[32]=Oop [48]=Oop [64]=Oop [80]=Oop [96]=Oop }
                      ;*invokevirtual fill {reexecute=0 rethrow=0 return_oop=1}
                      ; - java.util.zip.InflaterInputStream::read@100 (line 158)
                      ; - java.util.zip.ZipInputStream::read@80 (line 196)
                      ; - java.io.FilterInputStream::read@5 (line 106)
                      ; - kotlin.io.ByteStreamsKt::copyTo@22 (line 106)
  0x000001a913e84cb4: 480e 46fe | 488b d8e9 | 8ff1 ffff | 488b d8e9 | 87f1 ffff | 488b d8e9 | 7ff1 ffff | baf6 ffff 
  0x000001a913e84cd4: ff89 4424 | 2066 6690 

  0x000001a913e84cdc: ;   {runtime_call UncommonTrapBlob}
  0x000001a913e84cdc: c5f8 77e8 

  0x000001a913e84ce0: ; ImmutableOopMap {rbp=Oop }
                      ;*invokevirtual update {reexecute=0 rethrow=0 return_oop=0}
                      ; - java.util.zip.ZipInputStream::read@117 (line 202)
                      ; - java.io.FilterInputStream::read@5 (line 106)
                      ; - kotlin.io.ByteStreamsKt::copyTo@22 (line 106)
  0x000001a913e84ce0: 1c54 3bfe | baf6 ffff | ff48 8b6c | 2440 4c8b | 5424 504c | 8954 2428 | 4c89 5424 | 3048 8974 
  0x000001a913e84d00: 2448 4889 | 7424 5090 

  0x000001a913e84d08: ;   {runtime_call UncommonTrapBlob}
  0x000001a913e84d08: c5f8 77e8 

  0x000001a913e84d0c: ; ImmutableOopMap {rbp=Oop [40]=Oop [48]=Oop [72]=Oop [80]=Oop }
                      ;*invokevirtual finished {reexecute=0 rethrow=0 return_oop=0}
                      ; - java.util.zip.InflaterInputStream::read@66 (line 153)
                      ; - java.util.zip.ZipInputStream::read@80 (line 196)
                      ; - java.io.FilterInputStream::read@5 (line 106)
                      ; - kotlin.io.ByteStreamsKt::copyTo@22 (line 106)
  0x000001a913e84d0c: f053 3bfe | baf6 ffff | ff48 8b6c | 2440 4c8b | 5424 504c | 8954 2428 | 4c89 5424 | 3048 8974 
  0x000001a913e84d2c: 2448 4889 | 7424 5090 

  0x000001a913e84d34: ;   {runtime_call UncommonTrapBlob}
  0x000001a913e84d34: c5f8 77e8 

  0x000001a913e84d38: ; ImmutableOopMap {rbp=Oop [40]=Oop [48]=Oop [72]=Oop [80]=Oop }
                      ;*invokevirtual needsDictionary {reexecute=0 rethrow=0 return_oop=0}
                      ; - java.util.zip.InflaterInputStream::read@76 (line 153)
                      ; - java.util.zip.ZipInputStream::read@80 (line 196)
                      ; - java.io.FilterInputStream::read@5 (line 106)
                      ; - kotlin.io.ByteStreamsKt::copyTo@22 (line 106)
  0x000001a913e84d38: c453 3bfe | baf6 ffff | ff48 8b6c | 2440 4c8b | 5424 504c | 8954 2428 | 4c89 5424 | 3048 8974 
  0x000001a913e84d58: 2448 4889 | 7424 5090 

  0x000001a913e84d60: ;   {runtime_call UncommonTrapBlob}
  0x000001a913e84d60: c5f8 77e8 

  0x000001a913e84d64: ; ImmutableOopMap {rbp=Oop [40]=Oop [48]=Oop [72]=Oop [80]=Oop }
                      ;*invokevirtual needsInput {reexecute=0 rethrow=0 return_oop=0}
                      ; - java.util.zip.InflaterInputStream::read@93 (line 157)
                      ; - java.util.zip.ZipInputStream::read@80 (line 196)
                      ; - java.io.FilterInputStream::read@5 (line 106)
                      ; - kotlin.io.ByteStreamsKt::copyTo@22 (line 106)
  0x000001a913e84d64: 9853 3bfe | baf6 ffff | ff48 8b6c | 2440 4c8b | 5424 504c | 8954 2428 | 4c89 5424 | 3048 8974 
  0x000001a913e84d84: 2448 4889 | 7424 5090 

  0x000001a913e84d8c: ;   {runtime_call UncommonTrapBlob}
  0x000001a913e84d8c: c5f8 77e8 

  0x000001a913e84d90: ; ImmutableOopMap {rbp=Oop [40]=Oop [48]=Oop [72]=Oop [80]=Oop }
                      ;*arraylength {reexecute=0 rethrow=0 return_oop=0}
                      ; - java.util.zip.InflaterInputStream::fill@18 (line 242)
                      ; - java.util.zip.InflaterInputStream::read@100 (line 158)
                      ; - java.util.zip.ZipInputStream::read@80 (line 196)
                      ; - java.io.FilterInputStream::read@5 (line 106)
                      ; - kotlin.io.ByteStreamsKt::copyTo@22 (line 106)
  0x000001a913e84d90: 6c53 3bfe | baf6 ffff | ff66 6690 

  0x000001a913e84d9c: ;   {runtime_call UncommonTrapBlob}
  0x000001a913e84d9c: c5f8 77e8 

  0x000001a913e84da0: ; ImmutableOopMap {}
                      ;*getfield append {reexecute=1 rethrow=0 return_oop=0}
                      ; - (reexecute) java.io.FileDescriptor$1::getAppend@1 (line 84)
                      ; - java.io.FileOutputStream::write@11 (line 349)
                      ; - kotlin.io.ByteStreamsKt::copyTo@38 (line 108)
  0x000001a913e84da0: 5c53 3bfe | ba45 ffff | ff48 8b6c | 2438 4c89 | 4424 2044 | 894c 2430 

  0x000001a913e84db8: ;   {runtime_call UncommonTrapBlob}
  0x000001a913e84db8: c5f8 77e8 

  0x000001a913e84dbc: ; ImmutableOopMap {rbp=Oop [32]=Oop }
                      ;*ifnonnull {reexecute=1 rethrow=0 return_oop=0}
                      ; - (reexecute) kotlin.jvm.internal.Intrinsics::checkNotNullParameter@1 (line 130)
                      ; - kotlin.io.ByteStreamsKt::copyTo@3
  0x000001a913e84dbc: 4053 3bfe | ba45 ffff | ff48 8b6c | 2438 4c89 | 4424 2844 | 894c 2430 

  0x000001a913e84dd4: ;   {runtime_call UncommonTrapBlob}
  0x000001a913e84dd4: c5f8 77e8 

  0x000001a913e84dd8: ; ImmutableOopMap {rbp=Oop [40]=Oop [64]=Oop }
                      ;*ifnonnull {reexecute=1 rethrow=0 return_oop=0}
                      ; - (reexecute) kotlin.jvm.internal.Intrinsics::checkNotNullParameter@1 (line 130)
                      ; - kotlin.io.ByteStreamsKt::copyTo@9
  0x000001a913e84dd8: 2453 3bfe | 488b d8e9 | 6bf0 ffff | 488b d8e9 | 63f0 ffff | bab5 ffff | ff48 8b6c | 2420 4c8b 
  0x000001a913e84df8: 5c24 404c | 895c 2420 | 4889 4424 | 4866 6690 

  0x000001a913e84e08: ;   {runtime_call UncommonTrapBlob}
  0x000001a913e84e08: c5f8 77e8 

  0x000001a913e84e0c: ; ImmutableOopMap {rbp=Oop [32]=Oop [72]=Oop [80]=Oop }
                      ;*astore {reexecute=0 rethrow=0 return_oop=0}
                      ; - java.util.zip.InflaterInputStream::read@109 (line 162)
                      ; - java.util.zip.ZipInputStream::read@80 (line 196)
                      ; - java.io.FilterInputStream::read@5 (line 106)
                      ; - kotlin.io.ByteStreamsKt::copyTo@50 (line 110)
  0x000001a913e84e0c: f052 3bfe | 488b d8e9 | 37f0 ffff | bab5 ffff | ff48 8b6c | 2420 4c8b | 5c24 404c | 895c 2420 
  0x000001a913e84e2c: 4889 4424 | 4866 6690 

  0x000001a913e84e34: ;   {runtime_call UncommonTrapBlob}
  0x000001a913e84e34: c5f8 77e8 

  0x000001a913e84e38: ; ImmutableOopMap {rbp=Oop [32]=Oop [72]=Oop [80]=Oop }
                      ;*astore {reexecute=0 rethrow=0 return_oop=0}
                      ; - java.util.zip.InflaterInputStream::read@109 (line 162)
                      ; - java.util.zip.ZipInputStream::read@80 (line 196)
                      ; - java.io.FilterInputStream::read@5 (line 106)
                      ; - kotlin.io.ByteStreamsKt::copyTo@50 (line 110)
  0x000001a913e84e38: c452 3bfe | 488b d8eb | 0d48 8bd8 | 4c8b 5424 | 384c 8954 | 2460 488d | 8424 d000 | 0000 4c8b 
  0x000001a913e84e58: 5c24 6048 | 8138 0000 | 0000 0f84 | 8300 0000 | 4d8b 1349 | f7c2 0200 | 0000 746f | 4981 ba86 
  0x000001a913e84e78: 0000 0000 | 0000 0074 | 0949 ff8a | 8600 0000 | eb51 498b | 8296 0000 | 0049 0b82 | 8e00 0000 
  0x000001a913e84e98: 750a 49c7 | 423e 0000 | 0000 eb47 | 4981 ba9e | 0000 0000 | 0000 0074 | 2548 33c0 | 49c7 423e 
  0x000001a913e84eb8: 0000 0000 | f083 0424 | 0049 81ba | 9e00 0000 | 0000 0000 | 750d f04d | 0fb1 7a3e | 7505 83c8 
  0x000001a913e84ed8: 01eb 10f7 | c000 0000 | 00eb 084c | 8b10 f04d | 0fb1 130f | 845e efff | ff48 8b4c | 2460 488d 
  0x000001a913e84ef8: 9424 d000 | 0000 4d8b | c7c5 f877 | 49ba 1045 | 1cd0 f97f | 0000 41ff | d2e9 39ef | ffff 488b 
  0x000001a913e84f18: d8e9 31ef | ffff bab5 | ffff ff48 | 8b6c 2440 | 4c8b 5c24 | 304c 895c | 2428 4c8b | 5c24 604c 
  0x000001a913e84f38: 895c 2438 | 4889 4424 | 4066 6690 

  0x000001a913e84f44: ;   {runtime_call UncommonTrapBlob}
  0x000001a913e84f44: c5f8 77e8 

  0x000001a913e84f48: ; ImmutableOopMap {rbp=Oop [40]=Oop [56]=Oop [64]=Oop [80]=Oop [96]=Oop }
                      ;*astore {reexecute=0 rethrow=0 return_oop=0}
                      ; - java.util.zip.InflaterInputStream::read@109 (line 162)
                      ; - java.util.zip.ZipInputStream::read@80 (line 196)
                      ; - java.io.FilterInputStream::read@5 (line 106)
                      ; - kotlin.io.ByteStreamsKt::copyTo@22 (line 106)
  0x000001a913e84f48: b451 3bfe | 488b d8e9 | fbee ffff | bab5 ffff | ff48 8b6c | 2440 4c8b | 5c24 304c | 895c 2428 
  0x000001a913e84f68: 4c8b 5c24 | 604c 895c | 2438 4889 | 4424 4090 

  0x000001a913e84f78: ;   {runtime_call UncommonTrapBlob}
  0x000001a913e84f78: c5f8 77e8 

  0x000001a913e84f7c: ; ImmutableOopMap {rbp=Oop [40]=Oop [56]=Oop [64]=Oop [80]=Oop [96]=Oop }
                      ;*astore {reexecute=0 rethrow=0 return_oop=0}
                      ; - java.util.zip.InflaterInputStream::read@109 (line 162)
                      ; - java.util.zip.ZipInputStream::read@80 (line 196)
                      ; - java.io.FilterInputStream::read@5 (line 106)
                      ; - kotlin.io.ByteStreamsKt::copyTo@22 (line 106)
  0x000001a913e84f7c: 8051 3bfe | 488b d8e9 | c7ee ffff 

  0x000001a913e84f88: ;   {internal_word}
  0x000001a913e84f88: 49ba de37 | e813 a901 | 0000 4d89 | 9760 0300 

  0x000001a913e84f98: ;   {runtime_call SafepointBlob}
  0x000001a913e84f98: 00e9 e23f | 3bfe f4f4 
[Stub Code]
  0x000001a913e84fa0: ;   {no_reloc}
  0x000001a913e84fa0: 48bb 0000 | 0000 0000 

  0x000001a913e84fa8: ;   {runtime_call}
  0x000001a913e84fa8: 0000 e9fb 

  0x000001a913e84fac: ;   {static_stub}
  0x000001a913e84fac: ffff ff48 | bb00 0000 | 0000 0000 

  0x000001a913e84fb8: ;   {runtime_call}
  0x000001a913e84fb8: 00e9 fbff 

  0x000001a913e84fbc: ;   {static_stub}
  0x000001a913e84fbc: ffff 48bb | 0000 0000 | 0000 0000 

  0x000001a913e84fc8: ;   {runtime_call}
  0x000001a913e84fc8: e9fb ffff 

  0x000001a913e84fcc: ;   {static_stub}
  0x000001a913e84fcc: ff48 bb00 | 0000 0000 

  0x000001a913e84fd4: ;   {runtime_call}
  0x000001a913e84fd4: 0000 00e9 | fbff ffff 

  0x000001a913e84fdc: ;   {static_stub}
  0x000001a913e84fdc: 48bb 0000 | 0000 0000 

  0x000001a913e84fe4: ;   {runtime_call}
  0x000001a913e84fe4: 0000 e9fb 

  0x000001a913e84fe8: ;   {static_stub}
  0x000001a913e84fe8: ffff ff48 | bb00 0000 | 0000 0000 

  0x000001a913e84ff4: ;   {runtime_call}
  0x000001a913e84ff4: 00e9 fbff 

  0x000001a913e84ff8: ;   {static_stub}
  0x000001a913e84ff8: ffff 48bb | 0000 0000 | 0000 0000 

  0x000001a913e85004: ;   {runtime_call}
  0x000001a913e85004: e9fb ffff 

  0x000001a913e85008: ;   {static_stub}
  0x000001a913e85008: ff48 bb00 | 0000 0000 

  0x000001a913e85010: ;   {runtime_call}
  0x000001a913e85010: 0000 00e9 | fbff ffff 

  0x000001a913e85018: ;   {static_stub}
  0x000001a913e85018: 48bb 0000 | 0000 0000 

  0x000001a913e85020: ;   {runtime_call}
  0x000001a913e85020: 0000 e9fb 

  0x000001a913e85024: ;   {static_stub}
  0x000001a913e85024: ffff ff48 | bb00 0000 | 0000 0000 

  0x000001a913e85030: ;   {runtime_call}
  0x000001a913e85030: 00e9 fbff 

  0x000001a913e85034: ;   {runtime_call ExceptionBlob}
  0x000001a913e85034: ffff e9c5 | 1845 fee8 | 0000 0000 | 4883 2c24 

  0x000001a913e85044: ;   {runtime_call DeoptimizationBlob}
  0x000001a913e85044: 05e9 d653 | 3bfe f4f4 | f4f4 f4f4 
[/MachCode]


Compiled method (c1) 1795946 19859       3       kotlin.io.ByteStreamsKt::readBytes (47 bytes)
 total in heap  [0x000001a90cdb6a10,0x000001a90cdb7ad8] = 4296
 relocation     [0x000001a90cdb6b70,0x000001a90cdb6c88] = 280
 main code      [0x000001a90cdb6ca0,0x000001a90cdb7680] = 2528
 stub code      [0x000001a90cdb7680,0x000001a90cdb7748] = 200
 oops           [0x000001a90cdb7748,0x000001a90cdb7760] = 24
 metadata       [0x000001a90cdb7760,0x000001a90cdb77a0] = 64
 scopes data    [0x000001a90cdb77a0,0x000001a90cdb78e8] = 328
 scopes pcs     [0x000001a90cdb78e8,0x000001a90cdb7a98] = 432
 dependencies   [0x000001a90cdb7a98,0x000001a90cdb7aa0] = 8
 handler table  [0x000001a90cdb7aa0,0x000001a90cdb7ab8] = 24
 nul chk table  [0x000001a90cdb7ab8,0x000001a90cdb7ad8] = 32

[Constant Pool (empty)]

[MachCode]
[Verified Entry Point]
  # {method} {0x000001a94ce2c820} 'readBytes' '(Ljava/io/InputStream;)[B' in 'kotlin/io/ByteStreamsKt'
  # parm0:    rdx:rdx   = 'java/io/InputStream'
  #           [sp+0xd0]  (sp of caller)
  0x000001a90cdb6ca0: 8984 2400 | 90ff ff55 | 4881 ecc0 | 0000 0048 | 8994 2490 

  0x000001a90cdb6cb4: ;   {metadata(method data for {method} {0x000001a94ce2c820} 'readBytes' '(Ljava/io/InputStream;)[B' in 'kotlin/io/ByteStreamsKt')}
  0x000001a90cdb6cb4: 0000 0048 | be00 c0e5 | 4ca9 0100 | 008b becc | 0000 0083 | c702 89be | cc00 0000 | 81e7 fe07 
  0x000001a90cdb6cd4: 0000 83ff | 000f 84bd 

  0x000001a90cdb6cdc: ;   {metadata(method data for {method} {0x000001a94ce2c820} 'readBytes' '(Ljava/io/InputStream;)[B' in 'kotlin/io/ByteStreamsKt')}
  0x000001a90cdb6cdc: 0700 0048 | be00 c0e5 | 4ca9 0100 | 0048 8386 | 1001 0000 

  0x000001a90cdb6cf0: ;   {metadata(method data for {method} {0x000001a93d582fd8} 'checkNotNullParameter' '(Ljava/lang/Object;Ljava/lang/String;)V' in 'kotlin/jvm/internal/Intrinsics')}
  0x000001a90cdb6cf0: 0148 be50 | 7cc7 3ea9 | 0100 008b | becc 0000 | 0083 c702 | 89be cc00 | 0000 81e7 | feff 1f00 
  0x000001a90cdb6d10: 83ff 000f | 84a4 0700 | 0048 83fa 

  0x000001a90cdb6d1c: ;   {metadata(method data for {method} {0x000001a93d582fd8} 'checkNotNullParameter' '(Ljava/lang/Object;Ljava/lang/String;)V' in 'kotlin/jvm/internal/Intrinsics')}
  0x000001a90cdb6d1c: 0048 be50 | 7cc7 3ea9 | 0100 0048 | c7c7 1001 | 0000 0f85 | 0700 0000 | 48c7 c720 | 0100 0048 
  0x000001a90cdb6d3c: 8b04 3e48 | 8d40 0148 | 8904 3e0f | 85ff 0100 

  0x000001a90cdb6d4c: ;   {metadata(method data for {method} {0x000001a93d582fd8} 'checkNotNullParameter' '(Ljava/lang/Object;Ljava/lang/String;)V' in 'kotlin/jvm/internal/Intrinsics')}
  0x000001a90cdb6d4c: 0048 be50 | 7cc7 3ea9 | 0100 0048 | 8386 3001 

  0x000001a90cdb6d5c: ;   {metadata(method data for {method} {0x000001a93d583148} 'throwParameterIsNullNPE' '(Ljava/lang/String;)V' in 'kotlin/jvm/internal/Intrinsics')}
  0x000001a90cdb6d5c: 0000 0148 | bed8 7dc7 | 3ea9 0100 | 008b becc | 0000 0083 | c702 89be | cc00 0000 | 81e7 feff 
  0x000001a90cdb6d7c: 1f00 83ff | 000f 8457 | 0700 0090 

  0x000001a90cdb6d88: ;   {no_reloc}
  0x000001a90cdb6d88: e981 0700 | 0000 0000 | 0000 498b | 8708 0100 | 0048 8d78 | 3049 3bbf | 1801 0000 | 0f87 6e07 
  0x000001a90cdb6da8: 0000 4989 | bf08 0100 | 0048 c700 | 0100 0000 | 488b ca49 | ba00 0000 | 22a9 0100 | 0049 2bca 
  0x000001a90cdb6dc8: 8948 0848 | 33c9 8948 | 0c48 33c9 | 4889 4810 | 4889 4818 | 4889 4820 | 4889 4828 

  0x000001a90cdb6de4: ;   {metadata(method data for {method} {0x000001a93d583148} 'throwParameterIsNullNPE' '(Ljava/lang/String;)V' in 'kotlin/jvm/internal/Intrinsics')}
  0x000001a90cdb6de4: 48ba d87d | c73e a901 | 0000 4883 | 8210 0100 

  0x000001a90cdb6df4: ;   {oop("<this>"{0x00000000816734e8})}
  0x000001a90cdb6df4: 0001 48ba | e834 6781 | 0000 0000 | 4889 8424 | 8800 0000 | 0f1f 8000 

  0x000001a90cdb6e0c: ;   {static_call}
  0x000001a90cdb6e0c: 0000 00e8 

  0x000001a90cdb6e10: ; ImmutableOopMap {[144]=Oop [136]=Oop }
                      ;*invokestatic createParameterIsNullExceptionMessage {reexecute=0 rethrow=0 return_oop=0}
                      ; - kotlin.jvm.internal.Intrinsics::throwParameterIsNullNPE@5 (line 140)
                      ; - kotlin.jvm.internal.Intrinsics::checkNotNullParameter@5 (line 131)
                      ; - kotlin.io.ByteStreamsKt::readBytes@3
  0x000001a90cdb6e10: ecb7 4705 | 4c8b 8424 | 8800 0000 

  0x000001a90cdb6e1c: ;   {metadata(method data for {method} {0x000001a93d583148} 'throwParameterIsNullNPE' '(Ljava/lang/String;)V' in 'kotlin/jvm/internal/Intrinsics')}
  0x000001a90cdb6e1c: 48ba d87d | c73e a901 | 0000 4883 | 8220 0100 | 0001 4c8b | c048 8b94 | 2488 0000 | 0066 0f1f 
  0x000001a90cdb6e3c: ;   {optimized virtual_call}
  0x000001a90cdb6e3c: 4400 00e8 

  0x000001a90cdb6e40: ; ImmutableOopMap {[144]=Oop [136]=Oop }
                      ;*invokespecial <init> {reexecute=0 rethrow=0 return_oop=0}
                      ; - kotlin.jvm.internal.Intrinsics::throwParameterIsNullNPE@8 (line 140)
                      ; - kotlin.jvm.internal.Intrinsics::checkNotNullParameter@5 (line 131)
                      ; - kotlin.io.ByteStreamsKt::readBytes@3
  0x000001a90cdb6e40: bcac 4705 

  0x000001a90cdb6e44: ;   {metadata(method data for {method} {0x000001a93d583148} 'throwParameterIsNullNPE' '(Ljava/lang/String;)V' in 'kotlin/jvm/internal/Intrinsics')}
  0x000001a90cdb6e44: 48ba d87d | c73e a901 | 0000 4883 | 8230 0100 

  0x000001a90cdb6e54: ;   {metadata(method data for {method} {0x000001a93d584128} 'sanitizeStackTrace' '(Ljava/lang/Throwable;)Ljava/lang/Throwable;' in 'kotlin/jvm/internal/Intrinsics')}
  0x000001a90cdb6e54: 0001 48ba | 0886 c73e | a901 0000 | 8bb2 cc00 | 0000 83c6 | 0289 b2cc | 0000 0081 | e6fe ff1f 
  0x000001a90cdb6e74: 0083 fe00 | 0f84 a706 

  0x000001a90cdb6e7c: ;   {oop(a 'java/lang/Class'{0x00000000810c8d00} = 'kotlin/jvm/internal/Intrinsics')}
  0x000001a90cdb6e7c: 0000 48ba | 008d 0c81 | 0000 0000 

  0x000001a90cdb6e88: ;   {metadata(method data for {method} {0x000001a93d584128} 'sanitizeStackTrace' '(Ljava/lang/Throwable;)Ljava/lang/Throwable;' in 'kotlin/jvm/internal/Intrinsics')}
  0x000001a90cdb6e88: 488b f248 | bf08 86c7 | 3ea9 0100 | 0048 8387 | 1001 0000 

  0x000001a90cdb6e9c: ;   {metadata(method data for {method} {0x000001a92243def0} 'getName' '()Ljava/lang/String;' in 'java/lang/Class')}
  0x000001a90cdb6e9c: 0148 be58 | 5205 3da9 | 0100 008b | becc 0000 | 0083 c702 | 89be cc00 | 0000 81e7 | feff 1f00 
  0x000001a90cdb6ebc: 83ff 000f | 8481 0600 | 008b 522c | 4883 fa00 

  0x000001a90cdb6ecc: ;   {metadata(method data for {method} {0x000001a92243def0} 'getName' '()Ljava/lang/String;' in 'java/lang/Class')}
  0x000001a90cdb6ecc: 48be 5852 | 053d a901 | 0000 48c7 | c710 0100 | 000f 8407 | 0000 0048 | c7c7 2001 | 0000 488b 
  0x000001a90cdb6eec: 1c3e 488d | 5b01 4889 | 1c3e 0f84 | 1800 0000 

  0x000001a90cdb6efc: ;   {metadata(method data for {method} {0x000001a92243def0} 'getName' '()Ljava/lang/String;' in 'java/lang/Class')}
  0x000001a90cdb6efc: 48be 5852 | 053d a901 | 0000 ff86 | 3001 0000 | 488b f2e9 | 2b00 0000 

  0x000001a90cdb6f14: ;   {oop(a 'java/lang/Class'{0x00000000810c8d00} = 'kotlin/jvm/internal/Intrinsics')}
  0x000001a90cdb6f14: 48ba 008d | 0c81 0000 | 0000 488b 

  0x000001a90cdb6f20: ;   {metadata(method data for {method} {0x000001a92243def0} 'getName' '()Ljava/lang/String;' in 'java/lang/Class')}
  0x000001a90cdb6f20: f248 bf58 | 5205 3da9 | 0100 0048 | 8387 4801 | 0000 010f 

  0x000001a90cdb6f34: ;   {optimized virtual_call}
  0x000001a90cdb6f34: 1f40 00e8 

  0x000001a90cdb6f38: ; ImmutableOopMap {[144]=Oop [136]=Oop }
                      ;*invokevirtual initClassName {reexecute=0 rethrow=0 return_oop=0}
                      ; - java.lang.Class::getName@14 (line 863)
                      ; - kotlin.jvm.internal.Intrinsics::sanitizeStackTrace@3 (line 253)
                      ; - kotlin.jvm.internal.Intrinsics::throwParameterIsNullNPE@11 (line 140)
                      ; - kotlin.jvm.internal.Intrinsics::checkNotNullParameter@5 (line 131)
                      ; - kotlin.io.ByteStreamsKt::readBytes@3
  0x000001a90cdb6f38: c4ab 4705 | 488b f048 | 8b84 2488 | 0000 00e9 | e603 0000 

  0x000001a90cdb6f4c: ;   {metadata('java/io/ByteArrayOutputStream')}
  0x000001a90cdb6f4c: 488b da48 | baf0 1a19 | 22a9 0100 | 0049 8b87 | 0801 0000 | 488d 7818 | 493b bf18 | 0100 000f 
  0x000001a90cdb6f6c: 87fb 0500 | 0049 89bf | 0801 0000 | 48c7 0001 | 0000 0048 | 8bca 49ba | 0000 0022 | a901 0000 
  0x000001a90cdb6f8c: 492b ca89 | 4808 4833 | c989 480c | 4833 c948 | 8948 1048 | 3b03 488b 

  0x000001a90cdb6fa4: ;   {metadata(method data for {method} {0x000001a94ce2c820} 'readBytes' '(Ljava/io/InputStream;)[B' in 'kotlin/io/ByteStreamsKt')}
  0x000001a90cdb6fa4: d348 be00 | c0e5 4ca9 | 0100 008b | 5208 49ba | 0000 0022 | a901 0000 | 4903 d248 | 3b96 3001 
  0x000001a90cdb6fc4: 0000 750d | 4883 8638 | 0100 0001 | e966 0000 | 0048 3b96 | 4001 0000 | 750d 4883 | 8648 0100 
  0x000001a90cdb6fe4: 0001 e950 | 0000 0048 | 81be 3001 | 0000 0000 | 0000 7517 | 4889 9630 | 0100 0048 | c786 3801 
  0x000001a90cdb7004: 0000 0100 | 0000 e92c | 0000 0048 | 81be 4001 | 0000 0000 | 0000 7517 | 4889 9640 | 0100 0048 
  0x000001a90cdb7024: c786 4801 | 0000 0100 | 0000 e908 | 0000 0048 | 8386 2001 | 0000 0148 | 8bd3 4889 | 8424 9800 
  0x000001a90cdb7044: 0000 0f1f | 8000 0000 | 0048 b8ff | ffff ffff 

  0x000001a90cdb7054: ;   {virtual_call}
  0x000001a90cdb7054: ffff ffe8 

  0x000001a90cdb7058: ; ImmutableOopMap {[152]=Oop [144]=Oop }
                      ;*invokevirtual available {reexecute=0 rethrow=0 return_oop=0}
                      ; - kotlin.io.ByteStreamsKt::readBytes@14 (line 135)
  0x000001a90cdb7058: 1cd0 5205 

  0x000001a90cdb705c: ;   {metadata(method data for {method} {0x000001a94ce2c820} 'readBytes' '(Ljava/io/InputStream;)[B' in 'kotlin/io/ByteStreamsKt')}
  0x000001a90cdb705c: 49b8 00c0 | e54c a901 | 0000 4983 | 8058 0100 

  0x000001a90cdb706c: ;   {metadata(method data for {method} {0x000001a9223ea500} 'max' '(II)I' in 'java/lang/Math')}
  0x000001a90cdb706c: 0001 49b8 | 98bd 033d | a901 0000 | 418b 90cc | 0000 0083 | c202 4189 | 90cc 0000 | 0081 e2fe 
  0x000001a90cdb708c: ff1f 0083 | fa00 0f84 | e604 0000 | 81f8 0020 

  0x000001a90cdb709c: ;   {metadata(method data for {method} {0x000001a9223ea500} 'max' '(II)I' in 'java/lang/Math')}
  0x000001a90cdb709c: 0000 49b8 | 98bd 033d | a901 0000 | 48c7 c210 | 0100 000f | 8f07 0000 | 0048 c7c2 | 2001 0000 
  0x000001a90cdb70bc: 498b 3410 | 488d 7601 | 4989 3410 | 0f8f 1600 

  0x000001a90cdb70cc: ;   {metadata(method data for {method} {0x000001a9223ea500} 'max' '(II)I' in 'java/lang/Math')}
  0x000001a90cdb70cc: 0000 49b8 | 98bd 033d | a901 0000 | 41ff 8030 | 0100 00b8 | 0020 0000 | 4c8b 8424 | 9800 0000 
  0x000001a90cdb70ec: ;   {metadata(method data for {method} {0x000001a94ce2c820} 'readBytes' '(Ljava/io/InputStream;)[B' in 'kotlin/io/ByteStreamsKt')}
  0x000001a90cdb70ec: 48ba 00c0 | e54c a901 | 0000 4883 | 8268 0100 | 0001 4c8b | c048 8b94 | 2498 0000 | 0066 0f1f 
  0x000001a90cdb710c: ;   {optimized virtual_call}
  0x000001a90cdb710c: 4400 00e8 

  0x000001a90cdb7110: ; ImmutableOopMap {[152]=Oop [144]=Oop }
                      ;*invokespecial <init> {reexecute=0 rethrow=0 return_oop=0}
                      ; - kotlin.io.ByteStreamsKt::readBytes@20 (line 135)
  0x000001a90cdb7110: ac99 e505 

  0x000001a90cdb7114: ;   {metadata(method data for {method} {0x000001a94ce2c820} 'readBytes' '(Ljava/io/InputStream;)[B' in 'kotlin/io/ByteStreamsKt')}
  0x000001a90cdb7114: 48ba 00c0 | e54c a901 | 0000 4883 | 82b0 0100 

  0x000001a90cdb7124: ;   {metadata(method data for {method} {0x000001a94ce2c558} 'copyTo$default' '(Ljava/io/InputStream;Ljava/io/OutputStream;IILjava/lang/Object;)J' in 'kotlin/io/ByteStreamsKt')}
  0x000001a90cdb7124: 0001 48ba | 48c2 e54c | a901 0000 | 448b 82cc | 0000 0041 | 83c0 0244 | 8982 cc00 | 0000 4181 
  0x000001a90cdb7144: e0fe ff1f | 0041 83f8 | 000f 844c 

  0x000001a90cdb7150: ;   {metadata(method data for {method} {0x000001a94ce2c558} 'copyTo$default' '(Ljava/io/InputStream;Ljava/io/OutputStream;IILjava/lang/Object;)J' in 'kotlin/io/ByteStreamsKt')}
  0x000001a90cdb7150: 0400 0048 | ba48 c2e5 | 4ca9 0100 | 00ff 8220 

  0x000001a90cdb7160: ;   {metadata(method data for {method} {0x000001a94ce2c558} 'copyTo$default' '(Ljava/io/InputStream;Ljava/io/OutputStream;IILjava/lang/Object;)J' in 'kotlin/io/ByteStreamsKt')}
  0x000001a90cdb7160: 0100 0048 | ba48 c2e5 | 4ca9 0100 | 0048 8382 | 3001 0000 | 0148 8b94 | 2490 0000 | 004c 8b84 
  0x000001a90cdb7180: 2498 0000 | 0041 b900 | 2000 000f 

  0x000001a90cdb718c: ;   {static_call}
  0x000001a90cdb718c: 1f40 00e8 

  0x000001a90cdb7190: ; ImmutableOopMap {[152]=Oop }
                      ;*invokestatic copyTo {reexecute=0 rethrow=0 return_oop=0}
                      ; - kotlin.io.ByteStreamsKt::copyTo$default@13 (line 103)
                      ; - kotlin.io.ByteStreamsKt::readBytes@32 (line 136)
  0x000001a90cdb7190: ccb5 0c07 | 488b 9424 | 9800 0000 

  0x000001a90cdb719c: ;   {metadata(method data for {method} {0x000001a94ce2c820} 'readBytes' '(Ljava/io/InputStream;)[B' in 'kotlin/io/ByteStreamsKt')}
  0x000001a90cdb719c: 488b c249 | b800 c0e5 | 4ca9 0100 | 008b 4008 | 49ba 0000 | 0022 a901 | 0000 4903 | c249 3b80 
  0x000001a90cdb71bc: d001 0000 | 750d 4983 | 80d8 0100 | 0001 e966 | 0000 0049 | 3b80 e001 | 0000 750d | 4983 80e8 
  0x000001a90cdb71dc: 0100 0001 | e950 0000 | 0049 81b8 | d001 0000 | 0000 0000 | 7517 4989 | 80d0 0100 | 0049 c780 
  0x000001a90cdb71fc: d801 0000 | 0100 0000 | e92c 0000 | 0049 81b8 | e001 0000 | 0000 0000 | 7517 4989 | 80e0 0100 
  0x000001a90cdb721c: 0049 c780 | e801 0000 | 0100 0000 | e908 0000 | 0049 8380 | c001 0000 | 014c 8d84 | 24a8 0000 
  0x000001a90cdb723c: 0049 8950 | 0848 8b02 | 4883 c801 | 4989 00f0 | 4c0f b102 | 0f84 1300 | 0000 482b | c448 81e0 
  0x000001a90cdb725c: 07f0 ffff | 4989 000f | 8557 0300 

  0x000001a90cdb7268: ;   {metadata(method data for {method} {0x000001a9223078f0} 'toByteArray' '()[B' in 'java/io/ByteArrayOutputStream')}
  0x000001a90cdb7268: 0049 b838 | dd7d 3fa9 | 0100 0041 | 8bb0 cc00 | 0000 83c6 | 0241 89b0 | cc00 0000 | 81e6 feff 
  0x000001a90cdb7288: 1f00 83fe | 000f 8440 | 0300 0044 | 8b42 108b 

  0x000001a90cdb7298: ;   {metadata(method data for {method} {0x000001a9223078f0} 'toByteArray' '()[B' in 'java/io/ByteArrayOutputStream')}
  0x000001a90cdb7298: 720c 48ba | 38dd 7d3f | a901 0000 | 4883 8210 | 0100 0001 | 498b d04c | 8bc6 0f1f 

  0x000001a90cdb72b4: ;   {static_call}
  0x000001a90cdb72b4: 4400 00e8 

  0x000001a90cdb72b8: ; ImmutableOopMap {[176]=Oop }
                      ;*invokestatic copyOf {reexecute=0 rethrow=0 return_oop=0}
                      ; - java.io.ByteArrayOutputStream::toByteArray@8 (line 185)
                      ; - kotlin.io.ByteStreamsKt::readBytes@37 (line 137)
  0x000001a90cdb72b8: 64ef ac05 | 488b f048 | 8d84 24a8 | 0000 0048 | 8b10 4885 | d20f 840f | 0000 004c | 8b40 08f0 
  0x000001a90cdb72d8: 490f b110 | 0f85 1203 

  0x000001a90cdb72e0: ;   {metadata(method data for {method} {0x000001a94ce2c820} 'readBytes' '(Ljava/io/InputStream;)[B' in 'kotlin/io/ByteStreamsKt')}
  0x000001a90cdb72e0: 0000 48ba | 00c0 e54c | a901 0000 | 4883 82f8 | 0100 0001 

  0x000001a90cdb72f4: ;   {oop("buffer.toByteArray()"{0x000000008d7eae80})}
  0x000001a90cdb72f4: 488b d649 | b880 ae7e | 8d00 0000 | 0048 89b4 | 24a0 0000 | 0066 0f1f 

  0x000001a90cdb730c: ;   {static_call}
  0x000001a90cdb730c: 4400 00e8 

  0x000001a90cdb7310: ; ImmutableOopMap {[160]=Oop }
                      ;*invokestatic checkNotNullExpressionValue {reexecute=0 rethrow=0 return_oop=0}
                      ; - kotlin.io.ByteStreamsKt::readBytes@43 (line 137)
  0x000001a90cdb7310: ec44 a305 | 488b 8424 | a000 0000 | 4881 c4c0 | 0000 005d 

  0x000001a90cdb7324: ;   {poll_return}
  0x000001a90cdb7324: 493b a748 | 0300 000f | 87d9 0200 

  0x000001a90cdb7330: ;   {metadata(method data for {method} {0x000001a93d584128} 'sanitizeStackTrace' '(Ljava/lang/Throwable;)Ljava/lang/Throwable;' in 'kotlin/jvm/internal/Intrinsics')}
  0x000001a90cdb7330: 00c3 48ba | 0886 c73e | a901 0000 | 4883 8248 | 0100 0001 | 488b d04c | 8bc6 0f1f 

  0x000001a90cdb734c: ;   {static_call}
  0x000001a90cdb734c: 4400 00e8 

  0x000001a90cdb7350: ; ImmutableOopMap {[144]=Oop }
                      ;*invokestatic sanitizeStackTrace {reexecute=0 rethrow=0 return_oop=0}
                      ; - kotlin.jvm.internal.Intrinsics::sanitizeStackTrace@6 (line 253)
                      ; - kotlin.jvm.internal.Intrinsics::throwParameterIsNullNPE@11 (line 140)
                      ; - kotlin.jvm.internal.Intrinsics::checkNotNullParameter@5 (line 131)
                      ; - kotlin.io.ByteStreamsKt::readBytes@3
  0x000001a90cdb7350: acb2 4705 | 488b 9424 | 9000 0000 | 4883 f800 

  0x000001a90cdb7360: ;   {metadata(method data for {method} {0x000001a93d583148} 'throwParameterIsNullNPE' '(Ljava/lang/String;)V' in 'kotlin/jvm/internal/Intrinsics')}
  0x000001a90cdb7360: 7516 48bf | d87d c73e | a901 0000 | 808f 3901 | 0000 01e9 | d300 0000 

  0x000001a90cdb7378: ;   {metadata('java/lang/NullPointerException')}
  0x000001a90cdb7378: 48bb 3830 | 0622 a901 | 0000 8b78 | 0849 ba00 | 0000 22a9 | 0100 0049 | 03fa 483b | 5f50 0f85 
  0x000001a90cdb7398: 9300 0000 

  0x000001a90cdb739c: ;   {metadata(method data for {method} {0x000001a93d583148} 'throwParameterIsNullNPE' '(Ljava/lang/String;)V' in 'kotlin/jvm/internal/Intrinsics')}
  0x000001a90cdb739c: 48bf d87d | c73e a901 | 0000 8b58 | 0849 ba00 | 0000 22a9 | 0100 0049 | 03da 483b | 9f50 0100 
  0x000001a90cdb73bc: 0075 0d48 | 8387 5801 | 0000 01e9 | 7f00 0000 | 483b 9f60 | 0100 0075 | 0d48 8387 | 6801 0000 
  0x000001a90cdb73dc: 01e9 6900 | 0000 4881 | bf50 0100 | 0000 0000 | 0075 1748 | 899f 5001 | 0000 48c7 | 8758 0100 
  0x000001a90cdb73fc: 0001 0000 | 00e9 4500 | 0000 4881 | bf60 0100 | 0000 0000 | 0075 1748 | 899f 6001 | 0000 48c7 
  0x000001a90cdb741c: 8768 0100 | 0001 0000 | 00e9 2100 | 0000 e91c 

  0x000001a90cdb742c: ;   {metadata(method data for {method} {0x000001a93d583148} 'throwParameterIsNullNPE' '(Ljava/lang/String;)V' in 'kotlin/jvm/internal/Intrinsics')}
  0x000001a90cdb742c: 0000 0048 | bfd8 7dc7 | 3ea9 0100 | 0048 83af | 4001 0000 | 01e9 da01 | 0000 e900 | 0000 0048 
  0x000001a90cdb744c: 3b00 e910 | 0200 0049 | 8b87 d803 | 0000 4d33 | d24d 8997 | d803 0000 | 4d33 d24d | 8997 e003 
  0x000001a90cdb746c: 0000 488b | f048 8d84 | 24a8 0000 | 0048 8b38 | 4885 ff0f | 840f 0000 | 0048 8b58 | 08f0 480f 
  0x000001a90cdb748c: b13b 0f85 | 9a01 0000 | 488b c6e9 | c701 0000 

  0x000001a90cdb749c: ;   {metadata({method} {0x000001a94ce2c820} 'readBytes' '(Ljava/io/InputStream;)[B' in 'kotlin/io/ByteStreamsKt')}
  0x000001a90cdb749c: 49ba 18c8 | e24c a901 | 0000 4c89 | 5424 0848 | c704 24ff 

  0x000001a90cdb74b0: ;   {runtime_call counter_overflow Runtime1 stub}
  0x000001a90cdb74b0: ffff ffe8 

  0x000001a90cdb74b4: ; ImmutableOopMap {rdx=Oop [144]=Oop }
                      ;*synchronization entry
                      ; - kotlin.io.ByteStreamsKt::readBytes@-1
  0x000001a90cdb74b4: c874 5205 | e922 f8ff 

  0x000001a90cdb74bc: ;   {metadata({method} {0x000001a93d582fd8} 'checkNotNullParameter' '(Ljava/lang/Object;Ljava/lang/String;)V' in 'kotlin/jvm/internal/Intrinsics')}
  0x000001a90cdb74bc: ff49 bad0 | 2f58 3da9 | 0100 004c | 8954 2408 | 48c7 0424 | ffff ffff 

  0x000001a90cdb74d4: ;   {runtime_call counter_overflow Runtime1 stub}
  0x000001a90cdb74d4: e8a7 7452 

  0x000001a90cdb74d8: ; ImmutableOopMap {rdx=Oop [144]=Oop }
                      ;*synchronization entry
                      ; - kotlin.jvm.internal.Intrinsics::checkNotNullParameter@-1 (line 130)
                      ; - kotlin.io.ByteStreamsKt::readBytes@3
  0x000001a90cdb74d8: 05e9 3bf8 

  0x000001a90cdb74dc: ;   {metadata({method} {0x000001a93d583148} 'throwParameterIsNullNPE' '(Ljava/lang/String;)V' in 'kotlin/jvm/internal/Intrinsics')}
  0x000001a90cdb74dc: ffff 49ba | 4031 583d | a901 0000 | 4c89 5424 | 0848 c704 | 24ff ffff 

  0x000001a90cdb74f4: ;   {runtime_call counter_overflow Runtime1 stub}
  0x000001a90cdb74f4: ffe8 8674 

  0x000001a90cdb74f8: ; ImmutableOopMap {[144]=Oop }
                      ;*synchronization entry
                      ; - kotlin.jvm.internal.Intrinsics::throwParameterIsNullNPE@-1 (line 140)
                      ; - kotlin.jvm.internal.Intrinsics::checkNotNullParameter@5 (line 131)
                      ; - kotlin.io.ByteStreamsKt::readBytes@3
  0x000001a90cdb74f8: 5205 e988 

  0x000001a90cdb74fc: ;   {metadata(NULL)}
  0x000001a90cdb74fc: f8ff ff48 | ba00 0000 | 0000 0000 | 00b8 000f 

  0x000001a90cdb750c: ;   {runtime_call load_klass_patching Runtime1 stub}
  0x000001a90cdb750c: 050a e8ed 

  0x000001a90cdb7510: ; ImmutableOopMap {[144]=Oop }
                      ;*new {reexecute=1 rethrow=0 return_oop=0}
                      ; - (reexecute) kotlin.jvm.internal.Intrinsics::throwParameterIsNullNPE@0 (line 140)
                      ; - kotlin.jvm.internal.Intrinsics::checkNotNullParameter@5 (line 131)
                      ; - kotlin.io.ByteStreamsKt::readBytes@3
  0x000001a90cdb7510: 5752 05e9 | 70f8 ffff 

  0x000001a90cdb7518: ;   {runtime_call fast_new_instance Runtime1 stub}
  0x000001a90cdb7518: 488b d2e8 

  0x000001a90cdb751c: ; ImmutableOopMap {[144]=Oop }
                      ;*new {reexecute=0 rethrow=0 return_oop=0}
                      ; - kotlin.jvm.internal.Intrinsics::throwParameterIsNullNPE@0 (line 140)
                      ; - kotlin.jvm.internal.Intrinsics::checkNotNullParameter@5 (line 131)
                      ; - kotlin.io.ByteStreamsKt::readBytes@3
  0x000001a90cdb751c: e010 5205 | e9bf f8ff 

  0x000001a90cdb7524: ;   {metadata({method} {0x000001a93d584128} 'sanitizeStackTrace' '(Ljava/lang/Throwable;)Ljava/lang/Throwable;' in 'kotlin/jvm/internal/Intrinsics')}
  0x000001a90cdb7524: ff49 ba20 | 4158 3da9 | 0100 004c | 8954 2408 | 48c7 0424 | ffff ffff 

  0x000001a90cdb753c: ;   {runtime_call counter_overflow Runtime1 stub}
  0x000001a90cdb753c: e83f 7452 

  0x000001a90cdb7540: ; ImmutableOopMap {[144]=Oop [136]=Oop }
                      ;*synchronization entry
                      ; - kotlin.jvm.internal.Intrinsics::sanitizeStackTrace@-1 (line 253)
                      ; - kotlin.jvm.internal.Intrinsics::throwParameterIsNullNPE@11 (line 140)
                      ; - kotlin.jvm.internal.Intrinsics::checkNotNullParameter@5 (line 131)
                      ; - kotlin.io.ByteStreamsKt::readBytes@3
  0x000001a90cdb7540: 05e9 38f9 

  0x000001a90cdb7544: ;   {metadata({method} {0x000001a92243def0} 'getName' '()Ljava/lang/String;' in 'java/lang/Class')}
  0x000001a90cdb7544: ffff 49ba | e8de 4322 | a901 0000 | 4c89 5424 | 0848 c704 | 24ff ffff 

  0x000001a90cdb755c: ;   {runtime_call counter_overflow Runtime1 stub}
  0x000001a90cdb755c: ffe8 1e74 

  0x000001a90cdb7560: ; ImmutableOopMap {[144]=Oop [136]=Oop rdx=Oop }
                      ;*synchronization entry
                      ; - java.lang.Class::getName@-1 (line 862)
                      ; - kotlin.jvm.internal.Intrinsics::sanitizeStackTrace@3 (line 253)
                      ; - kotlin.jvm.internal.Intrinsics::throwParameterIsNullNPE@11 (line 140)
                      ; - kotlin.jvm.internal.Intrinsics::checkNotNullParameter@5 (line 131)
                      ; - kotlin.io.ByteStreamsKt::readBytes@3
  0x000001a90cdb7560: 5205 e95e 

  0x000001a90cdb7564: ;   {runtime_call throw_null_pointer_exception Runtime1 stub}
  0x000001a90cdb7564: f9ff ffe8 

  0x000001a90cdb7568: ; ImmutableOopMap {[144]=Oop [136]=Oop }
                      ;*getfield name {reexecute=1 rethrow=0 return_oop=0}
                      ; - (reexecute) java.lang.Class::getName@1 (line 862)
                      ; - kotlin.jvm.internal.Intrinsics::sanitizeStackTrace@3 (line 253)
                      ; - kotlin.jvm.internal.Intrinsics::throwParameterIsNullNPE@11 (line 140)
                      ; - kotlin.jvm.internal.Intrinsics::checkNotNullParameter@5 (line 131)
                      ; - kotlin.io.ByteStreamsKt::readBytes@3
  0x000001a90cdb7568: b405 5205 

  0x000001a90cdb756c: ;   {runtime_call fast_new_instance Runtime1 stub}
  0x000001a90cdb756c: 488b d2e8 

  0x000001a90cdb7570: ; ImmutableOopMap {rbx=Oop [144]=Oop }
                      ;*new {reexecute=0 rethrow=0 return_oop=0}
                      ; - kotlin.io.ByteStreamsKt::readBytes@6 (line 135)
  0x000001a90cdb7570: 8c10 5205 | e926 faff 

  0x000001a90cdb7578: ;   {runtime_call throw_null_pointer_exception Runtime1 stub}
  0x000001a90cdb7578: ffe8 a205 

  0x000001a90cdb757c: ; ImmutableOopMap {rbx=Oop [144]=Oop rax=Oop }
                      ;*invokevirtual available {reexecute=0 rethrow=0 return_oop=0}
                      ; - kotlin.io.ByteStreamsKt::readBytes@14 (line 135)
                      ;   {metadata({method} {0x000001a9223ea500} 'max' '(II)I' in 'java/lang/Math')}
  0x000001a90cdb757c: 5205 49ba | f8a4 3e22 | a901 0000 | 4c89 5424 | 0848 c704 | 24ff ffff 

  0x000001a90cdb7594: ;   {runtime_call counter_overflow Runtime1 stub}
  0x000001a90cdb7594: ffe8 e673 

  0x000001a90cdb7598: ; ImmutableOopMap {[152]=Oop [144]=Oop }
                      ;*synchronization entry
                      ; - java.lang.Math::max@-1 (line 1562)
                      ; - kotlin.io.ByteStreamsKt::readBytes@17 (line 135)
  0x000001a90cdb7598: 5205 e9f9 

  0x000001a90cdb759c: ;   {metadata({method} {0x000001a94ce2c558} 'copyTo$default' '(Ljava/io/InputStream;Ljava/io/OutputStream;IILjava/lang/Object;)J' in 'kotlin/io/ByteStreamsKt')}
  0x000001a90cdb759c: faff ff49 | ba50 c5e2 | 4ca9 0100 | 004c 8954 | 2408 48c7 | 0424 ffff 

  0x000001a90cdb75b4: ;   {runtime_call counter_overflow Runtime1 stub}
  0x000001a90cdb75b4: ffff e8c5 

  0x000001a90cdb75b8: ; ImmutableOopMap {[152]=Oop [144]=Oop }
                      ;*synchronization entry
                      ; - kotlin.io.ByteStreamsKt::copyTo$default@-1 (line 103)
                      ; - kotlin.io.ByteStreamsKt::readBytes@32 (line 136)
  0x000001a90cdb75b8: 7352 05e9 | 93fb ffff | 4889 5424 | 084c 8904 

  0x000001a90cdb75c8: ;   {runtime_call monitorenter_nofpu Runtime1 stub}
  0x000001a90cdb75c8: 24e8 b23d 

  0x000001a90cdb75cc: ; ImmutableOopMap {rdx=Oop [176]=Oop }
                      ;*synchronization entry
                      ; - java.io.ByteArrayOutputStream::toByteArray@-1 (line 185)
                      ; - kotlin.io.ByteStreamsKt::readBytes@37 (line 137)
  0x000001a90cdb75cc: 5205 e996 

  0x000001a90cdb75d0: ;   {metadata({method} {0x000001a9223078f0} 'toByteArray' '()[B' in 'java/io/ByteArrayOutputStream')}
  0x000001a90cdb75d0: fcff ff49 | bae8 7830 | 22a9 0100 | 004c 8954 | 2408 48c7 | 0424 ffff 

  0x000001a90cdb75e8: ;   {runtime_call counter_overflow Runtime1 stub}
  0x000001a90cdb75e8: ffff e891 

  0x000001a90cdb75ec: ; ImmutableOopMap {rdx=Oop [176]=Oop }
                      ;*synchronization entry
                      ; - java.io.ByteArrayOutputStream::toByteArray@-1 (line 185)
                      ; - kotlin.io.ByteStreamsKt::readBytes@37 (line 137)
  0x000001a90cdb75ec: 7352 05e9 | 9ffc ffff | 488d 8424 | a800 0000 | 4889 0424 

  0x000001a90cdb7600: ;   {runtime_call monitorexit_nofpu Runtime1 stub}
  0x000001a90cdb7600: e8fb 4352 | 05e9 d8fc 

  0x000001a90cdb7608: ;   {internal_word}
  0x000001a90cdb7608: ffff 49ba | 2473 db0c | a901 0000 | 4d89 9760 

  0x000001a90cdb7618: ;   {runtime_call SafepointBlob}
  0x000001a90cdb7618: 0300 00e9 | 6019 4805 | 4889 0424 

  0x000001a90cdb7624: ;   {runtime_call throw_class_cast_exception Runtime1 stub}
  0x000001a90cdb7624: e8f7 3052 

  0x000001a90cdb7628: ; ImmutableOopMap {rdx=Oop [144]=Oop }
                      ;*checkcast {reexecute=0 rethrow=0 return_oop=0}
                      ; - kotlin.jvm.internal.Intrinsics::throwParameterIsNullNPE@14 (line 140)
                      ; - kotlin.jvm.internal.Intrinsics::checkNotNullParameter@5 (line 131)
                      ; - kotlin.io.ByteStreamsKt::readBytes@3
                      ;   {runtime_call throw_null_pointer_exception Runtime1 stub}
  0x000001a90cdb7628: 05e8 f204 

  0x000001a90cdb762c: ; ImmutableOopMap {rdx=Oop [144]=Oop rax=Oop }
                      ;*athrow {reexecute=1 rethrow=0 return_oop=0}
                      ; - (reexecute) kotlin.jvm.internal.Intrinsics::throwParameterIsNullNPE@17 (line 140)
                      ; - kotlin.jvm.internal.Intrinsics::checkNotNullParameter@5 (line 131)
                      ; - kotlin.io.ByteStreamsKt::readBytes@3
  0x000001a90cdb762c: 5205 488d | 8424 a800 | 0000 4889 

  0x000001a90cdb7638: ;   {runtime_call monitorexit_nofpu Runtime1 stub}
  0x000001a90cdb7638: 0424 e8c1 | 4352 05e9 | 50fe ffff | 9090 498b | 87d8 0300 | 0049 c787 | d803 0000 | 0000 0000 
  0x000001a90cdb7658: 49c7 87e0 | 0300 0000 | 0000 0048 | 81c4 c000 

  0x000001a90cdb7668: ;   {runtime_call unwind_exception Runtime1 stub}
  0x000001a90cdb7668: 0000 5de9 | 901b 4905 | f4f4 f4f4 | f4f4 f4f4 | f4f4 f4f4 | f4f4 f4f4 
[Stub Code]
  0x000001a90cdb7680: ;   {no_reloc}
  0x000001a90cdb7680: 0f1f 4400 

  0x000001a90cdb7684: ;   {static_stub}
  0x000001a90cdb7684: 0048 bb00 | 0000 0000 

  0x000001a90cdb768c: ;   {runtime_call}
  0x000001a90cdb768c: 0000 00e9 | fbff ffff 

  0x000001a90cdb7694: ;   {static_stub}
  0x000001a90cdb7694: 9048 bb00 | 0000 0000 

  0x000001a90cdb769c: ;   {runtime_call}
  0x000001a90cdb769c: 0000 00e9 | fbff ffff 

  0x000001a90cdb76a4: ;   {static_stub}
  0x000001a90cdb76a4: 9048 bb00 | 0000 0000 

  0x000001a90cdb76ac: ;   {runtime_call}
  0x000001a90cdb76ac: 0000 00e9 | fbff ffff 

  0x000001a90cdb76b4: ;   {static_stub}
  0x000001a90cdb76b4: 9048 bb00 | 0000 0000 

  0x000001a90cdb76bc: ;   {runtime_call}
  0x000001a90cdb76bc: 0000 00e9 | fbff ffff 

  0x000001a90cdb76c4: ;   {static_stub}
  0x000001a90cdb76c4: 9048 bb00 | 0000 0000 

  0x000001a90cdb76cc: ;   {runtime_call}
  0x000001a90cdb76cc: 0000 00e9 | fbff ffff 

  0x000001a90cdb76d4: ;   {static_stub}
  0x000001a90cdb76d4: 9048 bb98 | c4e2 4ca9 

  0x000001a90cdb76dc: ;   {runtime_call I2C/C2I adapters}
  0x000001a90cdb76dc: 0100 00e9 | fd53 4705 

  0x000001a90cdb76e4: ;   {static_stub}
  0x000001a90cdb76e4: 9048 bb00 | 0000 0000 

  0x000001a90cdb76ec: ;   {runtime_call}
  0x000001a90cdb76ec: 0000 00e9 | fbff ffff 

  0x000001a90cdb76f4: ;   {static_stub}
  0x000001a90cdb76f4: 9048 bb00 | 0000 0000 

  0x000001a90cdb76fc: ;   {runtime_call}
  0x000001a90cdb76fc: 0000 00e9 | fbff ffff 

  0x000001a90cdb7704: ;   {static_stub}
  0x000001a90cdb7704: 9048 bb00 | 0000 0000 

  0x000001a90cdb770c: ;   {runtime_call}
  0x000001a90cdb770c: 0000 00e9 | fbff ffff 
[Exception Handler]
  0x000001a90cdb7714: ;   {runtime_call handle_exception_from_callee Runtime1 stub}
  0x000001a90cdb7714: e8e7 2952 

  0x000001a90cdb7718: ;   {external_word}
  0x000001a90cdb7718: 0548 b940 | ba40 d0f9 | 7f00 0048 

  0x000001a90cdb7724: ;   {runtime_call}
  0x000001a90cdb7724: 83e4 f049 | ba40 3409 | d0f9 7f00 | 0041 ffd2 

  0x000001a90cdb7734: ;   {section_word}
  0x000001a90cdb7734: f449 ba35 | 77db 0ca9 | 0100 0041 

  0x000001a90cdb7740: ;   {runtime_call DeoptimizationBlob}
  0x000001a90cdb7740: 52e9 da2c | 4805 f4f4 
[/MachCode]


---------------  P R O C E S S  ---------------

Threads class SMR info:
_java_thread_list=0x000001a94537f070, length=162, elements={
0x000001a900e9e9b0, 0x000001a9215fe030, 0x000001a9215ffc00, 0x000001a921613c10,
0x000001a921614be0, 0x000001a921619de0, 0x000001a92161a7a0, 0x000001a92161ea40,
0x000001a921627d20, 0x000001a92162a730, 0x000001a9217620f0, 0x000001a921765810,
0x000001a94240e4c0, 0x000001a94248ab30, 0x000001a942237970, 0x000001a942d49a80,
0x000001a942d4c300, 0x000001a942d4a9b0, 0x000001a942d4a4a0, 0x000001a942d4b3d0,
0x000001a94407aa20, 0x000001a94407af30, 0x000001a94407b440, 0x000001a94407a000,
0x000001a94407be60, 0x000001a943875e20, 0x000001a943874ef0, 0x000001a9438795d0,
0x000001a94387c870, 0x000001a943878190, 0x000001a943b7dd40, 0x000001a943b79b70,
0x000001a947ed7ab0, 0x000001a947ed7090, 0x000001a947eddae0, 0x000001a944f121f0,
0x000001a944f0d600, 0x000001a944f112c0, 0x000001a944f0db10, 0x000001a944f13120,
0x000001a9482d0f50, 0x000001a9482d1970, 0x000001a9482d37d0, 0x000001a947edbc80,
0x000001a947ed7fc0, 0x000001a947edc190, 0x000001a947ed9910, 0x000001a947ed9e20,
0x000001a947edad50, 0x000001a947edc6a0, 0x000001a947ede500, 0x000001a947eddff0,
0x000001a947edd0c0, 0x000001a947ed8ef0, 0x000001a947ed9400, 0x000001a947ed84d0,
0x000001a947edea10, 0x000001a947edb770, 0x000001a947ed75a0, 0x000001a947edb260,
0x000001a947eda330, 0x000001a9482d7490, 0x000001a9482d1e80, 0x000001a9482d32c0,
0x000001a9482d2390, 0x000001a9482d6a70, 0x000001a9482d4700, 0x000001a9482d28a0,
0x000001a9482d0020, 0x000001a9482d2db0, 0x000001a9482d79a0, 0x000001a9482d41f0,
0x000001a9482d5120, 0x000001a9482d5630, 0x000001a9482d0530, 0x000001a9482dc080,
0x000001a9482dac40, 0x000001a9482df320, 0x000001a9482d7eb0, 0x000001a9482db150,
0x000001a9482dee10, 0x000001a9482dc590, 0x000001a9482dcfb0, 0x000001a9482db660,
0x000001a9482dbb70, 0x000001a9482dd4c0, 0x000001a9482d83c0, 0x000001a9482df830,
0x000001a9482d88d0, 0x000001a9482d92f0, 0x000001a9482d8de0, 0x000001a9482d9800,
0x000001a9482da730, 0x000001a9482d9d10, 0x000001a9482da220, 0x000001a9482dd9d0,
0x000001a9482ddee0, 0x000001a9482dcaa0, 0x000001a9482de3f0, 0x000001a943d224b0,
0x000001a943d1d3b0, 0x000001a943d1cea0, 0x000001a943d21070, 0x000001a943d1c480,
0x000001a943d20650, 0x000001a943d1d8c0, 0x000001a943d20140, 0x000001a943d20b60,
0x000001a943d1e2e0, 0x000001a943d21a90, 0x000001a943d1ddd0, 0x000001a943d1ed00,
0x000001a943d1e7f0, 0x000001a943d1c990, 0x000001a943d1ba60, 0x000001a943d1f720,
0x000001a943d1fc30, 0x000001a943d1bf70, 0x000001a943d22ed0, 0x000001a943d21580,
0x000001a943d21fa0, 0x000001a943d229c0, 0x000001a943d233e0, 0x000001a9444091e0,
0x000001a94440ab30, 0x000001a944408cd0, 0x000001a94440bf70, 0x000001a9444096f0,
0x000001a944409c00, 0x000001a94440f720, 0x000001a94440fc30, 0x000001a94440e2e0,
0x000001a94440a110, 0x000001a94440b550, 0x000001a94440b040, 0x000001a94440ba60,
0x000001a94440ed00, 0x000001a94440cea0, 0x000001a94440f210, 0x000001a94440a620,
0x000001a94440c480, 0x000001a94440d3b0, 0x000001a94440d8c0, 0x000001a94440e7f0,
0x000001a943878bb0, 0x000001a943879ae0, 0x000001a943877c80, 0x000001a9438786a0,
0x000001a943879ff0, 0x000001a94387a500, 0x000001a94387b940, 0x000001a94387b430,
0x000001a943876330, 0x000001a943876840, 0x000001a943b77800, 0x000001a943b7bee0,
0x000001a943b76de0, 0x000001a943b7c3f0, 0x000001a943b772f0, 0x000001a943b7d320,
0x000001a943b78220, 0x000001a944f0e530
}
_to_delete_list=0x000001a9481fd3b0, length=164, elements={
0x000001a900e9e9b0, 0x000001a9215fe030, 0x000001a9215ffc00, 0x000001a921613c10,
0x000001a921614be0, 0x000001a921619de0, 0x000001a92161a7a0, 0x000001a92161ea40,
0x000001a921627d20, 0x000001a92162a730, 0x000001a9217620f0, 0x000001a921765810,
0x000001a94240e4c0, 0x000001a94248ab30, 0x000001a942237970, 0x000001a942d49a80,
0x000001a942d4c300, 0x000001a942d4a9b0, 0x000001a942d4a4a0, 0x000001a942d4b3d0,
0x000001a94407aa20, 0x000001a94407af30, 0x000001a94407b440, 0x000001a94407a000,
0x000001a94407be60, 0x000001a943875e20, 0x000001a943874ef0, 0x000001a9438795d0,
0x000001a94387c870, 0x000001a943878190, 0x000001a943b7dd40, 0x000001a943b79b70,
0x000001a947ed7ab0, 0x000001a947ed7090, 0x000001a947eddae0, 0x000001a944f121f0,
0x000001a944f0d600, 0x000001a944f112c0, 0x000001a944f0db10, 0x000001a944f0ef50,
0x000001a944f13120, 0x000001a9482d0f50, 0x000001a9482d1970, 0x000001a9482d37d0,
0x000001a947edbc80, 0x000001a947ed7fc0, 0x000001a947edc190, 0x000001a947ed9910,
0x000001a947ed9e20, 0x000001a947edad50, 0x000001a947edc6a0, 0x000001a947ede500,
0x000001a947eddff0, 0x000001a947edd0c0, 0x000001a947ed8ef0, 0x000001a947ed9400,
0x000001a947ed84d0, 0x000001a947edea10, 0x000001a947edb770, 0x000001a947ed75a0,
0x000001a947edb260, 0x000001a947eda330, 0x000001a9482d7490, 0x000001a9482d1e80,
0x000001a9482d32c0, 0x000001a9482d2390, 0x000001a9482d6a70, 0x000001a9482d4700,
0x000001a9482d28a0, 0x000001a9482d0020, 0x000001a9482d2db0, 0x000001a9482d79a0,
0x000001a9482d41f0, 0x000001a9482d5120, 0x000001a9482d5630, 0x000001a9482d0530,
0x000001a9482dc080, 0x000001a9482dac40, 0x000001a9482df320, 0x000001a9482d7eb0,
0x000001a9482db150, 0x000001a9482dee10, 0x000001a9482dc590, 0x000001a9482dcfb0,
0x000001a9482db660, 0x000001a9482dbb70, 0x000001a9482dd4c0, 0x000001a9482d83c0,
0x000001a9482df830, 0x000001a9482d88d0, 0x000001a9482d92f0, 0x000001a9482d8de0,
0x000001a9482d9800, 0x000001a9482da730, 0x000001a9482d9d10, 0x000001a9482da220,
0x000001a9482dd9d0, 0x000001a9482ddee0, 0x000001a9482dcaa0, 0x000001a9482de3f0,
0x000001a943d224b0, 0x000001a943d1d3b0, 0x000001a943d1cea0, 0x000001a943d21070,
0x000001a943d1c480, 0x000001a943d20650, 0x000001a943d1d8c0, 0x000001a943d20140,
0x000001a943d20b60, 0x000001a943d1e2e0, 0x000001a943d21a90, 0x000001a943d1ddd0,
0x000001a943d1ed00, 0x000001a943d1e7f0, 0x000001a943d1c990, 0x000001a943d1ba60,
0x000001a943d1f720, 0x000001a943d1fc30, 0x000001a943d1bf70, 0x000001a943d22ed0,
0x000001a943d21580, 0x000001a943d21fa0, 0x000001a943d229c0, 0x000001a943d233e0,
0x000001a9444091e0, 0x000001a94440ab30, 0x000001a944408cd0, 0x000001a94440bf70,
0x000001a9444096f0, 0x000001a944409c00, 0x000001a94440f720, 0x000001a94440fc30,
0x000001a94440e2e0, 0x000001a94440a110, 0x000001a94440b550, 0x000001a94440b040,
0x000001a94440ba60, 0x000001a94440ed00, 0x000001a94440cea0, 0x000001a94440f210,
0x000001a94440a620, 0x000001a94440c480, 0x000001a94440d3b0, 0x000001a94440d8c0,
0x000001a94440e7f0, 0x000001a943878bb0, 0x000001a943879ae0, 0x000001a943877c80,
0x000001a9438786a0, 0x000001a943879ff0, 0x000001a94387a500, 0x000001a94387b940,
0x000001a94387b430, 0x000001a943876330, 0x000001a943876840, 0x000001a943b77800,
0x000001a943b7bee0, 0x000001a943b76de0, 0x000001a943b7c3f0, 0x000001a943b772f0,
0x000001a943b7a590, 0x000001a943b7d320, 0x000001a943b78220, 0x000001a944f0e530
}

Java Threads: ( => current thread )
  0x000001a900e9e9b0 JavaThread "main" [_thread_blocked, id=3172, stack(0x0000000bd1c00000,0x0000000bd1d00000)]
  0x000001a9215fe030 JavaThread "Reference Handler" daemon [_thread_blocked, id=12560, stack(0x0000000bd2300000,0x0000000bd2400000)]
  0x000001a9215ffc00 JavaThread "Finalizer" daemon [_thread_blocked, id=552, stack(0x0000000bd2400000,0x0000000bd2500000)]
  0x000001a921613c10 JavaThread "Signal Dispatcher" daemon [_thread_blocked, id=12212, stack(0x0000000bd2500000,0x0000000bd2600000)]
  0x000001a921614be0 JavaThread "Attach Listener" daemon [_thread_blocked, id=18008, stack(0x0000000bd2600000,0x0000000bd2700000)]
  0x000001a921619de0 JavaThread "Service Thread" daemon [_thread_blocked, id=9384, stack(0x0000000bd2700000,0x0000000bd2800000)]
  0x000001a92161a7a0 JavaThread "Monitor Deflation Thread" daemon [_thread_blocked, id=20364, stack(0x0000000bd2800000,0x0000000bd2900000)]
  0x000001a92161ea40 JavaThread "C2 CompilerThread0" daemon [_thread_blocked, id=14456, stack(0x0000000bd2900000,0x0000000bd2a00000)]
  0x000001a921627d20 JavaThread "C1 CompilerThread0" daemon [_thread_blocked, id=596, stack(0x0000000bd2a00000,0x0000000bd2b00000)]
  0x000001a92162a730 JavaThread "Sweeper thread" daemon [_thread_blocked, id=2192, stack(0x0000000bd2b00000,0x0000000bd2c00000)]
  0x000001a9217620f0 JavaThread "Common-Cleaner" daemon [_thread_blocked, id=15776, stack(0x0000000bd2c00000,0x0000000bd2d00000)]
  0x000001a921765810 JavaThread "Notification Thread" daemon [_thread_blocked, id=9696, stack(0x0000000bd2d00000,0x0000000bd2e00000)]
  0x000001a94240e4c0 JavaThread "Daemon health stats" [_thread_blocked, id=9232, stack(0x0000000bd3400000,0x0000000bd3500000)]
  0x000001a94248ab30 JavaThread "Incoming local TCP Connector on port 57629" [_thread_in_native, id=19312, stack(0x0000000bd3500000,0x0000000bd3600000)]
  0x000001a942237970 JavaThread "Daemon periodic checks" [_thread_blocked, id=6548, stack(0x0000000bd3600000,0x0000000bd3700000)]
  0x000001a942d49a80 JavaThread "Cache worker for journal cache (C:\Users\patil\.gradle\caches\journal-1)" [_thread_blocked, id=16556, stack(0x0000000bd3e00000,0x0000000bd3f00000)]
  0x000001a942d4c300 JavaThread "File lock request listener" [_thread_in_native, id=2692, stack(0x0000000bd3f00000,0x0000000bd4000000)]
  0x000001a942d4a9b0 JavaThread "Cache worker for file hash cache (C:\Users\patil\.gradle\caches\8.0.1\fileHashes)" [_thread_blocked, id=7788, stack(0x0000000bd4000000,0x0000000bd4100000)]
  0x000001a942d4a4a0 JavaThread "File watcher server" daemon [_thread_in_native, id=13332, stack(0x0000000bd4400000,0x0000000bd4500000)]
  0x000001a942d4b3d0 JavaThread "File watcher consumer" daemon [_thread_blocked, id=4732, stack(0x0000000bd4500000,0x0000000bd4600000)]
  0x000001a94407aa20 JavaThread "Cache worker for file content cache (C:\Users\patil\.gradle\caches\8.0.1\fileContent)" [_thread_blocked, id=8664, stack(0x0000000bd4800000,0x0000000bd4900000)]
  0x000001a94407af30 JavaThread "Cache worker for execution history cache (C:\Users\patil\.gradle\caches\8.0.1\executionHistory)" [_thread_blocked, id=10160, stack(0x0000000bd4c00000,0x0000000bd4d00000)]
  0x000001a94407b440 JavaThread "jar transforms" [_thread_blocked, id=17832, stack(0x0000000bd4d00000,0x0000000bd4e00000)]
  0x000001a94407a000 JavaThread "jar transforms Thread 2" [_thread_blocked, id=9832, stack(0x0000000bd4e00000,0x0000000bd4f00000)]
  0x000001a94407be60 JavaThread "jar transforms Thread 3" [_thread_blocked, id=15332, stack(0x0000000bd4f00000,0x0000000bd5000000)]
  0x000001a943875e20 JavaThread "jar transforms Thread 4" [_thread_blocked, id=6392, stack(0x0000000bd5000000,0x0000000bd5100000)]
  0x000001a943874ef0 JavaThread "Cache worker for kotlin-dsl (C:\Users\patil\.gradle\caches\8.0.1\kotlin-dsl)" [_thread_blocked, id=1216, stack(0x0000000bd5100000,0x0000000bd5200000)]
  0x000001a9438795d0 JavaThread "jar transforms Thread 5" [_thread_blocked, id=20228, stack(0x0000000bd5200000,0x0000000bd5300000)]
  0x000001a94387c870 JavaThread "jar transforms Thread 6" [_thread_blocked, id=18776, stack(0x0000000bd5300000,0x0000000bd5400000)]
  0x000001a943878190 JavaThread "jar transforms Thread 7" [_thread_blocked, id=13576, stack(0x0000000bd5600000,0x0000000bd5700000)]
  0x000001a943b7dd40 JavaThread "jar transforms Thread 8" [_thread_blocked, id=11172, stack(0x0000000bd7100000,0x0000000bd7200000)]
  0x000001a943b79b70 JavaThread "Memory manager" [_thread_blocked, id=13600, stack(0x0000000bd7200000,0x0000000bd7300000)]
  0x000001a947ed7ab0 JavaThread "Monitor" [_thread_in_native, id=3708, stack(0x0000000bdb700000,0x0000000bdb800000)]
  0x000001a947ed7090 JavaThread "JdwpProxyConnection" [_thread_in_native, id=12920, stack(0x0000000bdb800000,0x0000000bdb900000)]
  0x000001a947eddae0 JavaThread "Device List Monitor" [_thread_in_native, id=2744, stack(0x0000000bdb900000,0x0000000bdba00000)]
  0x000001a944f121f0 JavaThread "RMI Scheduler(0)" daemon [_thread_blocked, id=2924, stack(0x0000000bdc300000,0x0000000bdc400000)]
  0x000001a944f0d600 JavaThread "RMI GC Daemon" daemon [_thread_blocked, id=16952, stack(0x0000000bdc600000,0x0000000bdc700000)]
  0x000001a944f112c0 JavaThread "RMI TCP Accept-0" daemon [_thread_in_native, id=4112, stack(0x0000000bdc700000,0x0000000bdc800000)]
  0x000001a944f0db10 JavaThread "RMI Reaper" [_thread_blocked, id=12852, stack(0x0000000bdc800000,0x0000000bdc900000)]
  0x000001a944f13120 JavaThread "RMI TCP Accept-0" daemon [_thread_in_native, id=10896, stack(0x0000000bdbc00000,0x0000000bdbd00000)]
  0x000001a9482d0f50 JavaThread "Cache worker for Java compile cache (C:\Users\patil\.gradle\caches\8.0.1\javaCompile)" [_thread_blocked, id=10268, stack(0x0000000bdc200000,0x0000000bdc300000)]
  0x000001a9482d1970 JavaThread "Daemon Thread 4" [_thread_blocked, id=19608, stack(0x0000000bd1900000,0x0000000bd1a00000)]
  0x000001a9482d37d0 JavaThread "Daemon worker Thread 4" [_thread_blocked, id=8920, stack(0x0000000bd2f00000,0x0000000bd3000000)]
  0x000001a947edbc80 JavaThread "Handler for socket connection from /127.0.0.1:57629 to /127.0.0.1:58613" [_thread_in_native, id=4584, stack(0x0000000bd1a00000,0x0000000bd1b00000)]
  0x000001a947ed7fc0 JavaThread "Cancel handler" [_thread_blocked, id=7944, stack(0x0000000bd1b00000,0x0000000bd1c00000)]
  0x000001a947edc190 JavaThread "Asynchronous log dispatcher for DefaultDaemonConnection: socket connection from /127.0.0.1:57629 to /127.0.0.1:58613" [_thread_blocked, id=18040, stack(0x0000000bd3700000,0x0000000bd3800000)]
  0x000001a947ed9910 JavaThread "Stdin handler" [_thread_blocked, id=18796, stack(0x0000000bd3800000,0x0000000bd3900000)]
  0x000001a947ed9e20 JavaThread "Daemon client event forwarder" [_thread_blocked, id=17804, stack(0x0000000bd3900000,0x0000000bd3a00000)]
  0x000001a947edad50 JavaThread "Cache worker for checksums cache (C:\Users\patil\SplashScreen\android\.gradle\8.0.1\checksums)" [_thread_blocked, id=18548, stack(0x0000000bd3a00000,0x0000000bd3b00000)]
  0x000001a947edc6a0 JavaThread "Cache worker for cache directory md-rule (C:\Users\patil\.gradle\caches\8.0.1\md-rule)" [_thread_blocked, id=16540, stack(0x0000000bd3b00000,0x0000000bd3c00000)]
  0x000001a947ede500 JavaThread "Cache worker for file hash cache (C:\Users\patil\SplashScreen\android\.gradle\8.0.1\fileHashes)" [_thread_blocked, id=16616, stack(0x0000000bd3c00000,0x0000000bd3d00000)]
  0x000001a947eddff0 JavaThread "Cache worker for cache directory md-supplier (C:\Users\patil\.gradle\caches\8.0.1\md-supplier)" [_thread_blocked, id=19236, stack(0x0000000bd3d00000,0x0000000bd3e00000)]
  0x000001a947edd0c0 JavaThread "Cache worker for dependencies-accessors (C:\Users\patil\SplashScreen\android\.gradle\8.0.1\dependencies-accessors)" [_thread_blocked, id=19492, stack(0x0000000bd4600000,0x0000000bd4700000)]
  0x000001a947ed8ef0 JavaThread "Cache worker for Build Output Cleanup Cache (C:\Users\patil\SplashScreen\node_modules\@react-native\gradle-plugin\.gradle\buildOutputCleanup)" [_thread_blocked, id=14384, stack(0x0000000bd4700000,0x0000000bd4800000)]
  0x000001a947ed9400 JavaThread "Unconstrained build operations" [_thread_blocked, id=16376, stack(0x0000000bd4900000,0x0000000bd4a00000)]
  0x000001a947ed84d0 JavaThread "Unconstrained build operations Thread 2" [_thread_blocked, id=10724, stack(0x0000000bd4a00000,0x0000000bd4b00000)]
  0x000001a947edea10 JavaThread "Unconstrained build operations Thread 3" [_thread_blocked, id=10596, stack(0x0000000bd5400000,0x0000000bd5500000)]
  0x000001a947edb770 JavaThread "Unconstrained build operations Thread 4" [_thread_blocked, id=11100, stack(0x0000000bd5500000,0x0000000bd5600000)]
  0x000001a947ed75a0 JavaThread "Unconstrained build operations Thread 5" [_thread_blocked, id=10164, stack(0x0000000bd5700000,0x0000000bd5800000)]
  0x000001a947edb260 JavaThread "Unconstrained build operations Thread 6" [_thread_blocked, id=17872, stack(0x0000000bd5800000,0x0000000bd5900000)]
  0x000001a947eda330 JavaThread "Unconstrained build operations Thread 7" [_thread_blocked, id=344, stack(0x0000000bd5900000,0x0000000bd5a00000)]
  0x000001a9482d7490 JavaThread "Unconstrained build operations Thread 8" [_thread_blocked, id=2124, stack(0x0000000bd5a00000,0x0000000bd5b00000)]
  0x000001a9482d1e80 JavaThread "Unconstrained build operations Thread 9" [_thread_blocked, id=18852, stack(0x0000000bd5b00000,0x0000000bd5c00000)]
  0x000001a9482d32c0 JavaThread "Unconstrained build operations Thread 10" [_thread_blocked, id=14344, stack(0x0000000bd5c00000,0x0000000bd5d00000)]
  0x000001a9482d2390 JavaThread "Unconstrained build operations Thread 11" [_thread_blocked, id=2308, stack(0x0000000bd5d00000,0x0000000bd5e00000)]
=>0x000001a9482d6a70 JavaThread "Unconstrained build operations Thread 12" [_thread_in_vm, id=720, stack(0x0000000bd5e00000,0x0000000bd5f00000)]
  0x000001a9482d4700 JavaThread "Unconstrained build operations Thread 13" [_thread_blocked, id=2104, stack(0x0000000bd5f00000,0x0000000bd6000000)]
  0x000001a9482d28a0 JavaThread "Unconstrained build operations Thread 14" [_thread_blocked, id=2776, stack(0x0000000bd6000000,0x0000000bd6100000)]
  0x000001a9482d0020 JavaThread "Unconstrained build operations Thread 15" [_thread_blocked, id=17464, stack(0x0000000bd6200000,0x0000000bd6300000)]
  0x000001a9482d2db0 JavaThread "Unconstrained build operations Thread 16" [_thread_blocked, id=4144, stack(0x0000000bd6300000,0x0000000bd6400000)]
  0x000001a9482d79a0 JavaThread "Unconstrained build operations Thread 17" [_thread_blocked, id=13316, stack(0x0000000bd6400000,0x0000000bd6500000)]
  0x000001a9482d41f0 JavaThread "Unconstrained build operations Thread 18" [_thread_blocked, id=13604, stack(0x0000000bd6500000,0x0000000bd6600000)]
  0x000001a9482d5120 JavaThread "Unconstrained build operations Thread 19" [_thread_blocked, id=15564, stack(0x0000000bd6600000,0x0000000bd6700000)]
  0x000001a9482d5630 JavaThread "Unconstrained build operations Thread 20" [_thread_blocked, id=8636, stack(0x0000000bd6700000,0x0000000bd6800000)]
  0x000001a9482d0530 JavaThread "Unconstrained build operations Thread 21" [_thread_blocked, id=6196, stack(0x0000000bd6800000,0x0000000bd6900000)]
  0x000001a9482dc080 JavaThread "Unconstrained build operations Thread 22" [_thread_blocked, id=14124, stack(0x0000000bd6900000,0x0000000bd6a00000)]
  0x000001a9482dac40 JavaThread "Unconstrained build operations Thread 23" [_thread_blocked, id=19028, stack(0x0000000bd6a00000,0x0000000bd6b00000)]
  0x000001a9482df320 JavaThread "Unconstrained build operations Thread 24" [_thread_blocked, id=17328, stack(0x0000000bd6b00000,0x0000000bd6c00000)]
  0x000001a9482d7eb0 JavaThread "Unconstrained build operations Thread 25" [_thread_blocked, id=12440, stack(0x0000000bd6c00000,0x0000000bd6d00000)]
  0x000001a9482db150 JavaThread "Unconstrained build operations Thread 26" [_thread_blocked, id=7404, stack(0x0000000bd6d00000,0x0000000bd6e00000)]
  0x000001a9482dee10 JavaThread "Cache worker for Build Output Cleanup Cache (C:\Users\patil\SplashScreen\android\.gradle\buildOutputCleanup)" [_thread_blocked, id=3648, stack(0x0000000bd7300000,0x0000000bd7400000)]
  0x000001a9482dc590 JavaThread "included builds" [_thread_blocked, id=12964, stack(0x0000000bd7400000,0x0000000bd7500000)]
  0x000001a9482dcfb0 JavaThread "Execution worker" [_thread_blocked, id=9568, stack(0x0000000bd7500000,0x0000000bd7600000)]
  0x000001a9482db660 JavaThread "Execution worker Thread 2" [_thread_blocked, id=12492, stack(0x0000000bd7600000,0x0000000bd7700000)]
  0x000001a9482dbb70 JavaThread "Execution worker Thread 3" [_thread_blocked, id=19052, stack(0x0000000bd7700000,0x0000000bd7800000)]
  0x000001a9482dd4c0 JavaThread "Execution worker Thread 4" [_thread_blocked, id=1572, stack(0x0000000bd7800000,0x0000000bd7900000)]
  0x000001a9482d83c0 JavaThread "Execution worker Thread 5" [_thread_blocked, id=4612, stack(0x0000000bd7900000,0x0000000bd7a00000)]
  0x000001a9482df830 JavaThread "Execution worker Thread 6" [_thread_blocked, id=9304, stack(0x0000000bd7a00000,0x0000000bd7b00000)]
  0x000001a9482d88d0 JavaThread "Execution worker Thread 7" [_thread_blocked, id=12648, stack(0x0000000bd7b00000,0x0000000bd7c00000)]
  0x000001a9482d92f0 JavaThread "Cache worker for execution history cache (C:\Users\patil\SplashScreen\node_modules\@react-native\gradle-plugin\.gradle\8.0.1\executionHistory)" [_thread_blocked, id=7696, stack(0x0000000bd7c00000,0x0000000bd7d00000)]
  0x000001a9482d8de0 JavaThread "Unconstrained build operations Thread 27" [_thread_blocked, id=16004, stack(0x0000000bd7d00000,0x0000000bd7e00000)]
  0x000001a9482d9800 JavaThread "Unconstrained build operations Thread 28" [_thread_blocked, id=17500, stack(0x0000000bd7e00000,0x0000000bd7f00000)]
  0x000001a9482da730 JavaThread "Unconstrained build operations Thread 29" [_thread_blocked, id=17372, stack(0x0000000bd7f00000,0x0000000bd8000000)]
  0x000001a9482d9d10 JavaThread "Unconstrained build operations Thread 30" [_thread_blocked, id=3192, stack(0x0000000bd8000000,0x0000000bd8100000)]
  0x000001a9482da220 JavaThread "Unconstrained build operations Thread 31" [_thread_blocked, id=6484, stack(0x0000000bd8100000,0x0000000bd8200000)]
  0x000001a9482dd9d0 JavaThread "Unconstrained build operations Thread 32" [_thread_blocked, id=7096, stack(0x0000000bd8200000,0x0000000bd8300000)]
  0x000001a9482ddee0 JavaThread "Unconstrained build operations Thread 33" [_thread_blocked, id=6544, stack(0x0000000bd8300000,0x0000000bd8400000)]
  0x000001a9482dcaa0 JavaThread "Unconstrained build operations Thread 34" [_thread_blocked, id=18984, stack(0x0000000bd8400000,0x0000000bd8500000)]
  0x000001a9482de3f0 JavaThread "Unconstrained build operations Thread 35" [_thread_blocked, id=7948, stack(0x0000000bd8500000,0x0000000bd8600000)]
  0x000001a943d224b0 JavaThread "Unconstrained build operations Thread 36" [_thread_blocked, id=14820, stack(0x0000000bd8600000,0x0000000bd8700000)]
  0x000001a943d1d3b0 JavaThread "Unconstrained build operations Thread 37" [_thread_blocked, id=15340, stack(0x0000000bd8700000,0x0000000bd8800000)]
  0x000001a943d1cea0 JavaThread "Unconstrained build operations Thread 38" [_thread_blocked, id=4572, stack(0x0000000bd8800000,0x0000000bd8900000)]
  0x000001a943d21070 JavaThread "Unconstrained build operations Thread 39" [_thread_blocked, id=15504, stack(0x0000000bd8900000,0x0000000bd8a00000)]
  0x000001a943d1c480 JavaThread "Unconstrained build operations Thread 40" [_thread_blocked, id=3012, stack(0x0000000bd8a00000,0x0000000bd8b00000)]
  0x000001a943d20650 JavaThread "Unconstrained build operations Thread 41" [_thread_blocked, id=11804, stack(0x0000000bd8b00000,0x0000000bd8c00000)]
  0x000001a943d1d8c0 JavaThread "Unconstrained build operations Thread 42" [_thread_blocked, id=11496, stack(0x0000000bd8c00000,0x0000000bd8d00000)]
  0x000001a943d20140 JavaThread "Unconstrained build operations Thread 43" [_thread_blocked, id=7816, stack(0x0000000bd8d00000,0x0000000bd8e00000)]
  0x000001a943d20b60 JavaThread "Unconstrained build operations Thread 44" [_thread_blocked, id=9524, stack(0x0000000bd8e00000,0x0000000bd8f00000)]
  0x000001a943d1e2e0 JavaThread "Unconstrained build operations Thread 45" [_thread_blocked, id=18664, stack(0x0000000bd8f00000,0x0000000bd9000000)]
  0x000001a943d21a90 JavaThread "Unconstrained build operations Thread 46" [_thread_blocked, id=8280, stack(0x0000000bd9000000,0x0000000bd9100000)]
  0x000001a943d1ddd0 JavaThread "Unconstrained build operations Thread 47" [_thread_blocked, id=15696, stack(0x0000000bd9100000,0x0000000bd9200000)]
  0x000001a943d1ed00 JavaThread "Unconstrained build operations Thread 48" [_thread_blocked, id=1276, stack(0x0000000bd9200000,0x0000000bd9300000)]
  0x000001a943d1e7f0 JavaThread "Unconstrained build operations Thread 49" [_thread_blocked, id=16580, stack(0x0000000bd9300000,0x0000000bd9400000)]
  0x000001a943d1c990 JavaThread "Unconstrained build operations Thread 50" [_thread_blocked, id=3032, stack(0x0000000bd9400000,0x0000000bd9500000)]
  0x000001a943d1ba60 JavaThread "Unconstrained build operations Thread 51" [_thread_blocked, id=6224, stack(0x0000000bd9500000,0x0000000bd9600000)]
  0x000001a943d1f720 JavaThread "Unconstrained build operations Thread 52" [_thread_blocked, id=19984, stack(0x0000000bd9600000,0x0000000bd9700000)]
  0x000001a943d1fc30 JavaThread "Unconstrained build operations Thread 53" [_thread_blocked, id=17472, stack(0x0000000bd9700000,0x0000000bd9800000)]
  0x000001a943d1bf70 JavaThread "Unconstrained build operations Thread 54" [_thread_blocked, id=20252, stack(0x0000000bd9800000,0x0000000bd9900000)]
  0x000001a943d22ed0 JavaThread "Unconstrained build operations Thread 55" [_thread_blocked, id=19512, stack(0x0000000bd9900000,0x0000000bd9a00000)]
  0x000001a943d21580 JavaThread "Unconstrained build operations Thread 56" [_thread_blocked, id=2832, stack(0x0000000bd9a00000,0x0000000bd9b00000)]
  0x000001a943d21fa0 JavaThread "Unconstrained build operations Thread 57" [_thread_blocked, id=12736, stack(0x0000000bd9b00000,0x0000000bd9c00000)]
  0x000001a943d229c0 JavaThread "Unconstrained build operations Thread 58" [_thread_blocked, id=9632, stack(0x0000000bd9c00000,0x0000000bd9d00000)]
  0x000001a943d233e0 JavaThread "Unconstrained build operations Thread 59" [_thread_blocked, id=13748, stack(0x0000000bd9d00000,0x0000000bd9e00000)]
  0x000001a9444091e0 JavaThread "Unconstrained build operations Thread 60" [_thread_blocked, id=12488, stack(0x0000000bd9e00000,0x0000000bd9f00000)]
  0x000001a94440ab30 JavaThread "Unconstrained build operations Thread 61" [_thread_blocked, id=8348, stack(0x0000000bd9f00000,0x0000000bda000000)]
  0x000001a944408cd0 JavaThread "Unconstrained build operations Thread 62" [_thread_blocked, id=14340, stack(0x0000000bda000000,0x0000000bda100000)]
  0x000001a94440bf70 JavaThread "Unconstrained build operations Thread 63" [_thread_blocked, id=11844, stack(0x0000000bda100000,0x0000000bda200000)]
  0x000001a9444096f0 JavaThread "Unconstrained build operations Thread 64" [_thread_blocked, id=10776, stack(0x0000000bda200000,0x0000000bda300000)]
  0x000001a944409c00 JavaThread "Unconstrained build operations Thread 65" [_thread_blocked, id=2824, stack(0x0000000bda300000,0x0000000bda400000)]
  0x000001a94440f720 JavaThread "Unconstrained build operations Thread 66" [_thread_blocked, id=15748, stack(0x0000000bda400000,0x0000000bda500000)]
  0x000001a94440fc30 JavaThread "Unconstrained build operations Thread 67" [_thread_blocked, id=16100, stack(0x0000000bda500000,0x0000000bda600000)]
  0x000001a94440e2e0 JavaThread "Unconstrained build operations Thread 68" [_thread_blocked, id=13348, stack(0x0000000bda600000,0x0000000bda700000)]
  0x000001a94440a110 JavaThread "Unconstrained build operations Thread 69" [_thread_blocked, id=20180, stack(0x0000000bda700000,0x0000000bda800000)]
  0x000001a94440b550 JavaThread "Unconstrained build operations Thread 70" [_thread_blocked, id=15168, stack(0x0000000bda800000,0x0000000bda900000)]
  0x000001a94440b040 JavaThread "Unconstrained build operations Thread 71" [_thread_blocked, id=13484, stack(0x0000000bda900000,0x0000000bdaa00000)]
  0x000001a94440ba60 JavaThread "Unconstrained build operations Thread 72" [_thread_blocked, id=8364, stack(0x0000000bdaa00000,0x0000000bdab00000)]
  0x000001a94440ed00 JavaThread "Unconstrained build operations Thread 73" [_thread_blocked, id=18336, stack(0x0000000bdab00000,0x0000000bdac00000)]
  0x000001a94440cea0 JavaThread "Unconstrained build operations Thread 74" [_thread_blocked, id=19944, stack(0x0000000bdac00000,0x0000000bdad00000)]
  0x000001a94440f210 JavaThread "Unconstrained build operations Thread 75" [_thread_blocked, id=18596, stack(0x0000000bdad00000,0x0000000bdae00000)]
  0x000001a94440a620 JavaThread "Unconstrained build operations Thread 76" [_thread_blocked, id=18144, stack(0x0000000bdae00000,0x0000000bdaf00000)]
  0x000001a94440c480 JavaThread "Unconstrained build operations Thread 77" [_thread_blocked, id=8604, stack(0x0000000bdaf00000,0x0000000bdb000000)]
  0x000001a94440d3b0 JavaThread "Unconstrained build operations Thread 78" [_thread_blocked, id=7584, stack(0x0000000bdb000000,0x0000000bdb100000)]
  0x000001a94440d8c0 JavaThread "Unconstrained build operations Thread 79" [_thread_blocked, id=10472, stack(0x0000000bdb600000,0x0000000bdb700000)]
  0x000001a94440e7f0 JavaThread "Unconstrained build operations Thread 80" [_thread_blocked, id=3756, stack(0x0000000bdba00000,0x0000000bdbb00000)]
  0x000001a943878bb0 JavaThread "Cache worker for execution history cache (C:\Users\patil\SplashScreen\android\.gradle\8.0.1\executionHistory)" [_thread_blocked, id=19176, stack(0x0000000bdbb00000,0x0000000bdbc00000)]
  0x000001a943879ae0 JavaThread "WorkerExecutor Queue" [_thread_blocked, id=2984, stack(0x0000000bdbd00000,0x0000000bdbe00000)]
  0x000001a943877c80 JavaThread "WorkerExecutor Queue Thread 2" [_thread_in_native, id=18192, stack(0x0000000bdbe00000,0x0000000bdbf00000)]
  0x000001a9438786a0 JavaThread "WorkerExecutor Queue Thread 4" [_thread_blocked, id=12444, stack(0x0000000bdc000000,0x0000000bdc100000)]
  0x000001a943879ff0 JavaThread "WorkerExecutor Queue Thread 5" [_thread_blocked, id=13700, stack(0x0000000bdc100000,0x0000000bdc200000)]
  0x000001a94387a500 JavaThread "WorkerExecutor Queue Thread 6" [_thread_blocked, id=2188, stack(0x0000000bdc400000,0x0000000bdc500000)]
  0x000001a94387b940 JavaThread "WorkerExecutor Queue Thread 7" [_thread_blocked, id=6916, stack(0x0000000bdc900000,0x0000000bdca00000)]
  0x000001a94387b430 JavaThread "WorkerExecutor Queue Thread 8" [_thread_blocked, id=17180, stack(0x0000000bdca00000,0x0000000bdcb00000)]
  0x000001a943876330 JavaThread "WorkerExecutor Queue Thread 9" [_thread_blocked, id=4832, stack(0x0000000bdcb00000,0x0000000bdcc00000)]
  0x000001a943876840 JavaThread "RMI RenewClean-[127.0.0.1:17111,org.jetbrains.kotlin.daemon.common.LoopbackNetworkInterface$ClientLoopbackSocketFactory@1a498bfc]" daemon [_thread_blocked, id=9872, stack(0x0000000bdcc00000,0x0000000bdcd00000)]
  0x000001a943b77800 JavaThread "RMI TCP Connection(15)-127.0.0.1" daemon [_thread_in_native, id=18992, stack(0x0000000bdcd00000,0x0000000bdce00000)]
  0x000001a943b7bee0 JavaThread "RMI TCP Connection(idle)" daemon [_thread_blocked, id=18448, stack(0x0000000bdce00000,0x0000000bdcf00000)]
  0x000001a943b76de0 JavaThread "pool-10-thread-1" [_thread_blocked, id=13072, stack(0x0000000bdcf00000,0x0000000bdd000000)]
  0x000001a943b7c3f0 JavaThread "stderr" [_thread_in_native, id=9048, stack(0x0000000bdd000000,0x0000000bdd100000)]
  0x000001a943b772f0 JavaThread "stdout" [_thread_in_native, id=13032, stack(0x0000000bdd100000,0x0000000bdd200000)]
  0x000001a943b7d320 JavaThread "RMI TCP Connection(idle)" daemon [_thread_blocked, id=6580, stack(0x0000000bdd200000,0x0000000bdd300000)]
  0x000001a943b78220 JavaThread "RMI TCP Connection(idle)" daemon [_thread_blocked, id=6636, stack(0x0000000bdd600000,0x0000000bdd700000)]
  0x000001a944f0e530 JavaThread "RMI RenewClean-[127.0.0.1:17111,org.jetbrains.kotlin.daemon.common.LoopbackNetworkInterface$ClientLoopbackSocketFactory@c5b8779]" daemon [_thread_blocked, id=15052, stack(0x0000000bdde00000,0x0000000bddf00000)]

Other Threads:
  0x000001a9215fab00 VMThread "VM Thread" [stack: 0x0000000bd2200000,0x0000000bd2300000] [id=13400]
  0x000001a921767d00 WatcherThread [stack: 0x0000000bd2e00000,0x0000000bd2f00000] [id=12208]
  0x000001a9031b1ba0 GCTaskThread "GC Thread#0" [stack: 0x0000000bd1d00000,0x0000000bd1e00000] [id=6880]
  0x000001a9416aad60 GCTaskThread "GC Thread#1" [stack: 0x0000000bd3000000,0x0000000bd3100000] [id=5020]
  0x000001a9419fdb90 GCTaskThread "GC Thread#2" [stack: 0x0000000bd3100000,0x0000000bd3200000] [id=16120]
  0x000001a9218fc4a0 GCTaskThread "GC Thread#3" [stack: 0x0000000bd3200000,0x0000000bd3300000] [id=6628]
  0x000001a942589db0 GCTaskThread "GC Thread#4" [stack: 0x0000000bd3300000,0x0000000bd3400000] [id=6396]
  0x000001a942010370 GCTaskThread "GC Thread#5" [stack: 0x0000000bd4100000,0x0000000bd4200000] [id=2928]
  0x000001a942a93f90 GCTaskThread "GC Thread#6" [stack: 0x0000000bd4200000,0x0000000bd4300000] [id=18396]
  0x000001a944222950 GCTaskThread "GC Thread#7" [stack: 0x0000000bd4300000,0x0000000bd4400000] [id=18348]
  0x000001a9031c5bf0 ConcurrentGCThread "G1 Main Marker" [stack: 0x0000000bd1e00000,0x0000000bd1f00000] [id=10036]
  0x000001a9031c6db0 ConcurrentGCThread "G1 Conc#0" [stack: 0x0000000bd1f00000,0x0000000bd2000000] [id=19940]
  0x000001a944722f50 ConcurrentGCThread "G1 Conc#1" [stack: 0x0000000bd4b00000,0x0000000bd4c00000] [id=1956]
  0x000001a90320d350 ConcurrentGCThread "G1 Refine#0" [stack: 0x0000000bd2000000,0x0000000bd2100000] [id=1292]
  0x000001a943a8f760 ConcurrentGCThread "G1 Refine#1" [stack: 0x0000000bd6e00000,0x0000000bd6f00000] [id=7504]
  0x000001a943a8d710 ConcurrentGCThread "G1 Refine#2" [stack: 0x0000000bdb100000,0x0000000bdb200000] [id=13856]
  0x000001a943a8c570 ConcurrentGCThread "G1 Refine#3" [stack: 0x0000000bdb200000,0x0000000bdb300000] [id=16944]
  0x000001a943a8da00 ConcurrentGCThread "G1 Refine#4" [stack: 0x0000000bdb300000,0x0000000bdb400000] [id=11732]
  0x000001a943a8dcf0 ConcurrentGCThread "G1 Refine#5" [stack: 0x0000000bdb400000,0x0000000bdb500000] [id=15940]
  0x000001a948682060 ConcurrentGCThread "G1 Refine#6" [stack: 0x0000000bdd700000,0x0000000bdd800000] [id=17796]
  0x000001a9468687e0 ConcurrentGCThread "G1 Refine#7" [stack: 0x0000000bdd800000,0x0000000bdd900000] [id=7484]
  0x000001a90320dd80 ConcurrentGCThread "G1 Service" [stack: 0x0000000bd2100000,0x0000000bd2200000] [id=7500]

Threads with active compile tasks:

VM state: not at safepoint (normal execution)

VM Mutex/Monitor currently owned by a thread:  ([mutex/lock_event])
[0x000001a903153550] Heap_lock - owner thread: 0x000001a9482d6a70

Heap address: 0x0000000080000000, size: 2048 MB, Compressed Oops mode: 32-bit

CDS archive(s) mapped at: [0x000001a922000000-0x000001a922bb0000-0x000001a922bb0000), size 12255232, SharedBaseAddress: 0x000001a922000000, ArchiveRelocationMode: 1.
Compressed class space mapped at: 0x000001a923000000-0x000001a93d000000, reserved size: 436207616
Narrow klass base: 0x000001a922000000, Narrow klass shift: 0, Narrow klass range: 0x100000000

GC Precious Log:
 CPUs: 8 total, 8 available
 Memory: 7934M
 Large Page Support: Disabled
 NUMA Support: Disabled
 Compressed Oops: Enabled (32-bit)
 Heap Region Size: 1M
 Heap Min Capacity: 8M
 Heap Initial Capacity: 124M
 Heap Max Capacity: 2G
 Pre-touch: Disabled
 Parallel Workers: 8
 Concurrent Workers: 2
 Concurrent Refinement Workers: 8
 Periodic GC: Disabled

Heap:
 garbage-first heap   total 1603584K, used 1353548K [0x0000000080000000, 0x0000000100000000)
  region size 1024K, 12 young (12288K), 1 survivors (1024K)
 Metaspace       used 155347K, committed 157120K, reserved 622592K
  class space    used 20215K, committed 21056K, reserved 425984K

Heap Regions: E=young(eden), S=young(survivor), O=old, HS=humongous(starts), HC=humongous(continues), CS=collection set, F=free, OA=open archive, CA=closed archive, TAMS=top-at-mark-start (previous, next)
|   0|0x0000000080000000, 0x0000000080100000, 0x0000000080100000|100%|HS|  |TAMS 0x0000000080100000, 0x0000000080000000| Complete 
|   1|0x0000000080100000, 0x0000000080200000, 0x0000000080200000|100%|HC|  |TAMS 0x0000000080200000, 0x0000000080100000| Complete 
|   2|0x0000000080200000, 0x0000000080300000, 0x0000000080300000|100%|HC|  |TAMS 0x0000000080300000, 0x0000000080200000| Complete 
|   3|0x0000000080300000, 0x0000000080400000, 0x0000000080400000|100%|HC|  |TAMS 0x0000000080400000, 0x0000000080300000| Complete 
|   4|0x0000000080400000, 0x0000000080500000, 0x0000000080500000|100%| O|  |TAMS 0x0000000080500000, 0x0000000080400000| Untracked 
|   5|0x0000000080500000, 0x0000000080600000, 0x0000000080600000|100%| O|  |TAMS 0x0000000080600000, 0x0000000080500000| Untracked 
|   6|0x0000000080600000, 0x0000000080700000, 0x0000000080700000|100%| O|  |TAMS 0x0000000080700000, 0x0000000080600000| Untracked 
|   7|0x0000000080700000, 0x0000000080800000, 0x0000000080800000|100%| O|  |TAMS 0x0000000080800000, 0x0000000080700000| Untracked 
|   8|0x0000000080800000, 0x0000000080900000, 0x0000000080900000|100%| O|  |TAMS 0x0000000080900000, 0x0000000080800000| Untracked 
|   9|0x0000000080900000, 0x0000000080a00000, 0x0000000080a00000|100%| O|  |TAMS 0x0000000080a00000, 0x0000000080900000| Untracked 
|  10|0x0000000080a00000, 0x0000000080b00000, 0x0000000080b00000|100%| O|  |TAMS 0x0000000080b00000, 0x0000000080a00000| Untracked 
|  11|0x0000000080b00000, 0x0000000080c00000, 0x0000000080c00000|100%| O|  |TAMS 0x0000000080c00000, 0x0000000080b00000| Untracked 
|  12|0x0000000080c00000, 0x0000000080d00000, 0x0000000080d00000|100%| O|  |TAMS 0x0000000080d00000, 0x0000000080c00000| Untracked 
|  13|0x0000000080d00000, 0x0000000080e00000, 0x0000000080e00000|100%| O|  |TAMS 0x0000000080e00000, 0x0000000080d00000| Untracked 
|  14|0x0000000080e00000, 0x0000000080f00000, 0x0000000080f00000|100%| O|  |TAMS 0x0000000080f00000, 0x0000000080e00000| Untracked 
|  15|0x0000000080f00000, 0x0000000081000000, 0x0000000081000000|100%| O|  |TAMS 0x0000000081000000, 0x0000000080f00000| Untracked 
|  16|0x0000000081000000, 0x0000000081100000, 0x0000000081100000|100%| O|  |TAMS 0x0000000081100000, 0x0000000081000000| Untracked 
|  17|0x0000000081100000, 0x0000000081200000, 0x0000000081200000|100%| O|  |TAMS 0x0000000081200000, 0x0000000081100000| Untracked 
|  18|0x0000000081200000, 0x0000000081300000, 0x0000000081300000|100%| O|  |TAMS 0x0000000081300000, 0x0000000081200000| Untracked 
|  19|0x0000000081300000, 0x0000000081400000, 0x0000000081400000|100%| O|  |TAMS 0x0000000081400000, 0x0000000081300000| Untracked 
|  20|0x0000000081400000, 0x0000000081500000, 0x0000000081500000|100%| O|  |TAMS 0x0000000081500000, 0x0000000081400000| Untracked 
|  21|0x0000000081500000, 0x0000000081600000, 0x0000000081600000|100%| O|  |TAMS 0x0000000081600000, 0x0000000081500000| Untracked 
|  22|0x0000000081600000, 0x0000000081700000, 0x0000000081700000|100%| O|  |TAMS 0x0000000081700000, 0x0000000081600000| Untracked 
|  23|0x0000000081700000, 0x0000000081800000, 0x0000000081800000|100%| O|  |TAMS 0x0000000081800000, 0x0000000081700000| Untracked 
|  24|0x0000000081800000, 0x0000000081900000, 0x0000000081900000|100%| O|  |TAMS 0x0000000081900000, 0x0000000081800000| Untracked 
|  25|0x0000000081900000, 0x0000000081a00000, 0x0000000081a00000|100%| O|  |TAMS 0x0000000081a00000, 0x0000000081900000| Untracked 
|  26|0x0000000081a00000, 0x0000000081b00000, 0x0000000081b00000|100%| O|  |TAMS 0x0000000081b00000, 0x0000000081a00000| Untracked 
|  27|0x0000000081b00000, 0x0000000081c00000, 0x0000000081c00000|100%| O|  |TAMS 0x0000000081c00000, 0x0000000081b00000| Untracked 
|  28|0x0000000081c00000, 0x0000000081d00000, 0x0000000081d00000|100%| O|  |TAMS 0x0000000081d00000, 0x0000000081c00000| Untracked 
|  29|0x0000000081d00000, 0x0000000081e00000, 0x0000000081e00000|100%| O|  |TAMS 0x0000000081e00000, 0x0000000081d00000| Untracked 
|  30|0x0000000081e00000, 0x0000000081f00000, 0x0000000081f00000|100%| O|  |TAMS 0x0000000081f00000, 0x0000000081e00000| Untracked 
|  31|0x0000000081f00000, 0x0000000082000000, 0x0000000082000000|100%| O|  |TAMS 0x0000000082000000, 0x0000000081f00000| Untracked 
|  32|0x0000000082000000, 0x0000000082100000, 0x0000000082100000|100%| O|  |TAMS 0x0000000082100000, 0x0000000082000000| Untracked 
|  33|0x0000000082100000, 0x0000000082200000, 0x0000000082200000|100%| O|  |TAMS 0x0000000082200000, 0x0000000082100000| Untracked 
|  34|0x0000000082200000, 0x0000000082300000, 0x0000000082300000|100%| O|  |TAMS 0x0000000082300000, 0x0000000082200000| Untracked 
|  35|0x0000000082300000, 0x0000000082400000, 0x0000000082400000|100%|HS|  |TAMS 0x0000000082400000, 0x0000000082300000| Complete 
|  36|0x0000000082400000, 0x0000000082500000, 0x0000000082500000|100%|HC|  |TAMS 0x0000000082500000, 0x0000000082400000| Complete 
|  37|0x0000000082500000, 0x0000000082600000, 0x0000000082600000|100%|HS|  |TAMS 0x0000000082600000, 0x0000000082500000| Complete 
|  38|0x0000000082600000, 0x0000000082700000, 0x0000000082700000|100%|HC|  |TAMS 0x0000000082700000, 0x0000000082600000| Complete 
|  39|0x0000000082700000, 0x0000000082800000, 0x0000000082800000|100%|HC|  |TAMS 0x0000000082800000, 0x0000000082700000| Complete 
|  40|0x0000000082800000, 0x0000000082900000, 0x0000000082900000|100%|HC|  |TAMS 0x0000000082900000, 0x0000000082800000| Complete 
|  41|0x0000000082900000, 0x0000000082a00000, 0x0000000082a00000|100%| O|  |TAMS 0x0000000082a00000, 0x0000000082900000| Untracked 
|  42|0x0000000082a00000, 0x0000000082b00000, 0x0000000082b00000|100%| O|  |TAMS 0x0000000082b00000, 0x0000000082a00000| Untracked 
|  43|0x0000000082b00000, 0x0000000082c00000, 0x0000000082c00000|100%| O|  |TAMS 0x0000000082c00000, 0x0000000082b00000| Untracked 
|  44|0x0000000082c00000, 0x0000000082d00000, 0x0000000082d00000|100%| O|  |TAMS 0x0000000082d00000, 0x0000000082c00000| Untracked 
|  45|0x0000000082d00000, 0x0000000082e00000, 0x0000000082e00000|100%| O|  |TAMS 0x0000000082e00000, 0x0000000082d00000| Untracked 
|  46|0x0000000082e00000, 0x0000000082f00000, 0x0000000082f00000|100%| O|  |TAMS 0x0000000082f00000, 0x0000000082e00000| Untracked 
|  47|0x0000000082f00000, 0x0000000083000000, 0x0000000083000000|100%| O|  |TAMS 0x0000000083000000, 0x0000000082f00000| Untracked 
|  48|0x0000000083000000, 0x0000000083100000, 0x0000000083100000|100%|HS|  |TAMS 0x0000000083100000, 0x0000000083000000| Complete 
|  49|0x0000000083100000, 0x0000000083200000, 0x0000000083200000|100%|HS|  |TAMS 0x0000000083200000, 0x0000000083100000| Complete 
|  50|0x0000000083200000, 0x0000000083300000, 0x0000000083300000|100%|HS|  |TAMS 0x0000000083300000, 0x0000000083200000| Complete 
|  51|0x0000000083300000, 0x0000000083400000, 0x0000000083400000|100%|HS|  |TAMS 0x0000000083400000, 0x0000000083300000| Complete 
|  52|0x0000000083400000, 0x0000000083500000, 0x0000000083500000|100%|HS|  |TAMS 0x0000000083500000, 0x0000000083400000| Complete 
|  53|0x0000000083500000, 0x0000000083600000, 0x0000000083600000|100%|HS|  |TAMS 0x0000000083600000, 0x0000000083500000| Complete 
|  54|0x0000000083600000, 0x0000000083700000, 0x0000000083700000|100%|HC|  |TAMS 0x0000000083700000, 0x0000000083600000| Complete 
|  55|0x0000000083700000, 0x0000000083800000, 0x0000000083800000|100%|HC|  |TAMS 0x0000000083800000, 0x0000000083700000| Complete 
|  56|0x0000000083800000, 0x0000000083900000, 0x0000000083900000|100%|HS|  |TAMS 0x0000000083900000, 0x0000000083800000| Complete 
|  57|0x0000000083900000, 0x0000000083a00000, 0x0000000083a00000|100%| O|  |TAMS 0x0000000083a00000, 0x0000000083900000| Untracked 
|  58|0x0000000083a00000, 0x0000000083b00000, 0x0000000083b00000|100%| O|  |TAMS 0x0000000083b00000, 0x0000000083a00000| Untracked 
|  59|0x0000000083b00000, 0x0000000083c00000, 0x0000000083c00000|100%| O|  |TAMS 0x0000000083c00000, 0x0000000083b00000| Untracked 
|  60|0x0000000083c00000, 0x0000000083d00000, 0x0000000083d00000|100%| O|  |TAMS 0x0000000083d00000, 0x0000000083c00000| Untracked 
|  61|0x0000000083d00000, 0x0000000083e00000, 0x0000000083e00000|100%| O|  |TAMS 0x0000000083e00000, 0x0000000083d00000| Untracked 
|  62|0x0000000083e00000, 0x0000000083f00000, 0x0000000083f00000|100%| O|  |TAMS 0x0000000083f00000, 0x0000000083e00000| Untracked 
|  63|0x0000000083f00000, 0x0000000084000000, 0x0000000084000000|100%| O|  |TAMS 0x0000000084000000, 0x0000000083f00000| Untracked 
|  64|0x0000000084000000, 0x0000000084100000, 0x0000000084100000|100%| O|  |TAMS 0x0000000084100000, 0x0000000084000000| Untracked 
|  65|0x0000000084100000, 0x0000000084200000, 0x0000000084200000|100%| O|  |TAMS 0x0000000084200000, 0x0000000084100000| Untracked 
|  66|0x0000000084200000, 0x0000000084300000, 0x0000000084300000|100%| O|  |TAMS 0x0000000084300000, 0x0000000084200000| Untracked 
|  67|0x0000000084300000, 0x0000000084400000, 0x0000000084400000|100%| O|  |TAMS 0x0000000084400000, 0x0000000084300000| Untracked 
|  68|0x0000000084400000, 0x0000000084500000, 0x0000000084500000|100%| O|  |TAMS 0x0000000084500000, 0x0000000084400000| Untracked 
|  69|0x0000000084500000, 0x0000000084600000, 0x0000000084600000|100%| O|  |TAMS 0x0000000084600000, 0x0000000084500000| Untracked 
|  70|0x0000000084600000, 0x0000000084700000, 0x0000000084700000|100%| O|  |TAMS 0x0000000084700000, 0x0000000084600000| Complete 
|  71|0x0000000084700000, 0x0000000084800000, 0x0000000084800000|100%| O|  |TAMS 0x0000000084800000, 0x0000000084700000| Untracked 
|  72|0x0000000084800000, 0x0000000084900000, 0x0000000084900000|100%| O|  |TAMS 0x0000000084900000, 0x0000000084800000| Untracked 
|  73|0x0000000084900000, 0x0000000084a00000, 0x0000000084a00000|100%|HS|  |TAMS 0x0000000084a00000, 0x0000000084900000| Complete 
|  74|0x0000000084a00000, 0x0000000084b00000, 0x0000000084b00000|100%|HC|  |TAMS 0x0000000084b00000, 0x0000000084a00000| Complete 
|  75|0x0000000084b00000, 0x0000000084c00000, 0x0000000084c00000|100%| O|  |TAMS 0x0000000084c00000, 0x0000000084b00000| Untracked 
|  76|0x0000000084c00000, 0x0000000084d00000, 0x0000000084d00000|100%|HS|  |TAMS 0x0000000084c00000, 0x0000000084c00000| Complete 
|  77|0x0000000084d00000, 0x0000000084e00000, 0x0000000084e00000|100%| O|  |TAMS 0x0000000084e00000, 0x0000000084d00000| Untracked 
|  78|0x0000000084e00000, 0x0000000084f00000, 0x0000000084f00000|100%| O|  |TAMS 0x0000000084f00000, 0x0000000084e00000| Untracked 
|  79|0x0000000084f00000, 0x0000000085000000, 0x0000000085000000|100%|HS|  |TAMS 0x0000000084f00000, 0x0000000084f00000| Complete 
|  80|0x0000000085000000, 0x0000000085100000, 0x0000000085100000|100%| O|  |TAMS 0x0000000085100000, 0x0000000085000000| Untracked 
|  81|0x0000000085100000, 0x0000000085200000, 0x0000000085200000|100%| O|  |TAMS 0x0000000085200000, 0x0000000085100000| Untracked 
|  82|0x0000000085200000, 0x0000000085300000, 0x0000000085300000|100%| O|  |TAMS 0x0000000085300000, 0x0000000085200000| Untracked 
|  83|0x0000000085300000, 0x0000000085400000, 0x0000000085400000|100%| O|  |TAMS 0x0000000085400000, 0x0000000085300000| Untracked 
|  84|0x0000000085400000, 0x0000000085500000, 0x0000000085500000|100%| O|  |TAMS 0x0000000085500000, 0x0000000085400000| Complete 
|  85|0x0000000085500000, 0x0000000085600000, 0x0000000085600000|100%| O|  |TAMS 0x0000000085600000, 0x0000000085500000| Untracked 
|  86|0x0000000085600000, 0x0000000085700000, 0x0000000085700000|100%|HS|  |TAMS 0x0000000085700000, 0x0000000085600000| Complete 
|  87|0x0000000085700000, 0x0000000085800000, 0x0000000085800000|100%|HS|  |TAMS 0x0000000085800000, 0x0000000085700000| Complete 
|  88|0x0000000085800000, 0x0000000085900000, 0x0000000085900000|100%|HC|  |TAMS 0x0000000085900000, 0x0000000085800000| Complete 
|  89|0x0000000085900000, 0x0000000085a00000, 0x0000000085a00000|100%|HC|  |TAMS 0x0000000085a00000, 0x0000000085900000| Complete 
|  90|0x0000000085a00000, 0x0000000085b00000, 0x0000000085b00000|100%| O|  |TAMS 0x0000000085b00000, 0x0000000085a00000| Untracked 
|  91|0x0000000085b00000, 0x0000000085c00000, 0x0000000085c00000|100%| O|  |TAMS 0x0000000085c00000, 0x0000000085b00000| Untracked 
|  92|0x0000000085c00000, 0x0000000085d00000, 0x0000000085d00000|100%| O|  |TAMS 0x0000000085d00000, 0x0000000085c00000| Untracked 
|  93|0x0000000085d00000, 0x0000000085e00000, 0x0000000085e00000|100%| O|  |TAMS 0x0000000085e00000, 0x0000000085d00000| Untracked 
|  94|0x0000000085e00000, 0x0000000085f00000, 0x0000000085f00000|100%| O|  |TAMS 0x0000000085f00000, 0x0000000085e00000| Untracked 
|  95|0x0000000085f00000, 0x0000000086000000, 0x0000000086000000|100%| O|  |TAMS 0x0000000086000000, 0x0000000085f00000| Untracked 
|  96|0x0000000086000000, 0x0000000086100000, 0x0000000086100000|100%| O|  |TAMS 0x0000000086100000, 0x0000000086000000| Untracked 
|  97|0x0000000086100000, 0x0000000086200000, 0x0000000086200000|100%| O|  |TAMS 0x0000000086200000, 0x0000000086100000| Untracked 
|  98|0x0000000086200000, 0x0000000086300000, 0x0000000086300000|100%| O|  |TAMS 0x0000000086300000, 0x0000000086200000| Untracked 
|  99|0x0000000086300000, 0x0000000086400000, 0x0000000086400000|100%| O|  |TAMS 0x0000000086400000, 0x0000000086300000| Untracked 
| 100|0x0000000086400000, 0x0000000086500000, 0x0000000086500000|100%|HS|  |TAMS 0x0000000086400000, 0x0000000086400000| Complete 
| 101|0x0000000086500000, 0x0000000086600000, 0x0000000086600000|100%| O|  |TAMS 0x0000000086600000, 0x0000000086500000| Complete 
| 102|0x0000000086600000, 0x0000000086700000, 0x0000000086700000|100%|HS|  |TAMS 0x0000000086600000, 0x0000000086600000| Complete 
| 103|0x0000000086700000, 0x0000000086800000, 0x0000000086800000|100%|HC|  |TAMS 0x0000000086700000, 0x0000000086700000| Complete 
| 104|0x0000000086800000, 0x0000000086900000, 0x0000000086900000|100%| O|  |TAMS 0x0000000086900000, 0x0000000086800000| Untracked 
| 105|0x0000000086900000, 0x0000000086a00000, 0x0000000086a00000|100%| O|  |TAMS 0x0000000086a00000, 0x0000000086900000| Untracked 
| 106|0x0000000086a00000, 0x0000000086b00000, 0x0000000086b00000|100%| O|  |TAMS 0x0000000086b00000, 0x0000000086a00000| Untracked 
| 107|0x0000000086b00000, 0x0000000086c00000, 0x0000000086c00000|100%| O|  |TAMS 0x0000000086c00000, 0x0000000086b00000| Complete 
| 108|0x0000000086c00000, 0x0000000086d00000, 0x0000000086d00000|100%| O|  |TAMS 0x0000000086d00000, 0x0000000086c00000| Untracked 
| 109|0x0000000086d00000, 0x0000000086e00000, 0x0000000086e00000|100%| O|  |TAMS 0x0000000086e00000, 0x0000000086d00000| Untracked 
| 110|0x0000000086e00000, 0x0000000086f00000, 0x0000000086f00000|100%| O|  |TAMS 0x0000000086f00000, 0x0000000086e00000| Untracked 
| 111|0x0000000086f00000, 0x0000000087000000, 0x0000000087000000|100%| O|  |TAMS 0x0000000087000000, 0x0000000086f00000| Complete 
| 112|0x0000000087000000, 0x0000000087100000, 0x0000000087100000|100%| O|  |TAMS 0x0000000087100000, 0x0000000087000000| Untracked 
| 113|0x0000000087100000, 0x0000000087200000, 0x0000000087200000|100%| O|  |TAMS 0x0000000087200000, 0x0000000087100000| Untracked 
| 114|0x0000000087200000, 0x0000000087300000, 0x0000000087300000|100%| O|  |TAMS 0x0000000087300000, 0x0000000087200000| Untracked 
| 115|0x0000000087300000, 0x0000000087400000, 0x0000000087400000|100%| O|  |TAMS 0x0000000087400000, 0x0000000087300000| Complete 
| 116|0x0000000087400000, 0x0000000087500000, 0x0000000087500000|100%|HS|  |TAMS 0x0000000087400000, 0x0000000087400000| Complete 
| 117|0x0000000087500000, 0x0000000087600000, 0x0000000087600000|100%|HC|  |TAMS 0x0000000087500000, 0x0000000087500000| Complete 
| 118|0x0000000087600000, 0x0000000087700000, 0x0000000087700000|100%| O|  |TAMS 0x0000000087700000, 0x0000000087600000| Untracked 
| 119|0x0000000087700000, 0x0000000087800000, 0x0000000087800000|100%| O|  |TAMS 0x0000000087800000, 0x0000000087700000| Complete 
| 120|0x0000000087800000, 0x0000000087900000, 0x0000000087900000|100%| O|  |TAMS 0x0000000087900000, 0x0000000087800000| Untracked 
| 121|0x0000000087900000, 0x0000000087a00000, 0x0000000087a00000|100%| O|  |TAMS 0x0000000087a00000, 0x0000000087900000| Untracked 
| 122|0x0000000087a00000, 0x0000000087b00000, 0x0000000087b00000|100%| O|  |TAMS 0x0000000087b00000, 0x0000000087a00000| Untracked 
| 123|0x0000000087b00000, 0x0000000087c00000, 0x0000000087c00000|100%| O|  |TAMS 0x0000000087c00000, 0x0000000087b00000| Untracked 
| 124|0x0000000087c00000, 0x0000000087d00000, 0x0000000087d00000|100%| O|  |TAMS 0x0000000087d00000, 0x0000000087c00000| Complete 
| 125|0x0000000087d00000, 0x0000000087e00000, 0x0000000087e00000|100%| O|  |TAMS 0x0000000087e00000, 0x0000000087d00000| Complete 
| 126|0x0000000087e00000, 0x0000000087f00000, 0x0000000087f00000|100%| O|  |TAMS 0x0000000087f00000, 0x0000000087e00000| Complete 
| 127|0x0000000087f00000, 0x0000000087f00000, 0x0000000088000000|  0%| F|  |TAMS 0x0000000087f00000, 0x0000000087f00000| Untracked 
| 128|0x0000000088000000, 0x0000000088100000, 0x0000000088100000|100%| O|  |TAMS 0x0000000088100000, 0x0000000088000000| Complete 
| 129|0x0000000088100000, 0x0000000088100000, 0x0000000088200000|  0%| F|  |TAMS 0x0000000088100000, 0x0000000088100000| Untracked 
| 130|0x0000000088200000, 0x0000000088300000, 0x0000000088300000|100%| O|  |TAMS 0x0000000088300000, 0x0000000088200000| Complete 
| 131|0x0000000088300000, 0x0000000088300000, 0x0000000088400000|  0%| F|  |TAMS 0x0000000088300000, 0x0000000088300000| Untracked 
| 132|0x0000000088400000, 0x0000000088500000, 0x0000000088500000|100%| O|  |TAMS 0x0000000088500000, 0x0000000088400000| Untracked 
| 133|0x0000000088500000, 0x0000000088600000, 0x0000000088600000|100%| O|  |TAMS 0x0000000088600000, 0x0000000088500000| Untracked 
| 134|0x0000000088600000, 0x0000000088700000, 0x0000000088700000|100%| O|  |TAMS 0x0000000088700000, 0x0000000088600000| Untracked 
| 135|0x0000000088700000, 0x0000000088800000, 0x0000000088800000|100%| O|  |TAMS 0x0000000088800000, 0x0000000088700000| Untracked 
| 136|0x0000000088800000, 0x0000000088900000, 0x0000000088900000|100%| O|  |TAMS 0x0000000088900000, 0x0000000088800000| Untracked 
| 137|0x0000000088900000, 0x0000000088a00000, 0x0000000088a00000|100%| O|  |TAMS 0x0000000088a00000, 0x0000000088900000| Untracked 
| 138|0x0000000088a00000, 0x0000000088b00000, 0x0000000088b00000|100%| O|  |TAMS 0x0000000088b00000, 0x0000000088a00000| Untracked 
| 139|0x0000000088b00000, 0x0000000088c00000, 0x0000000088c00000|100%| O|  |TAMS 0x0000000088c00000, 0x0000000088b00000| Untracked 
| 140|0x0000000088c00000, 0x0000000088d00000, 0x0000000088d00000|100%| O|  |TAMS 0x0000000088d00000, 0x0000000088c00000| Untracked 
| 141|0x0000000088d00000, 0x0000000088e00000, 0x0000000088e00000|100%| O|  |TAMS 0x0000000088e00000, 0x0000000088d00000| Untracked 
| 142|0x0000000088e00000, 0x0000000088f00000, 0x0000000088f00000|100%| O|  |TAMS 0x0000000088f00000, 0x0000000088e00000| Untracked 
| 143|0x0000000088f00000, 0x0000000089000000, 0x0000000089000000|100%| O|  |TAMS 0x0000000089000000, 0x0000000088f00000| Untracked 
| 144|0x0000000089000000, 0x0000000089100000, 0x0000000089100000|100%| O|  |TAMS 0x0000000089100000, 0x0000000089000000| Untracked 
| 145|0x0000000089100000, 0x0000000089200000, 0x0000000089200000|100%| O|  |TAMS 0x0000000089200000, 0x0000000089100000| Untracked 
| 146|0x0000000089200000, 0x0000000089300000, 0x0000000089300000|100%| O|  |TAMS 0x0000000089300000, 0x0000000089200000| Untracked 
| 147|0x0000000089300000, 0x0000000089400000, 0x0000000089400000|100%| O|  |TAMS 0x0000000089400000, 0x0000000089300000| Untracked 
| 148|0x0000000089400000, 0x0000000089500000, 0x0000000089500000|100%| O|  |TAMS 0x0000000089500000, 0x0000000089400000| Untracked 
| 149|0x0000000089500000, 0x0000000089600000, 0x0000000089600000|100%| O|  |TAMS 0x0000000089600000, 0x0000000089500000| Untracked 
| 150|0x0000000089600000, 0x0000000089700000, 0x0000000089700000|100%| O|  |TAMS 0x0000000089700000, 0x0000000089600000| Untracked 
| 151|0x0000000089700000, 0x0000000089800000, 0x0000000089800000|100%| O|  |TAMS 0x0000000089800000, 0x0000000089700000| Untracked 
| 152|0x0000000089800000, 0x0000000089900000, 0x0000000089900000|100%| O|  |TAMS 0x0000000089900000, 0x0000000089800000| Untracked 
| 153|0x0000000089900000, 0x0000000089a00000, 0x0000000089a00000|100%| O|  |TAMS 0x0000000089a00000, 0x0000000089900000| Untracked 
| 154|0x0000000089a00000, 0x0000000089b00000, 0x0000000089b00000|100%| O|  |TAMS 0x0000000089b00000, 0x0000000089a00000| Untracked 
| 155|0x0000000089b00000, 0x0000000089c00000, 0x0000000089c00000|100%| O|  |TAMS 0x0000000089c00000, 0x0000000089b00000| Untracked 
| 156|0x0000000089c00000, 0x0000000089d00000, 0x0000000089d00000|100%|HS|  |TAMS 0x0000000089c00000, 0x0000000089c00000| Complete 
| 157|0x0000000089d00000, 0x0000000089e00000, 0x0000000089e00000|100%|HC|  |TAMS 0x0000000089d00000, 0x0000000089d00000| Complete 
| 158|0x0000000089e00000, 0x0000000089f00000, 0x0000000089f00000|100%| O|  |TAMS 0x0000000089f00000, 0x0000000089e00000| Complete 
| 159|0x0000000089f00000, 0x000000008a000000, 0x000000008a000000|100%| O|  |TAMS 0x000000008a000000, 0x0000000089f00000| Complete 
| 160|0x000000008a000000, 0x000000008a100000, 0x000000008a100000|100%| O|  |TAMS 0x000000008a100000, 0x000000008a000000| Untracked 
| 161|0x000000008a100000, 0x000000008a200000, 0x000000008a200000|100%| O|  |TAMS 0x000000008a200000, 0x000000008a100000| Untracked 
| 162|0x000000008a200000, 0x000000008a300000, 0x000000008a300000|100%| O|  |TAMS 0x000000008a300000, 0x000000008a200000| Complete 
| 163|0x000000008a300000, 0x000000008a400000, 0x000000008a400000|100%| O|  |TAMS 0x000000008a400000, 0x000000008a300000| Complete 
| 164|0x000000008a400000, 0x000000008a500000, 0x000000008a500000|100%| O|  |TAMS 0x000000008a500000, 0x000000008a400000| Complete 
| 165|0x000000008a500000, 0x000000008a600000, 0x000000008a600000|100%| O|  |TAMS 0x000000008a600000, 0x000000008a500000| Complete 
| 166|0x000000008a600000, 0x000000008a700000, 0x000000008a700000|100%| O|  |TAMS 0x000000008a700000, 0x000000008a600000| Untracked 
| 167|0x000000008a700000, 0x000000008a800000, 0x000000008a800000|100%|HS|  |TAMS 0x000000008a700000, 0x000000008a700000| Complete 
| 168|0x000000008a800000, 0x000000008a900000, 0x000000008a900000|100%|HC|  |TAMS 0x000000008a800000, 0x000000008a800000| Complete 
| 169|0x000000008a900000, 0x000000008aa00000, 0x000000008aa00000|100%|HC|  |TAMS 0x000000008a900000, 0x000000008a900000| Complete 
| 170|0x000000008aa00000, 0x000000008ab00000, 0x000000008ab00000|100%| O|  |TAMS 0x000000008ab00000, 0x000000008aa00000| Complete 
| 171|0x000000008ab00000, 0x000000008ac00000, 0x000000008ac00000|100%| O|  |TAMS 0x000000008ac00000, 0x000000008ab00000| Complete 
| 172|0x000000008ac00000, 0x000000008ad00000, 0x000000008ad00000|100%| O|  |TAMS 0x000000008ad00000, 0x000000008ac00000| Complete 
| 173|0x000000008ad00000, 0x000000008ae00000, 0x000000008ae00000|100%| O|  |TAMS 0x000000008ae00000, 0x000000008ad00000| Complete 
| 174|0x000000008ae00000, 0x000000008af00000, 0x000000008af00000|100%| O|  |TAMS 0x000000008af00000, 0x000000008ae00000| Complete 
| 175|0x000000008af00000, 0x000000008b000000, 0x000000008b000000|100%| O|  |TAMS 0x000000008b000000, 0x000000008af00000| Complete 
| 176|0x000000008b000000, 0x000000008b100000, 0x000000008b100000|100%| O|  |TAMS 0x000000008b100000, 0x000000008b000000| Complete 
| 177|0x000000008b100000, 0x000000008b200000, 0x000000008b200000|100%| O|  |TAMS 0x000000008b200000, 0x000000008b100000| Complete 
| 178|0x000000008b200000, 0x000000008b300000, 0x000000008b300000|100%| O|  |TAMS 0x000000008b300000, 0x000000008b200000| Complete 
| 179|0x000000008b300000, 0x000000008b400000, 0x000000008b400000|100%| O|  |TAMS 0x000000008b400000, 0x000000008b300000| Complete 
| 180|0x000000008b400000, 0x000000008b500000, 0x000000008b500000|100%| O|  |TAMS 0x000000008b500000, 0x000000008b400000| Complete 
| 181|0x000000008b500000, 0x000000008b600000, 0x000000008b600000|100%| O|  |TAMS 0x000000008b600000, 0x000000008b500000| Complete 
| 182|0x000000008b600000, 0x000000008b700000, 0x000000008b700000|100%| O|  |TAMS 0x000000008b700000, 0x000000008b600000| Complete 
| 183|0x000000008b700000, 0x000000008b700000, 0x000000008b800000|  0%| F|  |TAMS 0x000000008b700000, 0x000000008b700000| Untracked 
| 184|0x000000008b800000, 0x000000008b800000, 0x000000008b900000|  0%| F|  |TAMS 0x000000008b800000, 0x000000008b800000| Untracked 
| 185|0x000000008b900000, 0x000000008ba00000, 0x000000008ba00000|100%| O|  |TAMS 0x000000008ba00000, 0x000000008b900000| Complete 
| 186|0x000000008ba00000, 0x000000008ba00000, 0x000000008bb00000|  0%| F|  |TAMS 0x000000008ba00000, 0x000000008ba00000| Untracked 
| 187|0x000000008bb00000, 0x000000008bc00000, 0x000000008bc00000|100%| O|  |TAMS 0x000000008bc00000, 0x000000008bb00000| Complete 
| 188|0x000000008bc00000, 0x000000008bd00000, 0x000000008bd00000|100%| O|  |TAMS 0x000000008bd00000, 0x000000008bc00000| Complete 
| 189|0x000000008bd00000, 0x000000008be00000, 0x000000008be00000|100%| O|  |TAMS 0x000000008be00000, 0x000000008bd00000| Complete 
| 190|0x000000008be00000, 0x000000008bf00000, 0x000000008bf00000|100%| O|  |TAMS 0x000000008bf00000, 0x000000008be00000| Complete 
| 191|0x000000008bf00000, 0x000000008c000000, 0x000000008c000000|100%| O|  |TAMS 0x000000008c000000, 0x000000008bf00000| Complete 
| 192|0x000000008c000000, 0x000000008c100000, 0x000000008c100000|100%| O|  |TAMS 0x000000008c100000, 0x000000008c000000| Complete 
| 193|0x000000008c100000, 0x000000008c200000, 0x000000008c200000|100%| O|  |TAMS 0x000000008c200000, 0x000000008c100000| Complete 
| 194|0x000000008c200000, 0x000000008c300000, 0x000000008c300000|100%| O|  |TAMS 0x000000008c300000, 0x000000008c200000| Complete 
| 195|0x000000008c300000, 0x000000008c400000, 0x000000008c400000|100%| O|  |TAMS 0x000000008c400000, 0x000000008c300000| Complete 
| 196|0x000000008c400000, 0x000000008c400000, 0x000000008c500000|  0%| F|  |TAMS 0x000000008c400000, 0x000000008c400000| Untracked 
| 197|0x000000008c500000, 0x000000008c600000, 0x000000008c600000|100%| O|  |TAMS 0x000000008c600000, 0x000000008c500000| Complete 
| 198|0x000000008c600000, 0x000000008c700000, 0x000000008c700000|100%| O|  |TAMS 0x000000008c700000, 0x000000008c600000| Complete 
| 199|0x000000008c700000, 0x000000008c800000, 0x000000008c800000|100%| O|  |TAMS 0x000000008c800000, 0x000000008c700000| Complete 
| 200|0x000000008c800000, 0x000000008c900000, 0x000000008c900000|100%| O|  |TAMS 0x000000008c900000, 0x000000008c800000| Untracked 
| 201|0x000000008c900000, 0x000000008ca00000, 0x000000008ca00000|100%| O|  |TAMS 0x000000008ca00000, 0x000000008c900000| Untracked 
| 202|0x000000008ca00000, 0x000000008cb00000, 0x000000008cb00000|100%| O|  |TAMS 0x000000008cb00000, 0x000000008ca00000| Untracked 
| 203|0x000000008cb00000, 0x000000008cc00000, 0x000000008cc00000|100%| O|  |TAMS 0x000000008cc00000, 0x000000008cb00000| Untracked 
| 204|0x000000008cc00000, 0x000000008cd00000, 0x000000008cd00000|100%| O|  |TAMS 0x000000008cd00000, 0x000000008cc00000| Complete 
| 205|0x000000008cd00000, 0x000000008ce00000, 0x000000008ce00000|100%| O|  |TAMS 0x000000008ce00000, 0x000000008cd00000| Complete 
| 206|0x000000008ce00000, 0x000000008cf00000, 0x000000008cf00000|100%| O|  |TAMS 0x000000008cf00000, 0x000000008ce00000| Complete 
| 207|0x000000008cf00000, 0x000000008d000000, 0x000000008d000000|100%| O|  |TAMS 0x000000008d000000, 0x000000008cf00000| Complete 
| 208|0x000000008d000000, 0x000000008d100000, 0x000000008d100000|100%| O|  |TAMS 0x000000008d100000, 0x000000008d000000| Complete 
| 209|0x000000008d100000, 0x000000008d200000, 0x000000008d200000|100%| O|  |TAMS 0x000000008d200000, 0x000000008d100000| Complete 
| 210|0x000000008d200000, 0x000000008d200000, 0x000000008d300000|  0%| F|  |TAMS 0x000000008d200000, 0x000000008d200000| Untracked 
| 211|0x000000008d300000, 0x000000008d300000, 0x000000008d400000|  0%| F|  |TAMS 0x000000008d300000, 0x000000008d300000| Untracked 
| 212|0x000000008d400000, 0x000000008d500000, 0x000000008d500000|100%| O|  |TAMS 0x000000008d500000, 0x000000008d400000| Complete 
| 213|0x000000008d500000, 0x000000008d600000, 0x000000008d600000|100%| O|  |TAMS 0x000000008d600000, 0x000000008d500000| Complete 
| 214|0x000000008d600000, 0x000000008d700000, 0x000000008d700000|100%| O|  |TAMS 0x000000008d700000, 0x000000008d600000| Complete 
| 215|0x000000008d700000, 0x000000008d800000, 0x000000008d800000|100%| O|  |TAMS 0x000000008d800000, 0x000000008d700000| Complete 
| 216|0x000000008d800000, 0x000000008d800000, 0x000000008d900000|  0%| F|  |TAMS 0x000000008d800000, 0x000000008d800000| Untracked 
| 217|0x000000008d900000, 0x000000008d900000, 0x000000008da00000|  0%| F|  |TAMS 0x000000008d900000, 0x000000008d900000| Untracked 
| 218|0x000000008da00000, 0x000000008db00000, 0x000000008db00000|100%| O|  |TAMS 0x000000008db00000, 0x000000008da00000| Complete 
| 219|0x000000008db00000, 0x000000008dc00000, 0x000000008dc00000|100%| O|  |TAMS 0x000000008dc00000, 0x000000008db00000| Complete 
| 220|0x000000008dc00000, 0x000000008dd00000, 0x000000008dd00000|100%| O|  |TAMS 0x000000008dd00000, 0x000000008dc00000| Untracked 
| 221|0x000000008dd00000, 0x000000008de00000, 0x000000008de00000|100%| O|  |TAMS 0x000000008de00000, 0x000000008dd00000| Complete 
| 222|0x000000008de00000, 0x000000008de00000, 0x000000008df00000|  0%| F|  |TAMS 0x000000008de00000, 0x000000008de00000| Untracked 
| 223|0x000000008df00000, 0x000000008df00000, 0x000000008e000000|  0%| F|  |TAMS 0x000000008df00000, 0x000000008df00000| Untracked 
| 224|0x000000008e000000, 0x000000008e100000, 0x000000008e100000|100%| O|  |TAMS 0x000000008e100000, 0x000000008e000000| Complete 
| 225|0x000000008e100000, 0x000000008e200000, 0x000000008e200000|100%| O|  |TAMS 0x000000008e200000, 0x000000008e100000| Untracked 
| 226|0x000000008e200000, 0x000000008e300000, 0x000000008e300000|100%| O|  |TAMS 0x000000008e300000, 0x000000008e200000| Untracked 
| 227|0x000000008e300000, 0x000000008e400000, 0x000000008e400000|100%| O|  |TAMS 0x000000008e400000, 0x000000008e300000| Complete 
| 228|0x000000008e400000, 0x000000008e500000, 0x000000008e500000|100%| O|  |TAMS 0x000000008e500000, 0x000000008e400000| Complete 
| 229|0x000000008e500000, 0x000000008e600000, 0x000000008e600000|100%| O|  |TAMS 0x000000008e600000, 0x000000008e500000| Complete 
| 230|0x000000008e600000, 0x000000008e700000, 0x000000008e700000|100%| O|  |TAMS 0x000000008e700000, 0x000000008e600000| Complete 
| 231|0x000000008e700000, 0x000000008e800000, 0x000000008e800000|100%| O|  |TAMS 0x000000008e800000, 0x000000008e700000| Complete 
| 232|0x000000008e800000, 0x000000008e800000, 0x000000008e900000|  0%| F|  |TAMS 0x000000008e800000, 0x000000008e800000| Untracked 
| 233|0x000000008e900000, 0x000000008e900000, 0x000000008ea00000|  0%| F|  |TAMS 0x000000008e900000, 0x000000008e900000| Untracked 
| 234|0x000000008ea00000, 0x000000008eb00000, 0x000000008eb00000|100%| O|  |TAMS 0x000000008eb00000, 0x000000008ea00000| Complete 
| 235|0x000000008eb00000, 0x000000008eb00000, 0x000000008ec00000|  0%| F|  |TAMS 0x000000008eb00000, 0x000000008eb00000| Untracked 
| 236|0x000000008ec00000, 0x000000008ed00000, 0x000000008ed00000|100%| O|  |TAMS 0x000000008ed00000, 0x000000008ec00000| Untracked 
| 237|0x000000008ed00000, 0x000000008ee00000, 0x000000008ee00000|100%| O|  |TAMS 0x000000008ee00000, 0x000000008ed00000| Untracked 
| 238|0x000000008ee00000, 0x000000008ef00000, 0x000000008ef00000|100%| O|  |TAMS 0x000000008ef00000, 0x000000008ee00000| Untracked 
| 239|0x000000008ef00000, 0x000000008f000000, 0x000000008f000000|100%| O|  |TAMS 0x000000008f000000, 0x000000008ef00000| Untracked 
| 240|0x000000008f000000, 0x000000008f100000, 0x000000008f100000|100%| O|  |TAMS 0x000000008f100000, 0x000000008f000000| Untracked 
| 241|0x000000008f100000, 0x000000008f200000, 0x000000008f200000|100%| O|  |TAMS 0x000000008f200000, 0x000000008f100000| Untracked 
| 242|0x000000008f200000, 0x000000008f300000, 0x000000008f300000|100%| O|  |TAMS 0x000000008f300000, 0x000000008f200000| Untracked 
| 243|0x000000008f300000, 0x000000008f400000, 0x000000008f400000|100%| O|  |TAMS 0x000000008f400000, 0x000000008f300000| Complete 
| 244|0x000000008f400000, 0x000000008f400000, 0x000000008f500000|  0%| F|  |TAMS 0x000000008f400000, 0x000000008f400000| Untracked 
| 245|0x000000008f500000, 0x000000008f600000, 0x000000008f600000|100%| O|  |TAMS 0x000000008f600000, 0x000000008f500000| Complete 
| 246|0x000000008f600000, 0x000000008f700000, 0x000000008f700000|100%| O|  |TAMS 0x000000008f700000, 0x000000008f600000| Untracked 
| 247|0x000000008f700000, 0x000000008f800000, 0x000000008f800000|100%| O|  |TAMS 0x000000008f800000, 0x000000008f700000| Complete 
| 248|0x000000008f800000, 0x000000008f800000, 0x000000008f900000|  0%| F|  |TAMS 0x000000008f800000, 0x000000008f800000| Untracked 
| 249|0x000000008f900000, 0x000000008fa00000, 0x000000008fa00000|100%| O|  |TAMS 0x000000008fa00000, 0x000000008f900000| Complete 
| 250|0x000000008fa00000, 0x000000008fb00000, 0x000000008fb00000|100%|HS|  |TAMS 0x000000008fa00000, 0x000000008fa00000| Complete 
| 251|0x000000008fb00000, 0x000000008fc00000, 0x000000008fc00000|100%|HC|  |TAMS 0x000000008fb00000, 0x000000008fb00000| Complete 
| 252|0x000000008fc00000, 0x000000008fd00000, 0x000000008fd00000|100%|HC|  |TAMS 0x000000008fc00000, 0x000000008fc00000| Complete 
| 253|0x000000008fd00000, 0x000000008fe00000, 0x000000008fe00000|100%| O|  |TAMS 0x000000008fe00000, 0x000000008fd00000| Complete 
| 254|0x000000008fe00000, 0x000000008ff00000, 0x000000008ff00000|100%| O|  |TAMS 0x000000008ff00000, 0x000000008fe00000| Complete 
| 255|0x000000008ff00000, 0x0000000090000000, 0x0000000090000000|100%| O|  |TAMS 0x0000000090000000, 0x000000008ff00000| Complete 
| 256|0x0000000090000000, 0x0000000090100000, 0x0000000090100000|100%| O|  |TAMS 0x0000000090100000, 0x0000000090000000| Complete 
| 257|0x0000000090100000, 0x0000000090200000, 0x0000000090200000|100%| O|  |TAMS 0x0000000090200000, 0x0000000090100000| Complete 
| 258|0x0000000090200000, 0x0000000090300000, 0x0000000090300000|100%| O|  |TAMS 0x0000000090300000, 0x0000000090200000| Complete 
| 259|0x0000000090300000, 0x0000000090400000, 0x0000000090400000|100%| O|  |TAMS 0x0000000090400000, 0x0000000090300000| Complete 
| 260|0x0000000090400000, 0x0000000090500000, 0x0000000090500000|100%| O|  |TAMS 0x0000000090500000, 0x0000000090400000| Untracked 
| 261|0x0000000090500000, 0x0000000090600000, 0x0000000090600000|100%| O|  |TAMS 0x0000000090600000, 0x0000000090500000| Untracked 
| 262|0x0000000090600000, 0x0000000090700000, 0x0000000090700000|100%| O|  |TAMS 0x0000000090700000, 0x0000000090600000| Complete 
| 263|0x0000000090700000, 0x0000000090800000, 0x0000000090800000|100%| O|  |TAMS 0x0000000090800000, 0x0000000090700000| Complete 
| 264|0x0000000090800000, 0x0000000090900000, 0x0000000090900000|100%| O|  |TAMS 0x0000000090900000, 0x0000000090800000| Complete 
| 265|0x0000000090900000, 0x0000000090a00000, 0x0000000090a00000|100%| O|  |TAMS 0x0000000090a00000, 0x0000000090900000| Complete 
| 266|0x0000000090a00000, 0x0000000090b00000, 0x0000000090b00000|100%| O|  |TAMS 0x0000000090b00000, 0x0000000090a00000| Untracked 
| 267|0x0000000090b00000, 0x0000000090c00000, 0x0000000090c00000|100%| O|  |TAMS 0x0000000090c00000, 0x0000000090b00000| Complete 
| 268|0x0000000090c00000, 0x0000000090d00000, 0x0000000090d00000|100%| O|  |TAMS 0x0000000090d00000, 0x0000000090c00000| Untracked 
| 269|0x0000000090d00000, 0x0000000090e00000, 0x0000000090e00000|100%| O|  |TAMS 0x0000000090e00000, 0x0000000090d00000| Untracked 
| 270|0x0000000090e00000, 0x0000000090f00000, 0x0000000090f00000|100%| O|  |TAMS 0x0000000090f00000, 0x0000000090e00000| Complete 
| 271|0x0000000090f00000, 0x0000000091000000, 0x0000000091000000|100%| O|  |TAMS 0x0000000091000000, 0x0000000090f00000| Complete 
| 272|0x0000000091000000, 0x0000000091100000, 0x0000000091100000|100%| O|  |TAMS 0x0000000091100000, 0x0000000091000000| Complete 
| 273|0x0000000091100000, 0x0000000091200000, 0x0000000091200000|100%| O|  |TAMS 0x0000000091200000, 0x0000000091100000| Complete 
| 274|0x0000000091200000, 0x0000000091200000, 0x0000000091300000|  0%| F|  |TAMS 0x0000000091200000, 0x0000000091200000| Untracked 
| 275|0x0000000091300000, 0x0000000091300000, 0x0000000091400000|  0%| F|  |TAMS 0x0000000091300000, 0x0000000091300000| Untracked 
| 276|0x0000000091400000, 0x0000000091500000, 0x0000000091500000|100%| O|  |TAMS 0x0000000091500000, 0x0000000091400000| Complete 
| 277|0x0000000091500000, 0x0000000091600000, 0x0000000091600000|100%|HS|  |TAMS 0x0000000091500000, 0x0000000091500000| Complete 
| 278|0x0000000091600000, 0x0000000091700000, 0x0000000091700000|100%|HC|  |TAMS 0x0000000091600000, 0x0000000091600000| Complete 
| 279|0x0000000091700000, 0x0000000091800000, 0x0000000091800000|100%|HC|  |TAMS 0x0000000091700000, 0x0000000091700000| Complete 
| 280|0x0000000091800000, 0x0000000091900000, 0x0000000091900000|100%|HC|  |TAMS 0x0000000091800000, 0x0000000091800000| Complete 
| 281|0x0000000091900000, 0x0000000091a00000, 0x0000000091a00000|100%|HC|  |TAMS 0x0000000091900000, 0x0000000091900000| Complete 
| 282|0x0000000091a00000, 0x0000000091b00000, 0x0000000091b00000|100%| O|  |TAMS 0x0000000091b00000, 0x0000000091a00000| Untracked 
| 283|0x0000000091b00000, 0x0000000091b00000, 0x0000000091c00000|  0%| F|  |TAMS 0x0000000091b00000, 0x0000000091b00000| Untracked 
| 284|0x0000000091c00000, 0x0000000091d00000, 0x0000000091d00000|100%| O|  |TAMS 0x0000000091d00000, 0x0000000091c00000| Untracked 
| 285|0x0000000091d00000, 0x0000000091e00000, 0x0000000091e00000|100%| O|  |TAMS 0x0000000091e00000, 0x0000000091d00000| Untracked 
| 286|0x0000000091e00000, 0x0000000091f00000, 0x0000000091f00000|100%| O|  |TAMS 0x0000000091f00000, 0x0000000091e00000| Untracked 
| 287|0x0000000091f00000, 0x0000000092000000, 0x0000000092000000|100%| O|  |TAMS 0x0000000092000000, 0x0000000091f00000| Untracked 
| 288|0x0000000092000000, 0x0000000092100000, 0x0000000092100000|100%| O|  |TAMS 0x0000000092100000, 0x0000000092000000| Untracked 
| 289|0x0000000092100000, 0x0000000092200000, 0x0000000092200000|100%| O|  |TAMS 0x0000000092200000, 0x0000000092100000| Untracked 
| 290|0x0000000092200000, 0x0000000092300000, 0x0000000092300000|100%| O|  |TAMS 0x0000000092300000, 0x0000000092200000| Untracked 
| 291|0x0000000092300000, 0x0000000092300000, 0x0000000092400000|  0%| F|  |TAMS 0x0000000092300000, 0x0000000092300000| Untracked 
| 292|0x0000000092400000, 0x0000000092500000, 0x0000000092500000|100%| O|  |TAMS 0x0000000092500000, 0x0000000092400000| Untracked 
| 293|0x0000000092500000, 0x0000000092600000, 0x0000000092600000|100%| O|  |TAMS 0x0000000092600000, 0x0000000092500000| Untracked 
| 294|0x0000000092600000, 0x0000000092700000, 0x0000000092700000|100%| O|  |TAMS 0x0000000092700000, 0x0000000092600000| Untracked 
| 295|0x0000000092700000, 0x0000000092800000, 0x0000000092800000|100%| O|  |TAMS 0x0000000092800000, 0x0000000092700000| Complete 
| 296|0x0000000092800000, 0x0000000092900000, 0x0000000092900000|100%| O|  |TAMS 0x0000000092900000, 0x0000000092800000| Untracked 
| 297|0x0000000092900000, 0x0000000092a00000, 0x0000000092a00000|100%| O|  |TAMS 0x0000000092a00000, 0x0000000092900000| Untracked 
| 298|0x0000000092a00000, 0x0000000092b00000, 0x0000000092b00000|100%| O|  |TAMS 0x0000000092b00000, 0x0000000092a00000| Untracked 
| 299|0x0000000092b00000, 0x0000000092c00000, 0x0000000092c00000|100%| O|  |TAMS 0x0000000092c00000, 0x0000000092b00000| Complete 
| 300|0x0000000092c00000, 0x0000000092d00000, 0x0000000092d00000|100%| O|  |TAMS 0x0000000092d00000, 0x0000000092c00000| Untracked 
| 301|0x0000000092d00000, 0x0000000092e00000, 0x0000000092e00000|100%| O|  |TAMS 0x0000000092e00000, 0x0000000092d00000| Untracked 
| 302|0x0000000092e00000, 0x0000000092f00000, 0x0000000092f00000|100%| O|  |TAMS 0x0000000092f00000, 0x0000000092e00000| Untracked 
| 303|0x0000000092f00000, 0x0000000093000000, 0x0000000093000000|100%| O|  |TAMS 0x0000000093000000, 0x0000000092f00000| Complete 
| 304|0x0000000093000000, 0x0000000093100000, 0x0000000093100000|100%| O|  |TAMS 0x0000000093100000, 0x0000000093000000| Complete 
| 305|0x0000000093100000, 0x0000000093100000, 0x0000000093200000|  0%| F|  |TAMS 0x0000000093100000, 0x0000000093100000| Untracked 
| 306|0x0000000093200000, 0x0000000093300000, 0x0000000093300000|100%| O|  |TAMS 0x0000000093300000, 0x0000000093200000| Complete 
| 307|0x0000000093300000, 0x0000000093400000, 0x0000000093400000|100%| O|  |TAMS 0x0000000093400000, 0x0000000093300000| Untracked 
| 308|0x0000000093400000, 0x0000000093500000, 0x0000000093500000|100%| O|  |TAMS 0x0000000093500000, 0x0000000093400000| Untracked 
| 309|0x0000000093500000, 0x0000000093500000, 0x0000000093600000|  0%| F|  |TAMS 0x0000000093500000, 0x0000000093500000| Untracked 
| 310|0x0000000093600000, 0x0000000093700000, 0x0000000093700000|100%| O|  |TAMS 0x0000000093700000, 0x0000000093600000| Complete 
| 311|0x0000000093700000, 0x0000000093800000, 0x0000000093800000|100%| O|  |TAMS 0x0000000093800000, 0x0000000093700000| Complete 
| 312|0x0000000093800000, 0x0000000093900000, 0x0000000093900000|100%| O|  |TAMS 0x0000000093900000, 0x0000000093800000| Untracked 
| 313|0x0000000093900000, 0x0000000093a00000, 0x0000000093a00000|100%| O|  |TAMS 0x0000000093a00000, 0x0000000093900000| Untracked 
| 314|0x0000000093a00000, 0x0000000093b00000, 0x0000000093b00000|100%| O|  |TAMS 0x0000000093b00000, 0x0000000093a00000| Untracked 
| 315|0x0000000093b00000, 0x0000000093c00000, 0x0000000093c00000|100%| O|  |TAMS 0x0000000093c00000, 0x0000000093b00000| Complete 
| 316|0x0000000093c00000, 0x0000000093d00000, 0x0000000093d00000|100%| O|  |TAMS 0x0000000093d00000, 0x0000000093c00000| Untracked 
| 317|0x0000000093d00000, 0x0000000093e00000, 0x0000000093e00000|100%| O|  |TAMS 0x0000000093e00000, 0x0000000093d00000| Untracked 
| 318|0x0000000093e00000, 0x0000000093f00000, 0x0000000093f00000|100%| O|  |TAMS 0x0000000093f00000, 0x0000000093e00000| Untracked 
| 319|0x0000000093f00000, 0x0000000094000000, 0x0000000094000000|100%| O|  |TAMS 0x0000000094000000, 0x0000000093f00000| Complete 
| 320|0x0000000094000000, 0x0000000094100000, 0x0000000094100000|100%| O|  |TAMS 0x0000000094100000, 0x0000000094000000| Complete 
| 321|0x0000000094100000, 0x0000000094200000, 0x0000000094200000|100%| O|  |TAMS 0x0000000094200000, 0x0000000094100000| Complete 
| 322|0x0000000094200000, 0x0000000094200000, 0x0000000094300000|  0%| F|  |TAMS 0x0000000094200000, 0x0000000094200000| Untracked 
| 323|0x0000000094300000, 0x0000000094300000, 0x0000000094400000|  0%| F|  |TAMS 0x0000000094300000, 0x0000000094300000| Untracked 
| 324|0x0000000094400000, 0x0000000094500000, 0x0000000094500000|100%| O|  |TAMS 0x0000000094500000, 0x0000000094400000| Complete 
| 325|0x0000000094500000, 0x0000000094600000, 0x0000000094600000|100%| O|  |TAMS 0x0000000094600000, 0x0000000094500000| Complete 
| 326|0x0000000094600000, 0x0000000094700000, 0x0000000094700000|100%| O|  |TAMS 0x0000000094700000, 0x0000000094600000| Complete 
| 327|0x0000000094700000, 0x0000000094700000, 0x0000000094800000|  0%| F|  |TAMS 0x0000000094700000, 0x0000000094700000| Untracked 
| 328|0x0000000094800000, 0x0000000094900000, 0x0000000094900000|100%| O|  |TAMS 0x0000000094900000, 0x0000000094800000| Complete 
| 329|0x0000000094900000, 0x0000000094a00000, 0x0000000094a00000|100%|HS|  |TAMS 0x0000000094900000, 0x0000000094900000| Complete 
| 330|0x0000000094a00000, 0x0000000094b00000, 0x0000000094b00000|100%|HC|  |TAMS 0x0000000094a00000, 0x0000000094a00000| Complete 
| 331|0x0000000094b00000, 0x0000000094c00000, 0x0000000094c00000|100%|HC|  |TAMS 0x0000000094b00000, 0x0000000094b00000| Complete 
| 332|0x0000000094c00000, 0x0000000094d00000, 0x0000000094d00000|100%|HC|  |TAMS 0x0000000094c00000, 0x0000000094c00000| Complete 
| 333|0x0000000094d00000, 0x0000000094e00000, 0x0000000094e00000|100%|HC|  |TAMS 0x0000000094d00000, 0x0000000094d00000| Complete 
| 334|0x0000000094e00000, 0x0000000094f00000, 0x0000000094f00000|100%|HC|  |TAMS 0x0000000094e00000, 0x0000000094e00000| Complete 
| 335|0x0000000094f00000, 0x0000000095000000, 0x0000000095000000|100%|HC|  |TAMS 0x0000000094f00000, 0x0000000094f00000| Complete 
| 336|0x0000000095000000, 0x0000000095100000, 0x0000000095100000|100%|HC|  |TAMS 0x0000000095000000, 0x0000000095000000| Complete 
| 337|0x0000000095100000, 0x0000000095200000, 0x0000000095200000|100%|HC|  |TAMS 0x0000000095100000, 0x0000000095100000| Complete 
| 338|0x0000000095200000, 0x0000000095300000, 0x0000000095300000|100%| O|  |TAMS 0x0000000095300000, 0x0000000095200000| Untracked 
| 339|0x0000000095300000, 0x0000000095300000, 0x0000000095400000|  0%| F|  |TAMS 0x0000000095300000, 0x0000000095300000| Untracked 
| 340|0x0000000095400000, 0x0000000095500000, 0x0000000095500000|100%| O|  |TAMS 0x0000000095500000, 0x0000000095400000| Untracked 
| 341|0x0000000095500000, 0x0000000095600000, 0x0000000095600000|100%| O|  |TAMS 0x0000000095600000, 0x0000000095500000| Untracked 
| 342|0x0000000095600000, 0x0000000095700000, 0x0000000095700000|100%| O|  |TAMS 0x0000000095700000, 0x0000000095600000| Untracked 
| 343|0x0000000095700000, 0x0000000095700000, 0x0000000095800000|  0%| F|  |TAMS 0x0000000095700000, 0x0000000095700000| Untracked 
| 344|0x0000000095800000, 0x0000000095800000, 0x0000000095900000|  0%| F|  |TAMS 0x0000000095800000, 0x0000000095800000| Untracked 
| 345|0x0000000095900000, 0x0000000095a00000, 0x0000000095a00000|100%| O|  |TAMS 0x0000000095a00000, 0x0000000095900000| Untracked 
| 346|0x0000000095a00000, 0x0000000095a00000, 0x0000000095b00000|  0%| F|  |TAMS 0x0000000095a00000, 0x0000000095a00000| Untracked 
| 347|0x0000000095b00000, 0x0000000095c00000, 0x0000000095c00000|100%| O|  |TAMS 0x0000000095c00000, 0x0000000095b00000| Untracked 
| 348|0x0000000095c00000, 0x0000000095d00000, 0x0000000095d00000|100%| O|  |TAMS 0x0000000095d00000, 0x0000000095c00000| Untracked 
| 349|0x0000000095d00000, 0x0000000095e00000, 0x0000000095e00000|100%| O|  |TAMS 0x0000000095e00000, 0x0000000095d00000| Untracked 
| 350|0x0000000095e00000, 0x0000000095e00000, 0x0000000095f00000|  0%| F|  |TAMS 0x0000000095e00000, 0x0000000095e00000| Untracked 
| 351|0x0000000095f00000, 0x0000000095f00000, 0x0000000096000000|  0%| F|  |TAMS 0x0000000095f00000, 0x0000000095f00000| Untracked 
| 352|0x0000000096000000, 0x0000000096100000, 0x0000000096100000|100%| O|  |TAMS 0x0000000096100000, 0x0000000096000000| Untracked 
| 353|0x0000000096100000, 0x0000000096200000, 0x0000000096200000|100%| O|  |TAMS 0x0000000096200000, 0x0000000096100000| Untracked 
| 354|0x0000000096200000, 0x0000000096300000, 0x0000000096300000|100%| O|  |TAMS 0x0000000096300000, 0x0000000096200000| Untracked 
| 355|0x0000000096300000, 0x0000000096400000, 0x0000000096400000|100%| O|  |TAMS 0x0000000096400000, 0x0000000096300000| Untracked 
| 356|0x0000000096400000, 0x0000000096500000, 0x0000000096500000|100%| O|  |TAMS 0x0000000096500000, 0x0000000096400000| Untracked 
| 357|0x0000000096500000, 0x0000000096600000, 0x0000000096600000|100%| O|  |TAMS 0x0000000096600000, 0x0000000096500000| Untracked 
| 358|0x0000000096600000, 0x0000000096700000, 0x0000000096700000|100%| O|  |TAMS 0x0000000096700000, 0x0000000096600000| Untracked 
| 359|0x0000000096700000, 0x0000000096700000, 0x0000000096800000|  0%| F|  |TAMS 0x0000000096700000, 0x0000000096700000| Untracked 
| 360|0x0000000096800000, 0x0000000096900000, 0x0000000096900000|100%| O|  |TAMS 0x0000000096900000, 0x0000000096800000| Complete 
| 361|0x0000000096900000, 0x0000000096a00000, 0x0000000096a00000|100%| O|  |TAMS 0x0000000096a00000, 0x0000000096900000| Complete 
| 362|0x0000000096a00000, 0x0000000096b00000, 0x0000000096b00000|100%|HS|  |TAMS 0x0000000096a00000, 0x0000000096a00000| Complete 
| 363|0x0000000096b00000, 0x0000000096c00000, 0x0000000096c00000|100%|HC|  |TAMS 0x0000000096b00000, 0x0000000096b00000| Complete 
| 364|0x0000000096c00000, 0x0000000096d00000, 0x0000000096d00000|100%|HC|  |TAMS 0x0000000096c00000, 0x0000000096c00000| Complete 
| 365|0x0000000096d00000, 0x0000000096e00000, 0x0000000096e00000|100%| O|  |TAMS 0x0000000096e00000, 0x0000000096d00000| Untracked 
| 366|0x0000000096e00000, 0x0000000096e00000, 0x0000000096f00000|  0%| F|  |TAMS 0x0000000096e00000, 0x0000000096e00000| Untracked 
| 367|0x0000000096f00000, 0x0000000097000000, 0x0000000097000000|100%| O|  |TAMS 0x0000000097000000, 0x0000000096f00000| Untracked 
| 368|0x0000000097000000, 0x0000000097000000, 0x0000000097100000|  0%| F|  |TAMS 0x0000000097000000, 0x0000000097000000| Untracked 
| 369|0x0000000097100000, 0x0000000097100000, 0x0000000097200000|  0%| F|  |TAMS 0x0000000097100000, 0x0000000097100000| Untracked 
| 370|0x0000000097200000, 0x0000000097200000, 0x0000000097300000|  0%| F|  |TAMS 0x0000000097200000, 0x0000000097200000| Untracked 
| 371|0x0000000097300000, 0x0000000097400000, 0x0000000097400000|100%| O|  |TAMS 0x0000000097400000, 0x0000000097300000| Complete 
| 372|0x0000000097400000, 0x0000000097500000, 0x0000000097500000|100%| O|  |TAMS 0x0000000097500000, 0x0000000097400000| Complete 
| 373|0x0000000097500000, 0x0000000097600000, 0x0000000097600000|100%| O|  |TAMS 0x0000000097600000, 0x0000000097500000| Complete 
| 374|0x0000000097600000, 0x0000000097700000, 0x0000000097700000|100%| O|  |TAMS 0x0000000097700000, 0x0000000097600000| Untracked 
| 375|0x0000000097700000, 0x0000000097800000, 0x0000000097800000|100%| O|  |TAMS 0x0000000097800000, 0x0000000097700000| Complete 
| 376|0x0000000097800000, 0x0000000097900000, 0x0000000097900000|100%| O|  |TAMS 0x0000000097900000, 0x0000000097800000| Complete 
| 377|0x0000000097900000, 0x0000000097a00000, 0x0000000097a00000|100%| O|  |TAMS 0x0000000097a00000, 0x0000000097900000| Complete 
| 378|0x0000000097a00000, 0x0000000097b00000, 0x0000000097b00000|100%| O|  |TAMS 0x0000000097b00000, 0x0000000097a00000| Complete 
| 379|0x0000000097b00000, 0x0000000097c00000, 0x0000000097c00000|100%| O|  |TAMS 0x0000000097c00000, 0x0000000097b00000| Complete 
| 380|0x0000000097c00000, 0x0000000097d00000, 0x0000000097d00000|100%| O|  |TAMS 0x0000000097d00000, 0x0000000097c00000| Complete 
| 381|0x0000000097d00000, 0x0000000097d00000, 0x0000000097e00000|  0%| F|  |TAMS 0x0000000097d00000, 0x0000000097d00000| Untracked 
| 382|0x0000000097e00000, 0x0000000097e00000, 0x0000000097f00000|  0%| F|  |TAMS 0x0000000097e00000, 0x0000000097e00000| Untracked 
| 383|0x0000000097f00000, 0x0000000097f00000, 0x0000000098000000|  0%| F|  |TAMS 0x0000000097f00000, 0x0000000097f00000| Untracked 
| 384|0x0000000098000000, 0x0000000098100000, 0x0000000098100000|100%| O|  |TAMS 0x0000000098100000, 0x0000000098000000| Complete 
| 385|0x0000000098100000, 0x0000000098200000, 0x0000000098200000|100%| O|  |TAMS 0x0000000098200000, 0x0000000098100000| Complete 
| 386|0x0000000098200000, 0x0000000098300000, 0x0000000098300000|100%| O|  |TAMS 0x0000000098300000, 0x0000000098200000| Complete 
| 387|0x0000000098300000, 0x0000000098400000, 0x0000000098400000|100%| O|  |TAMS 0x0000000098400000, 0x0000000098300000| Complete 
| 388|0x0000000098400000, 0x0000000098500000, 0x0000000098500000|100%| O|  |TAMS 0x0000000098500000, 0x0000000098400000| Complete 
| 389|0x0000000098500000, 0x0000000098500000, 0x0000000098600000|  0%| F|  |TAMS 0x0000000098500000, 0x0000000098500000| Untracked 
| 390|0x0000000098600000, 0x0000000098700000, 0x0000000098700000|100%| O|  |TAMS 0x0000000098700000, 0x0000000098600000| Complete 
| 391|0x0000000098700000, 0x0000000098800000, 0x0000000098800000|100%| O|  |TAMS 0x0000000098800000, 0x0000000098700000| Complete 
| 392|0x0000000098800000, 0x0000000098900000, 0x0000000098900000|100%| O|  |TAMS 0x0000000098900000, 0x0000000098800000| Complete 
| 393|0x0000000098900000, 0x0000000098a00000, 0x0000000098a00000|100%| O|  |TAMS 0x0000000098a00000, 0x0000000098900000| Complete 
| 394|0x0000000098a00000, 0x0000000098b00000, 0x0000000098b00000|100%| O|  |TAMS 0x0000000098b00000, 0x0000000098a00000| Complete 
| 395|0x0000000098b00000, 0x0000000098c00000, 0x0000000098c00000|100%| O|  |TAMS 0x0000000098c00000, 0x0000000098b00000| Complete 
| 396|0x0000000098c00000, 0x0000000098d00000, 0x0000000098d00000|100%| O|  |TAMS 0x0000000098d00000, 0x0000000098c00000| Complete 
| 397|0x0000000098d00000, 0x0000000098e00000, 0x0000000098e00000|100%| O|  |TAMS 0x0000000098e00000, 0x0000000098d00000| Complete 
| 398|0x0000000098e00000, 0x0000000098f00000, 0x0000000098f00000|100%| O|  |TAMS 0x0000000098f00000, 0x0000000098e00000| Complete 
| 399|0x0000000098f00000, 0x0000000099000000, 0x0000000099000000|100%| O|  |TAMS 0x0000000099000000, 0x0000000098f00000| Untracked 
| 400|0x0000000099000000, 0x0000000099100000, 0x0000000099100000|100%| O|  |TAMS 0x0000000099100000, 0x0000000099000000| Complete 
| 401|0x0000000099100000, 0x0000000099200000, 0x0000000099200000|100%| O|  |TAMS 0x0000000099200000, 0x0000000099100000| Untracked 
| 402|0x0000000099200000, 0x0000000099300000, 0x0000000099300000|100%| O|  |TAMS 0x0000000099300000, 0x0000000099200000| Untracked 
| 403|0x0000000099300000, 0x0000000099400000, 0x0000000099400000|100%| O|  |TAMS 0x0000000099400000, 0x0000000099300000| Untracked 
| 404|0x0000000099400000, 0x0000000099500000, 0x0000000099500000|100%| O|  |TAMS 0x0000000099500000, 0x0000000099400000| Untracked 
| 405|0x0000000099500000, 0x0000000099600000, 0x0000000099600000|100%| O|  |TAMS 0x0000000099600000, 0x0000000099500000| Untracked 
| 406|0x0000000099600000, 0x0000000099700000, 0x0000000099700000|100%| O|  |TAMS 0x0000000099700000, 0x0000000099600000| Untracked 
| 407|0x0000000099700000, 0x0000000099700000, 0x0000000099800000|  0%| F|  |TAMS 0x0000000099700000, 0x0000000099700000| Untracked 
| 408|0x0000000099800000, 0x0000000099900000, 0x0000000099900000|100%| O|  |TAMS 0x0000000099900000, 0x0000000099800000| Complete 
| 409|0x0000000099900000, 0x0000000099a00000, 0x0000000099a00000|100%| O|  |TAMS 0x0000000099a00000, 0x0000000099900000| Untracked 
| 410|0x0000000099a00000, 0x0000000099b00000, 0x0000000099b00000|100%| O|  |TAMS 0x0000000099b00000, 0x0000000099a00000| Untracked 
| 411|0x0000000099b00000, 0x0000000099c00000, 0x0000000099c00000|100%| O|  |TAMS 0x0000000099c00000, 0x0000000099b00000| Untracked 
| 412|0x0000000099c00000, 0x0000000099d00000, 0x0000000099d00000|100%| O|  |TAMS 0x0000000099d00000, 0x0000000099c00000| Untracked 
| 413|0x0000000099d00000, 0x0000000099e00000, 0x0000000099e00000|100%| O|  |TAMS 0x0000000099e00000, 0x0000000099d00000| Complete 
| 414|0x0000000099e00000, 0x0000000099f00000, 0x0000000099f00000|100%| O|  |TAMS 0x0000000099f00000, 0x0000000099e00000| Untracked 
| 415|0x0000000099f00000, 0x000000009a000000, 0x000000009a000000|100%| O|  |TAMS 0x000000009a000000, 0x0000000099f00000| Untracked 
| 416|0x000000009a000000, 0x000000009a100000, 0x000000009a100000|100%| O|  |TAMS 0x000000009a100000, 0x000000009a000000| Untracked 
| 417|0x000000009a100000, 0x000000009a200000, 0x000000009a200000|100%| O|  |TAMS 0x000000009a200000, 0x000000009a100000| Untracked 
| 418|0x000000009a200000, 0x000000009a300000, 0x000000009a300000|100%| O|  |TAMS 0x000000009a300000, 0x000000009a200000| Complete 
| 419|0x000000009a300000, 0x000000009a400000, 0x000000009a400000|100%| O|  |TAMS 0x000000009a400000, 0x000000009a300000| Untracked 
| 420|0x000000009a400000, 0x000000009a500000, 0x000000009a500000|100%| O|  |TAMS 0x000000009a500000, 0x000000009a400000| Complete 
| 421|0x000000009a500000, 0x000000009a600000, 0x000000009a600000|100%| O|  |TAMS 0x000000009a600000, 0x000000009a500000| Complete 
| 422|0x000000009a600000, 0x000000009a700000, 0x000000009a700000|100%| O|  |TAMS 0x000000009a700000, 0x000000009a600000| Complete 
| 423|0x000000009a700000, 0x000000009a800000, 0x000000009a800000|100%| O|  |TAMS 0x000000009a800000, 0x000000009a700000| Complete 
| 424|0x000000009a800000, 0x000000009a900000, 0x000000009a900000|100%| O|  |TAMS 0x000000009a900000, 0x000000009a800000| Complete 
| 425|0x000000009a900000, 0x000000009aa00000, 0x000000009aa00000|100%| O|  |TAMS 0x000000009aa00000, 0x000000009a900000| Complete 
| 426|0x000000009aa00000, 0x000000009ab00000, 0x000000009ab00000|100%| O|  |TAMS 0x000000009ab00000, 0x000000009aa00000| Complete 
| 427|0x000000009ab00000, 0x000000009ac00000, 0x000000009ac00000|100%| O|  |TAMS 0x000000009ac00000, 0x000000009ab00000| Complete 
| 428|0x000000009ac00000, 0x000000009ad00000, 0x000000009ad00000|100%| O|  |TAMS 0x000000009ad00000, 0x000000009ac00000| Complete 
| 429|0x000000009ad00000, 0x000000009ae00000, 0x000000009ae00000|100%| O|  |TAMS 0x000000009ae00000, 0x000000009ad00000| Complete 
| 430|0x000000009ae00000, 0x000000009af00000, 0x000000009af00000|100%| O|  |TAMS 0x000000009af00000, 0x000000009ae00000| Complete 
| 431|0x000000009af00000, 0x000000009b000000, 0x000000009b000000|100%| O|  |TAMS 0x000000009b000000, 0x000000009af00000| Complete 
| 432|0x000000009b000000, 0x000000009b100000, 0x000000009b100000|100%| O|  |TAMS 0x000000009b100000, 0x000000009b000000| Complete 
| 433|0x000000009b100000, 0x000000009b200000, 0x000000009b200000|100%| O|  |TAMS 0x000000009b200000, 0x000000009b100000| Complete 
| 434|0x000000009b200000, 0x000000009b300000, 0x000000009b300000|100%| O|  |TAMS 0x000000009b300000, 0x000000009b200000| Complete 
| 435|0x000000009b300000, 0x000000009b400000, 0x000000009b400000|100%| O|  |TAMS 0x000000009b400000, 0x000000009b300000| Untracked 
| 436|0x000000009b400000, 0x000000009b500000, 0x000000009b500000|100%| O|  |TAMS 0x000000009b500000, 0x000000009b400000| Complete 
| 437|0x000000009b500000, 0x000000009b600000, 0x000000009b600000|100%| O|  |TAMS 0x000000009b600000, 0x000000009b500000| Complete 
| 438|0x000000009b600000, 0x000000009b700000, 0x000000009b700000|100%| O|  |TAMS 0x000000009b700000, 0x000000009b600000| Untracked 
| 439|0x000000009b700000, 0x000000009b800000, 0x000000009b800000|100%| O|  |TAMS 0x000000009b800000, 0x000000009b700000| Complete 
| 440|0x000000009b800000, 0x000000009b900000, 0x000000009b900000|100%| O|  |TAMS 0x000000009b900000, 0x000000009b800000| Complete 
| 441|0x000000009b900000, 0x000000009ba00000, 0x000000009ba00000|100%| O|  |TAMS 0x000000009ba00000, 0x000000009b900000| Untracked 
| 442|0x000000009ba00000, 0x000000009bb00000, 0x000000009bb00000|100%| O|  |TAMS 0x000000009bb00000, 0x000000009ba00000| Complete 
| 443|0x000000009bb00000, 0x000000009bc00000, 0x000000009bc00000|100%| O|  |TAMS 0x000000009bc00000, 0x000000009bb00000| Complete 
| 444|0x000000009bc00000, 0x000000009bd00000, 0x000000009bd00000|100%| O|  |TAMS 0x000000009bd00000, 0x000000009bc00000| Complete 
| 445|0x000000009bd00000, 0x000000009be00000, 0x000000009be00000|100%| O|  |TAMS 0x000000009be00000, 0x000000009bd00000| Complete 
| 446|0x000000009be00000, 0x000000009bf00000, 0x000000009bf00000|100%| O|  |TAMS 0x000000009bf00000, 0x000000009be00000| Complete 
| 447|0x000000009bf00000, 0x000000009c000000, 0x000000009c000000|100%| O|  |TAMS 0x000000009c000000, 0x000000009bf00000| Complete 
| 448|0x000000009c000000, 0x000000009c100000, 0x000000009c100000|100%| O|  |TAMS 0x000000009c100000, 0x000000009c000000| Untracked 
| 449|0x000000009c100000, 0x000000009c200000, 0x000000009c200000|100%| O|  |TAMS 0x000000009c200000, 0x000000009c100000| Complete 
| 450|0x000000009c200000, 0x000000009c300000, 0x000000009c300000|100%| O|  |TAMS 0x000000009c300000, 0x000000009c200000| Complete 
| 451|0x000000009c300000, 0x000000009c400000, 0x000000009c400000|100%| O|  |TAMS 0x000000009c400000, 0x000000009c300000| Complete 
| 452|0x000000009c400000, 0x000000009c500000, 0x000000009c500000|100%| O|  |TAMS 0x000000009c500000, 0x000000009c400000| Complete 
| 453|0x000000009c500000, 0x000000009c600000, 0x000000009c600000|100%| O|  |TAMS 0x000000009c600000, 0x000000009c500000| Complete 
| 454|0x000000009c600000, 0x000000009c700000, 0x000000009c700000|100%| O|  |TAMS 0x000000009c700000, 0x000000009c600000| Complete 
| 455|0x000000009c700000, 0x000000009c800000, 0x000000009c800000|100%| O|  |TAMS 0x000000009c800000, 0x000000009c700000| Complete 
| 456|0x000000009c800000, 0x000000009c900000, 0x000000009c900000|100%| O|  |TAMS 0x000000009c900000, 0x000000009c800000| Complete 
| 457|0x000000009c900000, 0x000000009c900000, 0x000000009ca00000|  0%| F|  |TAMS 0x000000009c900000, 0x000000009c900000| Untracked 
| 458|0x000000009ca00000, 0x000000009ca00000, 0x000000009cb00000|  0%| F|  |TAMS 0x000000009ca00000, 0x000000009ca00000| Untracked 
| 459|0x000000009cb00000, 0x000000009cc00000, 0x000000009cc00000|100%| O|  |TAMS 0x000000009cc00000, 0x000000009cb00000| Complete 
| 460|0x000000009cc00000, 0x000000009cd00000, 0x000000009cd00000|100%| O|  |TAMS 0x000000009cd00000, 0x000000009cc00000| Complete 
| 461|0x000000009cd00000, 0x000000009ce00000, 0x000000009ce00000|100%| O|  |TAMS 0x000000009ce00000, 0x000000009cd00000| Complete 
| 462|0x000000009ce00000, 0x000000009cf00000, 0x000000009cf00000|100%| O|  |TAMS 0x000000009cf00000, 0x000000009ce00000| Complete 
| 463|0x000000009cf00000, 0x000000009d000000, 0x000000009d000000|100%| O|  |TAMS 0x000000009d000000, 0x000000009cf00000| Complete 
| 464|0x000000009d000000, 0x000000009d100000, 0x000000009d100000|100%| O|  |TAMS 0x000000009d100000, 0x000000009d000000| Complete 
| 465|0x000000009d100000, 0x000000009d200000, 0x000000009d200000|100%| O|  |TAMS 0x000000009d200000, 0x000000009d100000| Complete 
| 466|0x000000009d200000, 0x000000009d300000, 0x000000009d300000|100%| O|  |TAMS 0x000000009d300000, 0x000000009d200000| Complete 
| 467|0x000000009d300000, 0x000000009d400000, 0x000000009d400000|100%| O|  |TAMS 0x000000009d400000, 0x000000009d300000| Complete 
| 468|0x000000009d400000, 0x000000009d500000, 0x000000009d500000|100%| O|  |TAMS 0x000000009d500000, 0x000000009d400000| Complete 
| 469|0x000000009d500000, 0x000000009d600000, 0x000000009d600000|100%| O|  |TAMS 0x000000009d600000, 0x000000009d500000| Complete 
| 470|0x000000009d600000, 0x000000009d700000, 0x000000009d700000|100%|HS|  |TAMS 0x000000009d700000, 0x000000009d600000| Complete 
| 471|0x000000009d700000, 0x000000009d800000, 0x000000009d800000|100%|HS|  |TAMS 0x000000009d800000, 0x000000009d700000| Complete 
| 472|0x000000009d800000, 0x000000009d900000, 0x000000009d900000|100%|HS|  |TAMS 0x000000009d800000, 0x000000009d800000| Complete 
| 473|0x000000009d900000, 0x000000009da00000, 0x000000009da00000|100%|HC|  |TAMS 0x000000009d900000, 0x000000009d900000| Complete 
| 474|0x000000009da00000, 0x000000009db00000, 0x000000009db00000|100%|HC|  |TAMS 0x000000009da00000, 0x000000009da00000| Complete 
| 475|0x000000009db00000, 0x000000009dc00000, 0x000000009dc00000|100%|HC|  |TAMS 0x000000009db00000, 0x000000009db00000| Complete 
| 476|0x000000009dc00000, 0x000000009dd00000, 0x000000009dd00000|100%|HC|  |TAMS 0x000000009dc00000, 0x000000009dc00000| Complete 
| 477|0x000000009dd00000, 0x000000009de00000, 0x000000009de00000|100%|HC|  |TAMS 0x000000009dd00000, 0x000000009dd00000| Complete 
| 478|0x000000009de00000, 0x000000009df00000, 0x000000009df00000|100%|HC|  |TAMS 0x000000009de00000, 0x000000009de00000| Complete 
| 479|0x000000009df00000, 0x000000009e000000, 0x000000009e000000|100%|HC|  |TAMS 0x000000009df00000, 0x000000009df00000| Complete 
| 480|0x000000009e000000, 0x000000009e100000, 0x000000009e100000|100%|HC|  |TAMS 0x000000009e000000, 0x000000009e000000| Complete 
| 481|0x000000009e100000, 0x000000009e200000, 0x000000009e200000|100%|HC|  |TAMS 0x000000009e100000, 0x000000009e100000| Complete 
| 482|0x000000009e200000, 0x000000009e300000, 0x000000009e300000|100%|HC|  |TAMS 0x000000009e200000, 0x000000009e200000| Complete 
| 483|0x000000009e300000, 0x000000009e400000, 0x000000009e400000|100%|HC|  |TAMS 0x000000009e300000, 0x000000009e300000| Complete 
| 484|0x000000009e400000, 0x000000009e500000, 0x000000009e500000|100%|HC|  |TAMS 0x000000009e400000, 0x000000009e400000| Complete 
| 485|0x000000009e500000, 0x000000009e600000, 0x000000009e600000|100%|HC|  |TAMS 0x000000009e500000, 0x000000009e500000| Complete 
| 486|0x000000009e600000, 0x000000009e700000, 0x000000009e700000|100%|HC|  |TAMS 0x000000009e600000, 0x000000009e600000| Complete 
| 487|0x000000009e700000, 0x000000009e800000, 0x000000009e800000|100%|HC|  |TAMS 0x000000009e700000, 0x000000009e700000| Complete 
| 488|0x000000009e800000, 0x000000009e900000, 0x000000009e900000|100%|HC|  |TAMS 0x000000009e800000, 0x000000009e800000| Complete 
| 489|0x000000009e900000, 0x000000009ea00000, 0x000000009ea00000|100%|HS|  |TAMS 0x000000009e900000, 0x000000009e900000| Complete 
| 490|0x000000009ea00000, 0x000000009eb00000, 0x000000009eb00000|100%|HC|  |TAMS 0x000000009ea00000, 0x000000009ea00000| Complete 
| 491|0x000000009eb00000, 0x000000009ec00000, 0x000000009ec00000|100%|HC|  |TAMS 0x000000009eb00000, 0x000000009eb00000| Complete 
| 492|0x000000009ec00000, 0x000000009ed00000, 0x000000009ed00000|100%|HC|  |TAMS 0x000000009ec00000, 0x000000009ec00000| Complete 
| 493|0x000000009ed00000, 0x000000009ee00000, 0x000000009ee00000|100%|HC|  |TAMS 0x000000009ed00000, 0x000000009ed00000| Complete 
| 494|0x000000009ee00000, 0x000000009ee00000, 0x000000009ef00000|  0%| F|  |TAMS 0x000000009ee00000, 0x000000009ee00000| Untracked 
| 495|0x000000009ef00000, 0x000000009f000000, 0x000000009f000000|100%| O|  |TAMS 0x000000009f000000, 0x000000009ef00000| Complete 
| 496|0x000000009f000000, 0x000000009f100000, 0x000000009f100000|100%|HS|  |TAMS 0x000000009f100000, 0x000000009f000000| Complete 
| 497|0x000000009f100000, 0x000000009f200000, 0x000000009f200000|100%|HC|  |TAMS 0x000000009f200000, 0x000000009f100000| Complete 
| 498|0x000000009f200000, 0x000000009f300000, 0x000000009f300000|100%|HS|  |TAMS 0x000000009f300000, 0x000000009f200000| Complete 
| 499|0x000000009f300000, 0x000000009f400000, 0x000000009f400000|100%|HS|  |TAMS 0x000000009f400000, 0x000000009f300000| Complete 
| 500|0x000000009f400000, 0x000000009f500000, 0x000000009f500000|100%|HS|  |TAMS 0x000000009f500000, 0x000000009f400000| Complete 
| 501|0x000000009f500000, 0x000000009f600000, 0x000000009f600000|100%|HC|  |TAMS 0x000000009f600000, 0x000000009f500000| Complete 
| 502|0x000000009f600000, 0x000000009f600000, 0x000000009f700000|  0%| F|  |TAMS 0x000000009f600000, 0x000000009f600000| Untracked 
| 503|0x000000009f700000, 0x000000009f800000, 0x000000009f800000|100%| O|  |TAMS 0x000000009f800000, 0x000000009f700000| Complete 
| 504|0x000000009f800000, 0x000000009f900000, 0x000000009f900000|100%| O|  |TAMS 0x000000009f900000, 0x000000009f800000| Complete 
| 505|0x000000009f900000, 0x000000009fa00000, 0x000000009fa00000|100%| O|  |TAMS 0x000000009fa00000, 0x000000009f900000| Untracked 
| 506|0x000000009fa00000, 0x000000009fb00000, 0x000000009fb00000|100%| O|  |TAMS 0x000000009fb00000, 0x000000009fa00000| Complete 
| 507|0x000000009fb00000, 0x000000009fc00000, 0x000000009fc00000|100%|HS|  |TAMS 0x000000009fb00000, 0x000000009fb00000| Complete 
| 508|0x000000009fc00000, 0x000000009fd00000, 0x000000009fd00000|100%|HC|  |TAMS 0x000000009fc00000, 0x000000009fc00000| Complete 
| 509|0x000000009fd00000, 0x000000009fe00000, 0x000000009fe00000|100%|HC|  |TAMS 0x000000009fd00000, 0x000000009fd00000| Complete 
| 510|0x000000009fe00000, 0x000000009ff00000, 0x000000009ff00000|100%|HC|  |TAMS 0x000000009fe00000, 0x000000009fe00000| Complete 
| 511|0x000000009ff00000, 0x00000000a0000000, 0x00000000a0000000|100%|HC|  |TAMS 0x000000009ff00000, 0x000000009ff00000| Complete 
| 512|0x00000000a0000000, 0x00000000a0100000, 0x00000000a0100000|100%|HC|  |TAMS 0x00000000a0000000, 0x00000000a0000000| Complete 
| 513|0x00000000a0100000, 0x00000000a0200000, 0x00000000a0200000|100%|HC|  |TAMS 0x00000000a0100000, 0x00000000a0100000| Complete 
| 514|0x00000000a0200000, 0x00000000a0300000, 0x00000000a0300000|100%|HC|  |TAMS 0x00000000a0200000, 0x00000000a0200000| Complete 
| 515|0x00000000a0300000, 0x00000000a0400000, 0x00000000a0400000|100%|HC|  |TAMS 0x00000000a0300000, 0x00000000a0300000| Complete 
| 516|0x00000000a0400000, 0x00000000a0400000, 0x00000000a0500000|  0%| F|  |TAMS 0x00000000a0400000, 0x00000000a0400000| Untracked 
| 517|0x00000000a0500000, 0x00000000a0600000, 0x00000000a0600000|100%| O|  |TAMS 0x00000000a0600000, 0x00000000a0500000| Untracked 
| 518|0x00000000a0600000, 0x00000000a0700000, 0x00000000a0700000|100%| O|  |TAMS 0x00000000a0700000, 0x00000000a0600000| Complete 
| 519|0x00000000a0700000, 0x00000000a0800000, 0x00000000a0800000|100%| O|  |TAMS 0x00000000a0800000, 0x00000000a0700000| Untracked 
| 520|0x00000000a0800000, 0x00000000a0900000, 0x00000000a0900000|100%| O|  |TAMS 0x00000000a0900000, 0x00000000a0800000| Untracked 
| 521|0x00000000a0900000, 0x00000000a0900000, 0x00000000a0a00000|  0%| F|  |TAMS 0x00000000a0900000, 0x00000000a0900000| Untracked 
| 522|0x00000000a0a00000, 0x00000000a0b00000, 0x00000000a0b00000|100%| O|  |TAMS 0x00000000a0b00000, 0x00000000a0a00000| Untracked 
| 523|0x00000000a0b00000, 0x00000000a0c00000, 0x00000000a0c00000|100%| O|  |TAMS 0x00000000a0c00000, 0x00000000a0b00000| Untracked 
| 524|0x00000000a0c00000, 0x00000000a0d00000, 0x00000000a0d00000|100%| O|  |TAMS 0x00000000a0d00000, 0x00000000a0c00000| Complete 
| 525|0x00000000a0d00000, 0x00000000a0d00000, 0x00000000a0e00000|  0%| F|  |TAMS 0x00000000a0d00000, 0x00000000a0d00000| Untracked 
| 526|0x00000000a0e00000, 0x00000000a0f00000, 0x00000000a0f00000|100%| O|  |TAMS 0x00000000a0f00000, 0x00000000a0e00000| Untracked 
| 527|0x00000000a0f00000, 0x00000000a1000000, 0x00000000a1000000|100%| O|  |TAMS 0x00000000a1000000, 0x00000000a0f00000| Untracked 
| 528|0x00000000a1000000, 0x00000000a1100000, 0x00000000a1100000|100%| O|  |TAMS 0x00000000a1100000, 0x00000000a1000000| Complete 
| 529|0x00000000a1100000, 0x00000000a1200000, 0x00000000a1200000|100%| O|  |TAMS 0x00000000a1200000, 0x00000000a1100000| Complete 
| 530|0x00000000a1200000, 0x00000000a1300000, 0x00000000a1300000|100%| O|  |TAMS 0x00000000a1300000, 0x00000000a1200000| Complete 
| 531|0x00000000a1300000, 0x00000000a1400000, 0x00000000a1400000|100%| O|  |TAMS 0x00000000a1400000, 0x00000000a1300000| Complete 
| 532|0x00000000a1400000, 0x00000000a1500000, 0x00000000a1500000|100%| O|  |TAMS 0x00000000a1500000, 0x00000000a1400000| Complete 
| 533|0x00000000a1500000, 0x00000000a1600000, 0x00000000a1600000|100%| O|  |TAMS 0x00000000a1600000, 0x00000000a1500000| Complete 
| 534|0x00000000a1600000, 0x00000000a1700000, 0x00000000a1700000|100%| O|  |TAMS 0x00000000a1700000, 0x00000000a1600000| Complete 
| 535|0x00000000a1700000, 0x00000000a1800000, 0x00000000a1800000|100%| O|  |TAMS 0x00000000a1800000, 0x00000000a1700000| Complete 
| 536|0x00000000a1800000, 0x00000000a1900000, 0x00000000a1900000|100%| O|  |TAMS 0x00000000a1900000, 0x00000000a1800000| Complete 
| 537|0x00000000a1900000, 0x00000000a1a00000, 0x00000000a1a00000|100%|HS|  |TAMS 0x00000000a1900000, 0x00000000a1900000| Complete 
| 538|0x00000000a1a00000, 0x00000000a1b00000, 0x00000000a1b00000|100%|HC|  |TAMS 0x00000000a1a00000, 0x00000000a1a00000| Complete 
| 539|0x00000000a1b00000, 0x00000000a1c00000, 0x00000000a1c00000|100%|HC|  |TAMS 0x00000000a1b00000, 0x00000000a1b00000| Complete 
| 540|0x00000000a1c00000, 0x00000000a1d00000, 0x00000000a1d00000|100%|HC|  |TAMS 0x00000000a1c00000, 0x00000000a1c00000| Complete 
| 541|0x00000000a1d00000, 0x00000000a1e00000, 0x00000000a1e00000|100%|HC|  |TAMS 0x00000000a1d00000, 0x00000000a1d00000| Complete 
| 542|0x00000000a1e00000, 0x00000000a1f00000, 0x00000000a1f00000|100%|HC|  |TAMS 0x00000000a1e00000, 0x00000000a1e00000| Complete 
| 543|0x00000000a1f00000, 0x00000000a2000000, 0x00000000a2000000|100%|HC|  |TAMS 0x00000000a1f00000, 0x00000000a1f00000| Complete 
| 544|0x00000000a2000000, 0x00000000a2100000, 0x00000000a2100000|100%|HC|  |TAMS 0x00000000a2000000, 0x00000000a2000000| Complete 
| 545|0x00000000a2100000, 0x00000000a2200000, 0x00000000a2200000|100%|HC|  |TAMS 0x00000000a2100000, 0x00000000a2100000| Complete 
| 546|0x00000000a2200000, 0x00000000a2300000, 0x00000000a2300000|100%|HC|  |TAMS 0x00000000a2200000, 0x00000000a2200000| Complete 
| 547|0x00000000a2300000, 0x00000000a2400000, 0x00000000a2400000|100%|HC|  |TAMS 0x00000000a2300000, 0x00000000a2300000| Complete 
| 548|0x00000000a2400000, 0x00000000a2500000, 0x00000000a2500000|100%|HC|  |TAMS 0x00000000a2400000, 0x00000000a2400000| Complete 
| 549|0x00000000a2500000, 0x00000000a2600000, 0x00000000a2600000|100%|HC|  |TAMS 0x00000000a2500000, 0x00000000a2500000| Complete 
| 550|0x00000000a2600000, 0x00000000a2700000, 0x00000000a2700000|100%|HC|  |TAMS 0x00000000a2600000, 0x00000000a2600000| Complete 
| 551|0x00000000a2700000, 0x00000000a2800000, 0x00000000a2800000|100%|HC|  |TAMS 0x00000000a2700000, 0x00000000a2700000| Complete 
| 552|0x00000000a2800000, 0x00000000a2900000, 0x00000000a2900000|100%|HC|  |TAMS 0x00000000a2800000, 0x00000000a2800000| Complete 
| 553|0x00000000a2900000, 0x00000000a2a00000, 0x00000000a2a00000|100%|HC|  |TAMS 0x00000000a2900000, 0x00000000a2900000| Complete 
| 554|0x00000000a2a00000, 0x00000000a2a00000, 0x00000000a2b00000|  0%| F|  |TAMS 0x00000000a2a00000, 0x00000000a2a00000| Untracked 
| 555|0x00000000a2b00000, 0x00000000a2b00000, 0x00000000a2c00000|  0%| F|  |TAMS 0x00000000a2b00000, 0x00000000a2b00000| Untracked 
| 556|0x00000000a2c00000, 0x00000000a2c00000, 0x00000000a2d00000|  0%| F|  |TAMS 0x00000000a2c00000, 0x00000000a2c00000| Untracked 
| 557|0x00000000a2d00000, 0x00000000a2e00000, 0x00000000a2e00000|100%|HS|  |TAMS 0x00000000a2e00000, 0x00000000a2d00000| Complete 
| 558|0x00000000a2e00000, 0x00000000a2f00000, 0x00000000a2f00000|100%|HC|  |TAMS 0x00000000a2f00000, 0x00000000a2e00000| Complete 
| 559|0x00000000a2f00000, 0x00000000a3000000, 0x00000000a3000000|100%|HS|  |TAMS 0x00000000a2f00000, 0x00000000a2f00000| Complete 
| 560|0x00000000a3000000, 0x00000000a3100000, 0x00000000a3100000|100%|HC|  |TAMS 0x00000000a3000000, 0x00000000a3000000| Complete 
| 561|0x00000000a3100000, 0x00000000a3200000, 0x00000000a3200000|100%|HC|  |TAMS 0x00000000a3100000, 0x00000000a3100000| Complete 
| 562|0x00000000a3200000, 0x00000000a3300000, 0x00000000a3300000|100%|HC|  |TAMS 0x00000000a3200000, 0x00000000a3200000| Complete 
| 563|0x00000000a3300000, 0x00000000a3400000, 0x00000000a3400000|100%|HC|  |TAMS 0x00000000a3300000, 0x00000000a3300000| Complete 
| 564|0x00000000a3400000, 0x00000000a3500000, 0x00000000a3500000|100%|HS|  |TAMS 0x00000000a3500000, 0x00000000a3400000| Complete 
| 565|0x00000000a3500000, 0x00000000a3600000, 0x00000000a3600000|100%|HC|  |TAMS 0x00000000a3600000, 0x00000000a3500000| Complete 
| 566|0x00000000a3600000, 0x00000000a3700000, 0x00000000a3700000|100%| O|  |TAMS 0x00000000a3700000, 0x00000000a3600000| Complete 
| 567|0x00000000a3700000, 0x00000000a3800000, 0x00000000a3800000|100%| O|  |TAMS 0x00000000a3800000, 0x00000000a3700000| Complete 
| 568|0x00000000a3800000, 0x00000000a3900000, 0x00000000a3900000|100%| O|  |TAMS 0x00000000a3900000, 0x00000000a3800000| Complete 
| 569|0x00000000a3900000, 0x00000000a3a00000, 0x00000000a3a00000|100%| O|  |TAMS 0x00000000a3a00000, 0x00000000a3900000| Complete 
| 570|0x00000000a3a00000, 0x00000000a3b00000, 0x00000000a3b00000|100%| O|  |TAMS 0x00000000a3b00000, 0x00000000a3a00000| Complete 
| 571|0x00000000a3b00000, 0x00000000a3c00000, 0x00000000a3c00000|100%| O|  |TAMS 0x00000000a3c00000, 0x00000000a3b00000| Complete 
| 572|0x00000000a3c00000, 0x00000000a3d00000, 0x00000000a3d00000|100%| O|  |TAMS 0x00000000a3d00000, 0x00000000a3c00000| Complete 
| 573|0x00000000a3d00000, 0x00000000a3d00000, 0x00000000a3e00000|  0%| F|  |TAMS 0x00000000a3d00000, 0x00000000a3d00000| Untracked 
| 574|0x00000000a3e00000, 0x00000000a3f00000, 0x00000000a3f00000|100%| O|  |TAMS 0x00000000a3f00000, 0x00000000a3e00000| Complete 
| 575|0x00000000a3f00000, 0x00000000a4000000, 0x00000000a4000000|100%| O|  |TAMS 0x00000000a4000000, 0x00000000a3f00000| Complete 
| 576|0x00000000a4000000, 0x00000000a4000000, 0x00000000a4100000|  0%| F|  |TAMS 0x00000000a4000000, 0x00000000a4000000| Untracked 
| 577|0x00000000a4100000, 0x00000000a4100000, 0x00000000a4200000|  0%| F|  |TAMS 0x00000000a4100000, 0x00000000a4100000| Untracked 
| 578|0x00000000a4200000, 0x00000000a4200000, 0x00000000a4300000|  0%| F|  |TAMS 0x00000000a4200000, 0x00000000a4200000| Untracked 
| 579|0x00000000a4300000, 0x00000000a4300000, 0x00000000a4400000|  0%| F|  |TAMS 0x00000000a4300000, 0x00000000a4300000| Untracked 
| 580|0x00000000a4400000, 0x00000000a4400000, 0x00000000a4500000|  0%| F|  |TAMS 0x00000000a4400000, 0x00000000a4400000| Untracked 
| 581|0x00000000a4500000, 0x00000000a4500000, 0x00000000a4600000|  0%| F|  |TAMS 0x00000000a4500000, 0x00000000a4500000| Untracked 
| 582|0x00000000a4600000, 0x00000000a4600000, 0x00000000a4700000|  0%| F|  |TAMS 0x00000000a4600000, 0x00000000a4600000| Untracked 
| 583|0x00000000a4700000, 0x00000000a4800000, 0x00000000a4800000|100%| O|  |TAMS 0x00000000a4800000, 0x00000000a4700000| Complete 
| 584|0x00000000a4800000, 0x00000000a4900000, 0x00000000a4900000|100%| O|  |TAMS 0x00000000a4900000, 0x00000000a4800000| Complete 
| 585|0x00000000a4900000, 0x00000000a4a00000, 0x00000000a4a00000|100%| O|  |TAMS 0x00000000a4a00000, 0x00000000a4900000| Complete 
| 586|0x00000000a4a00000, 0x00000000a4a00000, 0x00000000a4b00000|  0%| F|  |TAMS 0x00000000a4a00000, 0x00000000a4a00000| Untracked 
| 587|0x00000000a4b00000, 0x00000000a4b00000, 0x00000000a4c00000|  0%| F|  |TAMS 0x00000000a4b00000, 0x00000000a4b00000| Untracked 
| 588|0x00000000a4c00000, 0x00000000a4d00000, 0x00000000a4d00000|100%| O|  |TAMS 0x00000000a4d00000, 0x00000000a4c00000| Complete 
| 589|0x00000000a4d00000, 0x00000000a4e00000, 0x00000000a4e00000|100%|HS|  |TAMS 0x00000000a4e00000, 0x00000000a4d00000| Complete 
| 590|0x00000000a4e00000, 0x00000000a4f00000, 0x00000000a4f00000|100%|HC|  |TAMS 0x00000000a4f00000, 0x00000000a4e00000| Complete 
| 591|0x00000000a4f00000, 0x00000000a5000000, 0x00000000a5000000|100%|HC|  |TAMS 0x00000000a5000000, 0x00000000a4f00000| Complete 
| 592|0x00000000a5000000, 0x00000000a5100000, 0x00000000a5100000|100%| O|  |TAMS 0x00000000a5100000, 0x00000000a5000000| Complete 
| 593|0x00000000a5100000, 0x00000000a5200000, 0x00000000a5200000|100%| O|  |TAMS 0x00000000a5200000, 0x00000000a5100000| Complete 
| 594|0x00000000a5200000, 0x00000000a5300000, 0x00000000a5300000|100%| O|  |TAMS 0x00000000a5300000, 0x00000000a5200000| Complete 
| 595|0x00000000a5300000, 0x00000000a5400000, 0x00000000a5400000|100%| O|  |TAMS 0x00000000a5400000, 0x00000000a5300000| Complete 
| 596|0x00000000a5400000, 0x00000000a5500000, 0x00000000a5500000|100%| O|  |TAMS 0x00000000a5500000, 0x00000000a5400000| Complete 
| 597|0x00000000a5500000, 0x00000000a5600000, 0x00000000a5600000|100%| O|  |TAMS 0x00000000a5600000, 0x00000000a5500000| Complete 
| 598|0x00000000a5600000, 0x00000000a5600000, 0x00000000a5700000|  0%| F|  |TAMS 0x00000000a5600000, 0x00000000a5600000| Untracked 
| 599|0x00000000a5700000, 0x00000000a5700000, 0x00000000a5800000|  0%| F|  |TAMS 0x00000000a5700000, 0x00000000a5700000| Untracked 
| 600|0x00000000a5800000, 0x00000000a5900000, 0x00000000a5900000|100%| O|  |TAMS 0x00000000a5900000, 0x00000000a5800000| Complete 
| 601|0x00000000a5900000, 0x00000000a5900000, 0x00000000a5a00000|  0%| F|  |TAMS 0x00000000a5900000, 0x00000000a5900000| Untracked 
| 602|0x00000000a5a00000, 0x00000000a5a00000, 0x00000000a5b00000|  0%| F|  |TAMS 0x00000000a5a00000, 0x00000000a5a00000| Untracked 
| 603|0x00000000a5b00000, 0x00000000a5b00000, 0x00000000a5c00000|  0%| F|  |TAMS 0x00000000a5b00000, 0x00000000a5b00000| Untracked 
| 604|0x00000000a5c00000, 0x00000000a5c00000, 0x00000000a5d00000|  0%| F|  |TAMS 0x00000000a5c00000, 0x00000000a5c00000| Untracked 
| 605|0x00000000a5d00000, 0x00000000a5d00000, 0x00000000a5e00000|  0%| F|  |TAMS 0x00000000a5d00000, 0x00000000a5d00000| Untracked 
| 606|0x00000000a5e00000, 0x00000000a5f00000, 0x00000000a5f00000|100%| O|  |TAMS 0x00000000a5f00000, 0x00000000a5e00000| Complete 
| 607|0x00000000a5f00000, 0x00000000a5f00000, 0x00000000a6000000|  0%| F|  |TAMS 0x00000000a5f00000, 0x00000000a5f00000| Untracked 
| 608|0x00000000a6000000, 0x00000000a6000000, 0x00000000a6100000|  0%| F|  |TAMS 0x00000000a6000000, 0x00000000a6000000| Untracked 
| 609|0x00000000a6100000, 0x00000000a6100000, 0x00000000a6200000|  0%| F|  |TAMS 0x00000000a6100000, 0x00000000a6100000| Untracked 
| 610|0x00000000a6200000, 0x00000000a6200000, 0x00000000a6300000|  0%| F|  |TAMS 0x00000000a6200000, 0x00000000a6200000| Untracked 
| 611|0x00000000a6300000, 0x00000000a6300000, 0x00000000a6400000|  0%| F|  |TAMS 0x00000000a6300000, 0x00000000a6300000| Untracked 
| 612|0x00000000a6400000, 0x00000000a6500000, 0x00000000a6500000|100%| O|  |TAMS 0x00000000a6500000, 0x00000000a6400000| Complete 
| 613|0x00000000a6500000, 0x00000000a6600000, 0x00000000a6600000|100%| O|  |TAMS 0x00000000a6600000, 0x00000000a6500000| Complete 
| 614|0x00000000a6600000, 0x00000000a6600000, 0x00000000a6700000|  0%| F|  |TAMS 0x00000000a6600000, 0x00000000a6600000| Untracked 
| 615|0x00000000a6700000, 0x00000000a6800000, 0x00000000a6800000|100%| O|  |TAMS 0x00000000a6800000, 0x00000000a6700000| Complete 
| 616|0x00000000a6800000, 0x00000000a6800000, 0x00000000a6900000|  0%| F|  |TAMS 0x00000000a6800000, 0x00000000a6800000| Untracked 
| 617|0x00000000a6900000, 0x00000000a6900000, 0x00000000a6a00000|  0%| F|  |TAMS 0x00000000a6900000, 0x00000000a6900000| Untracked 
| 618|0x00000000a6a00000, 0x00000000a6b00000, 0x00000000a6b00000|100%|HS|  |TAMS 0x00000000a6b00000, 0x00000000a6a00000| Complete 
| 619|0x00000000a6b00000, 0x00000000a6c00000, 0x00000000a6c00000|100%|HC|  |TAMS 0x00000000a6c00000, 0x00000000a6b00000| Complete 
| 620|0x00000000a6c00000, 0x00000000a6c00000, 0x00000000a6d00000|  0%| F|  |TAMS 0x00000000a6c00000, 0x00000000a6c00000| Untracked 
| 621|0x00000000a6d00000, 0x00000000a6d00000, 0x00000000a6e00000|  0%| F|  |TAMS 0x00000000a6d00000, 0x00000000a6d00000| Untracked 
| 622|0x00000000a6e00000, 0x00000000a6e00000, 0x00000000a6f00000|  0%| F|  |TAMS 0x00000000a6e00000, 0x00000000a6e00000| Untracked 
| 623|0x00000000a6f00000, 0x00000000a6f00000, 0x00000000a7000000|  0%| F|  |TAMS 0x00000000a6f00000, 0x00000000a6f00000| Untracked 
| 624|0x00000000a7000000, 0x00000000a7000000, 0x00000000a7100000|  0%| F|  |TAMS 0x00000000a7000000, 0x00000000a7000000| Untracked 
| 625|0x00000000a7100000, 0x00000000a7100000, 0x00000000a7200000|  0%| F|  |TAMS 0x00000000a7100000, 0x00000000a7100000| Untracked 
| 626|0x00000000a7200000, 0x00000000a7200000, 0x00000000a7300000|  0%| F|  |TAMS 0x00000000a7200000, 0x00000000a7200000| Untracked 
| 627|0x00000000a7300000, 0x00000000a7400000, 0x00000000a7400000|100%| O|  |TAMS 0x00000000a7400000, 0x00000000a7300000| Complete 
| 628|0x00000000a7400000, 0x00000000a7500000, 0x00000000a7500000|100%| O|  |TAMS 0x00000000a7500000, 0x00000000a7400000| Untracked 
| 629|0x00000000a7500000, 0x00000000a7600000, 0x00000000a7600000|100%| O|  |TAMS 0x00000000a7600000, 0x00000000a7500000| Complete 
| 630|0x00000000a7600000, 0x00000000a7700000, 0x00000000a7700000|100%| O|  |TAMS 0x00000000a7700000, 0x00000000a7600000| Complete 
| 631|0x00000000a7700000, 0x00000000a7800000, 0x00000000a7800000|100%| O|  |TAMS 0x00000000a7800000, 0x00000000a7700000| Complete 
| 632|0x00000000a7800000, 0x00000000a7900000, 0x00000000a7900000|100%| O|  |TAMS 0x00000000a7900000, 0x00000000a7800000| Complete 
| 633|0x00000000a7900000, 0x00000000a7900000, 0x00000000a7a00000|  0%| F|  |TAMS 0x00000000a7900000, 0x00000000a7900000| Untracked 
| 634|0x00000000a7a00000, 0x00000000a7a00000, 0x00000000a7b00000|  0%| F|  |TAMS 0x00000000a7a00000, 0x00000000a7a00000| Untracked 
| 635|0x00000000a7b00000, 0x00000000a7b00000, 0x00000000a7c00000|  0%| F|  |TAMS 0x00000000a7b00000, 0x00000000a7b00000| Untracked 
| 636|0x00000000a7c00000, 0x00000000a7d00000, 0x00000000a7d00000|100%| O|  |TAMS 0x00000000a7d00000, 0x00000000a7c00000| Complete 
| 637|0x00000000a7d00000, 0x00000000a7e00000, 0x00000000a7e00000|100%| O|  |TAMS 0x00000000a7e00000, 0x00000000a7d00000| Complete 
| 638|0x00000000a7e00000, 0x00000000a7f00000, 0x00000000a7f00000|100%| O|  |TAMS 0x00000000a7f00000, 0x00000000a7e00000| Complete 
| 639|0x00000000a7f00000, 0x00000000a8000000, 0x00000000a8000000|100%| O|  |TAMS 0x00000000a8000000, 0x00000000a7f00000| Complete 
| 640|0x00000000a8000000, 0x00000000a8100000, 0x00000000a8100000|100%| O|  |TAMS 0x00000000a8100000, 0x00000000a8000000| Complete 
| 641|0x00000000a8100000, 0x00000000a8200000, 0x00000000a8200000|100%|HS|  |TAMS 0x00000000a8100000, 0x00000000a8100000| Complete 
| 642|0x00000000a8200000, 0x00000000a8300000, 0x00000000a8300000|100%|HC|  |TAMS 0x00000000a8200000, 0x00000000a8200000| Complete 
| 643|0x00000000a8300000, 0x00000000a8400000, 0x00000000a8400000|100%|HC|  |TAMS 0x00000000a8300000, 0x00000000a8300000| Complete 
| 644|0x00000000a8400000, 0x00000000a8500000, 0x00000000a8500000|100%|HC|  |TAMS 0x00000000a8400000, 0x00000000a8400000| Complete 
| 645|0x00000000a8500000, 0x00000000a8600000, 0x00000000a8600000|100%|HC|  |TAMS 0x00000000a8500000, 0x00000000a8500000| Complete 
| 646|0x00000000a8600000, 0x00000000a8700000, 0x00000000a8700000|100%|HC|  |TAMS 0x00000000a8600000, 0x00000000a8600000| Complete 
| 647|0x00000000a8700000, 0x00000000a8800000, 0x00000000a8800000|100%|HC|  |TAMS 0x00000000a8700000, 0x00000000a8700000| Complete 
| 648|0x00000000a8800000, 0x00000000a8900000, 0x00000000a8900000|100%|HC|  |TAMS 0x00000000a8800000, 0x00000000a8800000| Complete 
| 649|0x00000000a8900000, 0x00000000a8a00000, 0x00000000a8a00000|100%|HC|  |TAMS 0x00000000a8900000, 0x00000000a8900000| Complete 
| 650|0x00000000a8a00000, 0x00000000a8a00000, 0x00000000a8b00000|  0%| F|  |TAMS 0x00000000a8a00000, 0x00000000a8a00000| Untracked 
| 651|0x00000000a8b00000, 0x00000000a8b00000, 0x00000000a8c00000|  0%| F|  |TAMS 0x00000000a8b00000, 0x00000000a8b00000| Untracked 
| 652|0x00000000a8c00000, 0x00000000a8c00000, 0x00000000a8d00000|  0%| F|  |TAMS 0x00000000a8c00000, 0x00000000a8c00000| Untracked 
| 653|0x00000000a8d00000, 0x00000000a8d00000, 0x00000000a8e00000|  0%| F|  |TAMS 0x00000000a8d00000, 0x00000000a8d00000| Untracked 
| 654|0x00000000a8e00000, 0x00000000a8e00000, 0x00000000a8f00000|  0%| F|  |TAMS 0x00000000a8e00000, 0x00000000a8e00000| Untracked 
| 655|0x00000000a8f00000, 0x00000000a8f00000, 0x00000000a9000000|  0%| F|  |TAMS 0x00000000a8f00000, 0x00000000a8f00000| Untracked 
| 656|0x00000000a9000000, 0x00000000a9000000, 0x00000000a9100000|  0%| F|  |TAMS 0x00000000a9000000, 0x00000000a9000000| Untracked 
| 657|0x00000000a9100000, 0x00000000a9100000, 0x00000000a9200000|  0%| F|  |TAMS 0x00000000a9100000, 0x00000000a9100000| Untracked 
| 658|0x00000000a9200000, 0x00000000a9300000, 0x00000000a9300000|100%| O|  |TAMS 0x00000000a9300000, 0x00000000a9200000| Complete 
| 659|0x00000000a9300000, 0x00000000a9400000, 0x00000000a9400000|100%| O|  |TAMS 0x00000000a9400000, 0x00000000a9300000| Complete 
| 660|0x00000000a9400000, 0x00000000a9500000, 0x00000000a9500000|100%| O|  |TAMS 0x00000000a9500000, 0x00000000a9400000| Complete 
| 661|0x00000000a9500000, 0x00000000a9600000, 0x00000000a9600000|100%| O|  |TAMS 0x00000000a9600000, 0x00000000a9500000| Untracked 
| 662|0x00000000a9600000, 0x00000000a96e7200, 0x00000000a9700000| 90%| O|  |TAMS 0x00000000a96e7200, 0x00000000a9600000| Untracked 
| 663|0x00000000a9700000, 0x00000000a9700000, 0x00000000a9800000|  0%| F|  |TAMS 0x00000000a9700000, 0x00000000a9700000| Untracked 
| 664|0x00000000a9800000, 0x00000000a9800000, 0x00000000a9900000|  0%| F|  |TAMS 0x00000000a9800000, 0x00000000a9800000| Untracked 
| 665|0x00000000a9900000, 0x00000000a9900000, 0x00000000a9a00000|  0%| F|  |TAMS 0x00000000a9900000, 0x00000000a9900000| Untracked 
| 666|0x00000000a9a00000, 0x00000000a9a00000, 0x00000000a9b00000|  0%| F|  |TAMS 0x00000000a9a00000, 0x00000000a9a00000| Untracked 
| 667|0x00000000a9b00000, 0x00000000a9c00000, 0x00000000a9c00000|100%| O|  |TAMS 0x00000000a9c00000, 0x00000000a9b00000| Complete 
| 668|0x00000000a9c00000, 0x00000000a9c00000, 0x00000000a9d00000|  0%| F|  |TAMS 0x00000000a9c00000, 0x00000000a9c00000| Untracked 
| 669|0x00000000a9d00000, 0x00000000a9e00000, 0x00000000a9e00000|100%| O|  |TAMS 0x00000000a9e00000, 0x00000000a9d00000| Complete 
| 670|0x00000000a9e00000, 0x00000000a9f00000, 0x00000000a9f00000|100%| O|  |TAMS 0x00000000a9f00000, 0x00000000a9e00000| Complete 
| 671|0x00000000a9f00000, 0x00000000aa000000, 0x00000000aa000000|100%| O|  |TAMS 0x00000000aa000000, 0x00000000a9f00000| Complete 
| 672|0x00000000aa000000, 0x00000000aa000000, 0x00000000aa100000|  0%| F|  |TAMS 0x00000000aa000000, 0x00000000aa000000| Untracked 
| 673|0x00000000aa100000, 0x00000000aa100000, 0x00000000aa200000|  0%| F|  |TAMS 0x00000000aa100000, 0x00000000aa100000| Untracked 
| 674|0x00000000aa200000, 0x00000000aa200000, 0x00000000aa300000|  0%| F|  |TAMS 0x00000000aa200000, 0x00000000aa200000| Untracked 
| 675|0x00000000aa300000, 0x00000000aa300000, 0x00000000aa400000|  0%| F|  |TAMS 0x00000000aa300000, 0x00000000aa300000| Untracked 
| 676|0x00000000aa400000, 0x00000000aa500000, 0x00000000aa500000|100%| O|  |TAMS 0x00000000aa500000, 0x00000000aa400000| Complete 
| 677|0x00000000aa500000, 0x00000000aa600000, 0x00000000aa600000|100%| O|  |TAMS 0x00000000aa600000, 0x00000000aa500000| Complete 
| 678|0x00000000aa600000, 0x00000000aa600000, 0x00000000aa700000|  0%| F|  |TAMS 0x00000000aa600000, 0x00000000aa600000| Untracked 
| 679|0x00000000aa700000, 0x00000000aa800000, 0x00000000aa800000|100%| O|  |TAMS 0x00000000aa800000, 0x00000000aa700000| Complete 
| 680|0x00000000aa800000, 0x00000000aa800000, 0x00000000aa900000|  0%| F|  |TAMS 0x00000000aa800000, 0x00000000aa800000| Untracked 
| 681|0x00000000aa900000, 0x00000000aa900000, 0x00000000aaa00000|  0%| F|  |TAMS 0x00000000aa900000, 0x00000000aa900000| Untracked 
| 682|0x00000000aaa00000, 0x00000000aab00000, 0x00000000aab00000|100%|HS|  |TAMS 0x00000000aab00000, 0x00000000aaa00000| Complete 
| 683|0x00000000aab00000, 0x00000000aac00000, 0x00000000aac00000|100%|HC|  |TAMS 0x00000000aac00000, 0x00000000aab00000| Complete 
| 684|0x00000000aac00000, 0x00000000aad00000, 0x00000000aad00000|100%|HC|  |TAMS 0x00000000aad00000, 0x00000000aac00000| Complete 
| 685|0x00000000aad00000, 0x00000000aae00000, 0x00000000aae00000|100%|HC|  |TAMS 0x00000000aae00000, 0x00000000aad00000| Complete 
| 686|0x00000000aae00000, 0x00000000aaf00000, 0x00000000aaf00000|100%|HC|  |TAMS 0x00000000aaf00000, 0x00000000aae00000| Complete 
| 687|0x00000000aaf00000, 0x00000000ab000000, 0x00000000ab000000|100%|HC|  |TAMS 0x00000000ab000000, 0x00000000aaf00000| Complete 
| 688|0x00000000ab000000, 0x00000000ab100000, 0x00000000ab100000|100%|HC|  |TAMS 0x00000000ab100000, 0x00000000ab000000| Complete 
| 689|0x00000000ab100000, 0x00000000ab200000, 0x00000000ab200000|100%|HC|  |TAMS 0x00000000ab200000, 0x00000000ab100000| Complete 
| 690|0x00000000ab200000, 0x00000000ab300000, 0x00000000ab300000|100%|HC|  |TAMS 0x00000000ab300000, 0x00000000ab200000| Complete 
| 691|0x00000000ab300000, 0x00000000ab400000, 0x00000000ab400000|100%|HC|  |TAMS 0x00000000ab400000, 0x00000000ab300000| Complete 
| 692|0x00000000ab400000, 0x00000000ab500000, 0x00000000ab500000|100%|HC|  |TAMS 0x00000000ab500000, 0x00000000ab400000| Complete 
| 693|0x00000000ab500000, 0x00000000ab600000, 0x00000000ab600000|100%|HC|  |TAMS 0x00000000ab600000, 0x00000000ab500000| Complete 
| 694|0x00000000ab600000, 0x00000000ab700000, 0x00000000ab700000|100%|HC|  |TAMS 0x00000000ab700000, 0x00000000ab600000| Complete 
| 695|0x00000000ab700000, 0x00000000ab800000, 0x00000000ab800000|100%|HC|  |TAMS 0x00000000ab800000, 0x00000000ab700000| Complete 
| 696|0x00000000ab800000, 0x00000000ab900000, 0x00000000ab900000|100%|HC|  |TAMS 0x00000000ab900000, 0x00000000ab800000| Complete 
| 697|0x00000000ab900000, 0x00000000aba00000, 0x00000000aba00000|100%|HC|  |TAMS 0x00000000aba00000, 0x00000000ab900000| Complete 
| 698|0x00000000aba00000, 0x00000000abb00000, 0x00000000abb00000|100%|HC|  |TAMS 0x00000000abb00000, 0x00000000aba00000| Complete 
| 699|0x00000000abb00000, 0x00000000abc00000, 0x00000000abc00000|100%|HC|  |TAMS 0x00000000abc00000, 0x00000000abb00000| Complete 
| 700|0x00000000abc00000, 0x00000000abd00000, 0x00000000abd00000|100%|HC|  |TAMS 0x00000000abd00000, 0x00000000abc00000| Complete 
| 701|0x00000000abd00000, 0x00000000abe00000, 0x00000000abe00000|100%|HC|  |TAMS 0x00000000abe00000, 0x00000000abd00000| Complete 
| 702|0x00000000abe00000, 0x00000000abf00000, 0x00000000abf00000|100%|HC|  |TAMS 0x00000000abf00000, 0x00000000abe00000| Complete 
| 703|0x00000000abf00000, 0x00000000ac000000, 0x00000000ac000000|100%|HC|  |TAMS 0x00000000ac000000, 0x00000000abf00000| Complete 
| 704|0x00000000ac000000, 0x00000000ac100000, 0x00000000ac100000|100%|HC|  |TAMS 0x00000000ac100000, 0x00000000ac000000| Complete 
| 705|0x00000000ac100000, 0x00000000ac200000, 0x00000000ac200000|100%|HC|  |TAMS 0x00000000ac200000, 0x00000000ac100000| Complete 
| 706|0x00000000ac200000, 0x00000000ac300000, 0x00000000ac300000|100%|HC|  |TAMS 0x00000000ac300000, 0x00000000ac200000| Complete 
| 707|0x00000000ac300000, 0x00000000ac400000, 0x00000000ac400000|100%|HC|  |TAMS 0x00000000ac400000, 0x00000000ac300000| Complete 
| 708|0x00000000ac400000, 0x00000000ac500000, 0x00000000ac500000|100%|HC|  |TAMS 0x00000000ac500000, 0x00000000ac400000| Complete 
| 709|0x00000000ac500000, 0x00000000ac600000, 0x00000000ac600000|100%|HC|  |TAMS 0x00000000ac600000, 0x00000000ac500000| Complete 
| 710|0x00000000ac600000, 0x00000000ac700000, 0x00000000ac700000|100%|HC|  |TAMS 0x00000000ac700000, 0x00000000ac600000| Complete 
| 711|0x00000000ac700000, 0x00000000ac800000, 0x00000000ac800000|100%|HC|  |TAMS 0x00000000ac800000, 0x00000000ac700000| Complete 
| 712|0x00000000ac800000, 0x00000000ac900000, 0x00000000ac900000|100%|HC|  |TAMS 0x00000000ac900000, 0x00000000ac800000| Complete 
| 713|0x00000000ac900000, 0x00000000aca00000, 0x00000000aca00000|100%|HC|  |TAMS 0x00000000aca00000, 0x00000000ac900000| Complete 
| 714|0x00000000aca00000, 0x00000000acb00000, 0x00000000acb00000|100%|HC|  |TAMS 0x00000000acb00000, 0x00000000aca00000| Complete 
| 715|0x00000000acb00000, 0x00000000acc00000, 0x00000000acc00000|100%|HS|  |TAMS 0x00000000acb00000, 0x00000000acb00000| Complete 
| 716|0x00000000acc00000, 0x00000000acd00000, 0x00000000acd00000|100%|HC|  |TAMS 0x00000000acc00000, 0x00000000acc00000| Complete 
| 717|0x00000000acd00000, 0x00000000ace00000, 0x00000000ace00000|100%|HC|  |TAMS 0x00000000acd00000, 0x00000000acd00000| Complete 
| 718|0x00000000ace00000, 0x00000000acf00000, 0x00000000acf00000|100%|HC|  |TAMS 0x00000000ace00000, 0x00000000ace00000| Complete 
| 719|0x00000000acf00000, 0x00000000ad000000, 0x00000000ad000000|100%|HC|  |TAMS 0x00000000acf00000, 0x00000000acf00000| Complete 
| 720|0x00000000ad000000, 0x00000000ad100000, 0x00000000ad100000|100%|HC|  |TAMS 0x00000000ad000000, 0x00000000ad000000| Complete 
| 721|0x00000000ad100000, 0x00000000ad200000, 0x00000000ad200000|100%|HC|  |TAMS 0x00000000ad100000, 0x00000000ad100000| Complete 
| 722|0x00000000ad200000, 0x00000000ad300000, 0x00000000ad300000|100%|HC|  |TAMS 0x00000000ad200000, 0x00000000ad200000| Complete 
| 723|0x00000000ad300000, 0x00000000ad400000, 0x00000000ad400000|100%|HC|  |TAMS 0x00000000ad300000, 0x00000000ad300000| Complete 
| 724|0x00000000ad400000, 0x00000000ad500000, 0x00000000ad500000|100%|HC|  |TAMS 0x00000000ad400000, 0x00000000ad400000| Complete 
| 725|0x00000000ad500000, 0x00000000ad600000, 0x00000000ad600000|100%|HC|  |TAMS 0x00000000ad500000, 0x00000000ad500000| Complete 
| 726|0x00000000ad600000, 0x00000000ad700000, 0x00000000ad700000|100%|HC|  |TAMS 0x00000000ad600000, 0x00000000ad600000| Complete 
| 727|0x00000000ad700000, 0x00000000ad800000, 0x00000000ad800000|100%|HC|  |TAMS 0x00000000ad700000, 0x00000000ad700000| Complete 
| 728|0x00000000ad800000, 0x00000000ad900000, 0x00000000ad900000|100%|HC|  |TAMS 0x00000000ad800000, 0x00000000ad800000| Complete 
| 729|0x00000000ad900000, 0x00000000ada00000, 0x00000000ada00000|100%|HC|  |TAMS 0x00000000ad900000, 0x00000000ad900000| Complete 
| 730|0x00000000ada00000, 0x00000000adb00000, 0x00000000adb00000|100%|HC|  |TAMS 0x00000000ada00000, 0x00000000ada00000| Complete 
| 731|0x00000000adb00000, 0x00000000adc00000, 0x00000000adc00000|100%|HC|  |TAMS 0x00000000adb00000, 0x00000000adb00000| Complete 
| 732|0x00000000adc00000, 0x00000000add00000, 0x00000000add00000|100%|HC|  |TAMS 0x00000000adc00000, 0x00000000adc00000| Complete 
| 733|0x00000000add00000, 0x00000000ade00000, 0x00000000ade00000|100%|HC|  |TAMS 0x00000000add00000, 0x00000000add00000| Complete 
| 734|0x00000000ade00000, 0x00000000adf00000, 0x00000000adf00000|100%|HC|  |TAMS 0x00000000ade00000, 0x00000000ade00000| Complete 
| 735|0x00000000adf00000, 0x00000000ae000000, 0x00000000ae000000|100%|HC|  |TAMS 0x00000000adf00000, 0x00000000adf00000| Complete 
| 736|0x00000000ae000000, 0x00000000ae100000, 0x00000000ae100000|100%|HC|  |TAMS 0x00000000ae000000, 0x00000000ae000000| Complete 
| 737|0x00000000ae100000, 0x00000000ae200000, 0x00000000ae200000|100%|HC|  |TAMS 0x00000000ae100000, 0x00000000ae100000| Complete 
| 738|0x00000000ae200000, 0x00000000ae300000, 0x00000000ae300000|100%|HC|  |TAMS 0x00000000ae200000, 0x00000000ae200000| Complete 
| 739|0x00000000ae300000, 0x00000000ae400000, 0x00000000ae400000|100%|HC|  |TAMS 0x00000000ae300000, 0x00000000ae300000| Complete 
| 740|0x00000000ae400000, 0x00000000ae500000, 0x00000000ae500000|100%|HC|  |TAMS 0x00000000ae400000, 0x00000000ae400000| Complete 
| 741|0x00000000ae500000, 0x00000000ae600000, 0x00000000ae600000|100%|HC|  |TAMS 0x00000000ae500000, 0x00000000ae500000| Complete 
| 742|0x00000000ae600000, 0x00000000ae700000, 0x00000000ae700000|100%|HC|  |TAMS 0x00000000ae600000, 0x00000000ae600000| Complete 
| 743|0x00000000ae700000, 0x00000000ae800000, 0x00000000ae800000|100%|HC|  |TAMS 0x00000000ae700000, 0x00000000ae700000| Complete 
| 744|0x00000000ae800000, 0x00000000ae900000, 0x00000000ae900000|100%|HC|  |TAMS 0x00000000ae800000, 0x00000000ae800000| Complete 
| 745|0x00000000ae900000, 0x00000000aea00000, 0x00000000aea00000|100%|HC|  |TAMS 0x00000000ae900000, 0x00000000ae900000| Complete 
| 746|0x00000000aea00000, 0x00000000aeb00000, 0x00000000aeb00000|100%|HC|  |TAMS 0x00000000aea00000, 0x00000000aea00000| Complete 
| 747|0x00000000aeb00000, 0x00000000aec00000, 0x00000000aec00000|100%|HC|  |TAMS 0x00000000aeb00000, 0x00000000aeb00000| Complete 
| 748|0x00000000aec00000, 0x00000000aed00000, 0x00000000aed00000|100%|HC|  |TAMS 0x00000000aec00000, 0x00000000aec00000| Complete 
| 749|0x00000000aed00000, 0x00000000aee00000, 0x00000000aee00000|100%|HC|  |TAMS 0x00000000aed00000, 0x00000000aed00000| Complete 
| 750|0x00000000aee00000, 0x00000000aef00000, 0x00000000aef00000|100%|HC|  |TAMS 0x00000000aee00000, 0x00000000aee00000| Complete 
| 751|0x00000000aef00000, 0x00000000af000000, 0x00000000af000000|100%|HC|  |TAMS 0x00000000aef00000, 0x00000000aef00000| Complete 
| 752|0x00000000af000000, 0x00000000af100000, 0x00000000af100000|100%|HC|  |TAMS 0x00000000af000000, 0x00000000af000000| Complete 
| 753|0x00000000af100000, 0x00000000af200000, 0x00000000af200000|100%|HC|  |TAMS 0x00000000af100000, 0x00000000af100000| Complete 
| 754|0x00000000af200000, 0x00000000af300000, 0x00000000af300000|100%|HC|  |TAMS 0x00000000af200000, 0x00000000af200000| Complete 
| 755|0x00000000af300000, 0x00000000af400000, 0x00000000af400000|100%|HC|  |TAMS 0x00000000af300000, 0x00000000af300000| Complete 
| 756|0x00000000af400000, 0x00000000af500000, 0x00000000af500000|100%|HC|  |TAMS 0x00000000af400000, 0x00000000af400000| Complete 
| 757|0x00000000af500000, 0x00000000af600000, 0x00000000af600000|100%|HC|  |TAMS 0x00000000af500000, 0x00000000af500000| Complete 
| 758|0x00000000af600000, 0x00000000af700000, 0x00000000af700000|100%|HC|  |TAMS 0x00000000af600000, 0x00000000af600000| Complete 
| 759|0x00000000af700000, 0x00000000af800000, 0x00000000af800000|100%|HC|  |TAMS 0x00000000af700000, 0x00000000af700000| Complete 
| 760|0x00000000af800000, 0x00000000af900000, 0x00000000af900000|100%|HC|  |TAMS 0x00000000af800000, 0x00000000af800000| Complete 
| 761|0x00000000af900000, 0x00000000afa00000, 0x00000000afa00000|100%|HC|  |TAMS 0x00000000af900000, 0x00000000af900000| Complete 
| 762|0x00000000afa00000, 0x00000000afb00000, 0x00000000afb00000|100%|HC|  |TAMS 0x00000000afa00000, 0x00000000afa00000| Complete 
| 763|0x00000000afb00000, 0x00000000afc00000, 0x00000000afc00000|100%|HC|  |TAMS 0x00000000afb00000, 0x00000000afb00000| Complete 
| 764|0x00000000afc00000, 0x00000000afd00000, 0x00000000afd00000|100%|HC|  |TAMS 0x00000000afc00000, 0x00000000afc00000| Complete 
| 765|0x00000000afd00000, 0x00000000afe00000, 0x00000000afe00000|100%|HC|  |TAMS 0x00000000afd00000, 0x00000000afd00000| Complete 
| 766|0x00000000afe00000, 0x00000000aff00000, 0x00000000aff00000|100%|HC|  |TAMS 0x00000000afe00000, 0x00000000afe00000| Complete 
| 767|0x00000000aff00000, 0x00000000b0000000, 0x00000000b0000000|100%|HC|  |TAMS 0x00000000aff00000, 0x00000000aff00000| Complete 
| 768|0x00000000b0000000, 0x00000000b0100000, 0x00000000b0100000|100%|HC|  |TAMS 0x00000000b0000000, 0x00000000b0000000| Complete 
| 769|0x00000000b0100000, 0x00000000b0200000, 0x00000000b0200000|100%|HC|  |TAMS 0x00000000b0100000, 0x00000000b0100000| Complete 
| 770|0x00000000b0200000, 0x00000000b0300000, 0x00000000b0300000|100%|HC|  |TAMS 0x00000000b0200000, 0x00000000b0200000| Complete 
| 771|0x00000000b0300000, 0x00000000b0400000, 0x00000000b0400000|100%|HC|  |TAMS 0x00000000b0300000, 0x00000000b0300000| Complete 
| 772|0x00000000b0400000, 0x00000000b0500000, 0x00000000b0500000|100%|HC|  |TAMS 0x00000000b0400000, 0x00000000b0400000| Complete 
| 773|0x00000000b0500000, 0x00000000b0600000, 0x00000000b0600000|100%|HC|  |TAMS 0x00000000b0500000, 0x00000000b0500000| Complete 
| 774|0x00000000b0600000, 0x00000000b0700000, 0x00000000b0700000|100%|HC|  |TAMS 0x00000000b0600000, 0x00000000b0600000| Complete 
| 775|0x00000000b0700000, 0x00000000b0800000, 0x00000000b0800000|100%|HC|  |TAMS 0x00000000b0700000, 0x00000000b0700000| Complete 
| 776|0x00000000b0800000, 0x00000000b0900000, 0x00000000b0900000|100%|HC|  |TAMS 0x00000000b0800000, 0x00000000b0800000| Complete 
| 777|0x00000000b0900000, 0x00000000b0a00000, 0x00000000b0a00000|100%|HC|  |TAMS 0x00000000b0900000, 0x00000000b0900000| Complete 
| 778|0x00000000b0a00000, 0x00000000b0b00000, 0x00000000b0b00000|100%|HC|  |TAMS 0x00000000b0a00000, 0x00000000b0a00000| Complete 
| 779|0x00000000b0b00000, 0x00000000b0c00000, 0x00000000b0c00000|100%|HC|  |TAMS 0x00000000b0b00000, 0x00000000b0b00000| Complete 
| 780|0x00000000b0c00000, 0x00000000b0d00000, 0x00000000b0d00000|100%|HS|  |TAMS 0x00000000b0c00000, 0x00000000b0c00000| Complete 
| 781|0x00000000b0d00000, 0x00000000b0e00000, 0x00000000b0e00000|100%|HC|  |TAMS 0x00000000b0d00000, 0x00000000b0d00000| Complete 
| 782|0x00000000b0e00000, 0x00000000b0f00000, 0x00000000b0f00000|100%|HC|  |TAMS 0x00000000b0e00000, 0x00000000b0e00000| Complete 
| 783|0x00000000b0f00000, 0x00000000b1000000, 0x00000000b1000000|100%|HC|  |TAMS 0x00000000b0f00000, 0x00000000b0f00000| Complete 
| 784|0x00000000b1000000, 0x00000000b1100000, 0x00000000b1100000|100%|HC|  |TAMS 0x00000000b1000000, 0x00000000b1000000| Complete 
| 785|0x00000000b1100000, 0x00000000b1200000, 0x00000000b1200000|100%|HC|  |TAMS 0x00000000b1100000, 0x00000000b1100000| Complete 
| 786|0x00000000b1200000, 0x00000000b1300000, 0x00000000b1300000|100%|HC|  |TAMS 0x00000000b1200000, 0x00000000b1200000| Complete 
| 787|0x00000000b1300000, 0x00000000b1400000, 0x00000000b1400000|100%|HC|  |TAMS 0x00000000b1300000, 0x00000000b1300000| Complete 
| 788|0x00000000b1400000, 0x00000000b1500000, 0x00000000b1500000|100%|HC|  |TAMS 0x00000000b1400000, 0x00000000b1400000| Complete 
| 789|0x00000000b1500000, 0x00000000b1600000, 0x00000000b1600000|100%|HC|  |TAMS 0x00000000b1500000, 0x00000000b1500000| Complete 
| 790|0x00000000b1600000, 0x00000000b1700000, 0x00000000b1700000|100%|HC|  |TAMS 0x00000000b1600000, 0x00000000b1600000| Complete 
| 791|0x00000000b1700000, 0x00000000b1800000, 0x00000000b1800000|100%|HC|  |TAMS 0x00000000b1700000, 0x00000000b1700000| Complete 
| 792|0x00000000b1800000, 0x00000000b1900000, 0x00000000b1900000|100%|HC|  |TAMS 0x00000000b1800000, 0x00000000b1800000| Complete 
| 793|0x00000000b1900000, 0x00000000b1a00000, 0x00000000b1a00000|100%|HC|  |TAMS 0x00000000b1900000, 0x00000000b1900000| Complete 
| 794|0x00000000b1a00000, 0x00000000b1b00000, 0x00000000b1b00000|100%|HC|  |TAMS 0x00000000b1a00000, 0x00000000b1a00000| Complete 
| 795|0x00000000b1b00000, 0x00000000b1c00000, 0x00000000b1c00000|100%|HC|  |TAMS 0x00000000b1b00000, 0x00000000b1b00000| Complete 
| 796|0x00000000b1c00000, 0x00000000b1d00000, 0x00000000b1d00000|100%|HC|  |TAMS 0x00000000b1c00000, 0x00000000b1c00000| Complete 
| 797|0x00000000b1d00000, 0x00000000b1e00000, 0x00000000b1e00000|100%|HC|  |TAMS 0x00000000b1d00000, 0x00000000b1d00000| Complete 
| 798|0x00000000b1e00000, 0x00000000b1f00000, 0x00000000b1f00000|100%|HC|  |TAMS 0x00000000b1e00000, 0x00000000b1e00000| Complete 
| 799|0x00000000b1f00000, 0x00000000b2000000, 0x00000000b2000000|100%|HC|  |TAMS 0x00000000b1f00000, 0x00000000b1f00000| Complete 
| 800|0x00000000b2000000, 0x00000000b2100000, 0x00000000b2100000|100%|HC|  |TAMS 0x00000000b2000000, 0x00000000b2000000| Complete 
| 801|0x00000000b2100000, 0x00000000b2200000, 0x00000000b2200000|100%|HC|  |TAMS 0x00000000b2100000, 0x00000000b2100000| Complete 
| 802|0x00000000b2200000, 0x00000000b2300000, 0x00000000b2300000|100%|HC|  |TAMS 0x00000000b2200000, 0x00000000b2200000| Complete 
| 803|0x00000000b2300000, 0x00000000b2400000, 0x00000000b2400000|100%|HC|  |TAMS 0x00000000b2300000, 0x00000000b2300000| Complete 
| 804|0x00000000b2400000, 0x00000000b2500000, 0x00000000b2500000|100%|HC|  |TAMS 0x00000000b2400000, 0x00000000b2400000| Complete 
| 805|0x00000000b2500000, 0x00000000b2600000, 0x00000000b2600000|100%|HC|  |TAMS 0x00000000b2500000, 0x00000000b2500000| Complete 
| 806|0x00000000b2600000, 0x00000000b2700000, 0x00000000b2700000|100%|HC|  |TAMS 0x00000000b2600000, 0x00000000b2600000| Complete 
| 807|0x00000000b2700000, 0x00000000b2800000, 0x00000000b2800000|100%|HC|  |TAMS 0x00000000b2700000, 0x00000000b2700000| Complete 
| 808|0x00000000b2800000, 0x00000000b2900000, 0x00000000b2900000|100%|HC|  |TAMS 0x00000000b2800000, 0x00000000b2800000| Complete 
| 809|0x00000000b2900000, 0x00000000b2a00000, 0x00000000b2a00000|100%|HC|  |TAMS 0x00000000b2900000, 0x00000000b2900000| Complete 
| 810|0x00000000b2a00000, 0x00000000b2b00000, 0x00000000b2b00000|100%|HC|  |TAMS 0x00000000b2a00000, 0x00000000b2a00000| Complete 
| 811|0x00000000b2b00000, 0x00000000b2c00000, 0x00000000b2c00000|100%|HC|  |TAMS 0x00000000b2b00000, 0x00000000b2b00000| Complete 
| 812|0x00000000b2c00000, 0x00000000b2d00000, 0x00000000b2d00000|100%|HC|  |TAMS 0x00000000b2c00000, 0x00000000b2c00000| Complete 
| 813|0x00000000b2d00000, 0x00000000b2e00000, 0x00000000b2e00000|100%|HC|  |TAMS 0x00000000b2d00000, 0x00000000b2d00000| Complete 
| 814|0x00000000b2e00000, 0x00000000b2f00000, 0x00000000b2f00000|100%|HC|  |TAMS 0x00000000b2e00000, 0x00000000b2e00000| Complete 
| 815|0x00000000b2f00000, 0x00000000b3000000, 0x00000000b3000000|100%|HC|  |TAMS 0x00000000b2f00000, 0x00000000b2f00000| Complete 
| 816|0x00000000b3000000, 0x00000000b3100000, 0x00000000b3100000|100%|HC|  |TAMS 0x00000000b3000000, 0x00000000b3000000| Complete 
| 817|0x00000000b3100000, 0x00000000b3200000, 0x00000000b3200000|100%|HC|  |TAMS 0x00000000b3100000, 0x00000000b3100000| Complete 
| 818|0x00000000b3200000, 0x00000000b3300000, 0x00000000b3300000|100%|HC|  |TAMS 0x00000000b3200000, 0x00000000b3200000| Complete 
| 819|0x00000000b3300000, 0x00000000b3400000, 0x00000000b3400000|100%|HC|  |TAMS 0x00000000b3300000, 0x00000000b3300000| Complete 
| 820|0x00000000b3400000, 0x00000000b3500000, 0x00000000b3500000|100%|HC|  |TAMS 0x00000000b3400000, 0x00000000b3400000| Complete 
| 821|0x00000000b3500000, 0x00000000b3600000, 0x00000000b3600000|100%|HC|  |TAMS 0x00000000b3500000, 0x00000000b3500000| Complete 
| 822|0x00000000b3600000, 0x00000000b3700000, 0x00000000b3700000|100%|HC|  |TAMS 0x00000000b3600000, 0x00000000b3600000| Complete 
| 823|0x00000000b3700000, 0x00000000b3800000, 0x00000000b3800000|100%|HC|  |TAMS 0x00000000b3700000, 0x00000000b3700000| Complete 
| 824|0x00000000b3800000, 0x00000000b3900000, 0x00000000b3900000|100%|HC|  |TAMS 0x00000000b3800000, 0x00000000b3800000| Complete 
| 825|0x00000000b3900000, 0x00000000b3a00000, 0x00000000b3a00000|100%|HC|  |TAMS 0x00000000b3900000, 0x00000000b3900000| Complete 
| 826|0x00000000b3a00000, 0x00000000b3b00000, 0x00000000b3b00000|100%|HC|  |TAMS 0x00000000b3a00000, 0x00000000b3a00000| Complete 
| 827|0x00000000b3b00000, 0x00000000b3c00000, 0x00000000b3c00000|100%|HC|  |TAMS 0x00000000b3b00000, 0x00000000b3b00000| Complete 
| 828|0x00000000b3c00000, 0x00000000b3d00000, 0x00000000b3d00000|100%|HC|  |TAMS 0x00000000b3c00000, 0x00000000b3c00000| Complete 
| 829|0x00000000b3d00000, 0x00000000b3e00000, 0x00000000b3e00000|100%|HC|  |TAMS 0x00000000b3d00000, 0x00000000b3d00000| Complete 
| 830|0x00000000b3e00000, 0x00000000b3f00000, 0x00000000b3f00000|100%|HC|  |TAMS 0x00000000b3e00000, 0x00000000b3e00000| Complete 
| 831|0x00000000b3f00000, 0x00000000b4000000, 0x00000000b4000000|100%|HC|  |TAMS 0x00000000b3f00000, 0x00000000b3f00000| Complete 
| 832|0x00000000b4000000, 0x00000000b4100000, 0x00000000b4100000|100%|HC|  |TAMS 0x00000000b4000000, 0x00000000b4000000| Complete 
| 833|0x00000000b4100000, 0x00000000b4200000, 0x00000000b4200000|100%|HC|  |TAMS 0x00000000b4100000, 0x00000000b4100000| Complete 
| 834|0x00000000b4200000, 0x00000000b4300000, 0x00000000b4300000|100%|HC|  |TAMS 0x00000000b4200000, 0x00000000b4200000| Complete 
| 835|0x00000000b4300000, 0x00000000b4400000, 0x00000000b4400000|100%|HC|  |TAMS 0x00000000b4300000, 0x00000000b4300000| Complete 
| 836|0x00000000b4400000, 0x00000000b4500000, 0x00000000b4500000|100%|HC|  |TAMS 0x00000000b4400000, 0x00000000b4400000| Complete 
| 837|0x00000000b4500000, 0x00000000b4600000, 0x00000000b4600000|100%|HC|  |TAMS 0x00000000b4500000, 0x00000000b4500000| Complete 
| 838|0x00000000b4600000, 0x00000000b4700000, 0x00000000b4700000|100%|HC|  |TAMS 0x00000000b4600000, 0x00000000b4600000| Complete 
| 839|0x00000000b4700000, 0x00000000b4800000, 0x00000000b4800000|100%|HC|  |TAMS 0x00000000b4700000, 0x00000000b4700000| Complete 
| 840|0x00000000b4800000, 0x00000000b4900000, 0x00000000b4900000|100%|HC|  |TAMS 0x00000000b4800000, 0x00000000b4800000| Complete 
| 841|0x00000000b4900000, 0x00000000b4a00000, 0x00000000b4a00000|100%|HC|  |TAMS 0x00000000b4900000, 0x00000000b4900000| Complete 
| 842|0x00000000b4a00000, 0x00000000b4b00000, 0x00000000b4b00000|100%|HC|  |TAMS 0x00000000b4a00000, 0x00000000b4a00000| Complete 
| 843|0x00000000b4b00000, 0x00000000b4c00000, 0x00000000b4c00000|100%|HC|  |TAMS 0x00000000b4b00000, 0x00000000b4b00000| Complete 
| 844|0x00000000b4c00000, 0x00000000b4d00000, 0x00000000b4d00000|100%|HC|  |TAMS 0x00000000b4c00000, 0x00000000b4c00000| Complete 
| 845|0x00000000b4d00000, 0x00000000b4e00000, 0x00000000b4e00000|100%|HC|  |TAMS 0x00000000b4d00000, 0x00000000b4d00000| Complete 
| 846|0x00000000b4e00000, 0x00000000b4f00000, 0x00000000b4f00000|100%|HC|  |TAMS 0x00000000b4e00000, 0x00000000b4e00000| Complete 
| 847|0x00000000b4f00000, 0x00000000b5000000, 0x00000000b5000000|100%|HC|  |TAMS 0x00000000b4f00000, 0x00000000b4f00000| Complete 
| 848|0x00000000b5000000, 0x00000000b5100000, 0x00000000b5100000|100%|HC|  |TAMS 0x00000000b5000000, 0x00000000b5000000| Complete 
| 849|0x00000000b5100000, 0x00000000b5200000, 0x00000000b5200000|100%|HC|  |TAMS 0x00000000b5100000, 0x00000000b5100000| Complete 
| 850|0x00000000b5200000, 0x00000000b5300000, 0x00000000b5300000|100%|HC|  |TAMS 0x00000000b5200000, 0x00000000b5200000| Complete 
| 851|0x00000000b5300000, 0x00000000b5400000, 0x00000000b5400000|100%|HC|  |TAMS 0x00000000b5300000, 0x00000000b5300000| Complete 
| 852|0x00000000b5400000, 0x00000000b5500000, 0x00000000b5500000|100%|HC|  |TAMS 0x00000000b5400000, 0x00000000b5400000| Complete 
| 853|0x00000000b5500000, 0x00000000b5600000, 0x00000000b5600000|100%|HC|  |TAMS 0x00000000b5500000, 0x00000000b5500000| Complete 
| 854|0x00000000b5600000, 0x00000000b5700000, 0x00000000b5700000|100%|HC|  |TAMS 0x00000000b5600000, 0x00000000b5600000| Complete 
| 855|0x00000000b5700000, 0x00000000b5800000, 0x00000000b5800000|100%|HC|  |TAMS 0x00000000b5700000, 0x00000000b5700000| Complete 
| 856|0x00000000b5800000, 0x00000000b5900000, 0x00000000b5900000|100%|HC|  |TAMS 0x00000000b5800000, 0x00000000b5800000| Complete 
| 857|0x00000000b5900000, 0x00000000b5a00000, 0x00000000b5a00000|100%|HC|  |TAMS 0x00000000b5900000, 0x00000000b5900000| Complete 
| 858|0x00000000b5a00000, 0x00000000b5b00000, 0x00000000b5b00000|100%|HC|  |TAMS 0x00000000b5a00000, 0x00000000b5a00000| Complete 
| 859|0x00000000b5b00000, 0x00000000b5c00000, 0x00000000b5c00000|100%|HC|  |TAMS 0x00000000b5b00000, 0x00000000b5b00000| Complete 
| 860|0x00000000b5c00000, 0x00000000b5d00000, 0x00000000b5d00000|100%|HC|  |TAMS 0x00000000b5c00000, 0x00000000b5c00000| Complete 
| 861|0x00000000b5d00000, 0x00000000b5e00000, 0x00000000b5e00000|100%|HC|  |TAMS 0x00000000b5d00000, 0x00000000b5d00000| Complete 
| 862|0x00000000b5e00000, 0x00000000b5f00000, 0x00000000b5f00000|100%|HC|  |TAMS 0x00000000b5e00000, 0x00000000b5e00000| Complete 
| 863|0x00000000b5f00000, 0x00000000b6000000, 0x00000000b6000000|100%|HC|  |TAMS 0x00000000b5f00000, 0x00000000b5f00000| Complete 
| 864|0x00000000b6000000, 0x00000000b6100000, 0x00000000b6100000|100%|HC|  |TAMS 0x00000000b6000000, 0x00000000b6000000| Complete 
| 865|0x00000000b6100000, 0x00000000b6200000, 0x00000000b6200000|100%|HC|  |TAMS 0x00000000b6100000, 0x00000000b6100000| Complete 
| 866|0x00000000b6200000, 0x00000000b6300000, 0x00000000b6300000|100%|HC|  |TAMS 0x00000000b6200000, 0x00000000b6200000| Complete 
| 867|0x00000000b6300000, 0x00000000b6400000, 0x00000000b6400000|100%|HC|  |TAMS 0x00000000b6300000, 0x00000000b6300000| Complete 
| 868|0x00000000b6400000, 0x00000000b6500000, 0x00000000b6500000|100%|HC|  |TAMS 0x00000000b6400000, 0x00000000b6400000| Complete 
| 869|0x00000000b6500000, 0x00000000b6600000, 0x00000000b6600000|100%|HC|  |TAMS 0x00000000b6500000, 0x00000000b6500000| Complete 
| 870|0x00000000b6600000, 0x00000000b6700000, 0x00000000b6700000|100%|HC|  |TAMS 0x00000000b6600000, 0x00000000b6600000| Complete 
| 871|0x00000000b6700000, 0x00000000b6800000, 0x00000000b6800000|100%|HC|  |TAMS 0x00000000b6700000, 0x00000000b6700000| Complete 
| 872|0x00000000b6800000, 0x00000000b6900000, 0x00000000b6900000|100%|HC|  |TAMS 0x00000000b6800000, 0x00000000b6800000| Complete 
| 873|0x00000000b6900000, 0x00000000b6a00000, 0x00000000b6a00000|100%|HC|  |TAMS 0x00000000b6900000, 0x00000000b6900000| Complete 
| 874|0x00000000b6a00000, 0x00000000b6b00000, 0x00000000b6b00000|100%|HC|  |TAMS 0x00000000b6a00000, 0x00000000b6a00000| Complete 
| 875|0x00000000b6b00000, 0x00000000b6c00000, 0x00000000b6c00000|100%|HC|  |TAMS 0x00000000b6b00000, 0x00000000b6b00000| Complete 
| 876|0x00000000b6c00000, 0x00000000b6d00000, 0x00000000b6d00000|100%|HC|  |TAMS 0x00000000b6c00000, 0x00000000b6c00000| Complete 
| 877|0x00000000b6d00000, 0x00000000b6e00000, 0x00000000b6e00000|100%|HC|  |TAMS 0x00000000b6d00000, 0x00000000b6d00000| Complete 
| 878|0x00000000b6e00000, 0x00000000b6f00000, 0x00000000b6f00000|100%|HC|  |TAMS 0x00000000b6e00000, 0x00000000b6e00000| Complete 
| 879|0x00000000b6f00000, 0x00000000b7000000, 0x00000000b7000000|100%|HC|  |TAMS 0x00000000b6f00000, 0x00000000b6f00000| Complete 
| 880|0x00000000b7000000, 0x00000000b7100000, 0x00000000b7100000|100%|HC|  |TAMS 0x00000000b7000000, 0x00000000b7000000| Complete 
| 881|0x00000000b7100000, 0x00000000b7200000, 0x00000000b7200000|100%|HC|  |TAMS 0x00000000b7100000, 0x00000000b7100000| Complete 
| 882|0x00000000b7200000, 0x00000000b7300000, 0x00000000b7300000|100%|HC|  |TAMS 0x00000000b7200000, 0x00000000b7200000| Complete 
| 883|0x00000000b7300000, 0x00000000b7400000, 0x00000000b7400000|100%|HC|  |TAMS 0x00000000b7300000, 0x00000000b7300000| Complete 
| 884|0x00000000b7400000, 0x00000000b7500000, 0x00000000b7500000|100%|HC|  |TAMS 0x00000000b7400000, 0x00000000b7400000| Complete 
| 885|0x00000000b7500000, 0x00000000b7600000, 0x00000000b7600000|100%|HC|  |TAMS 0x00000000b7500000, 0x00000000b7500000| Complete 
| 886|0x00000000b7600000, 0x00000000b7700000, 0x00000000b7700000|100%|HC|  |TAMS 0x00000000b7600000, 0x00000000b7600000| Complete 
| 887|0x00000000b7700000, 0x00000000b7800000, 0x00000000b7800000|100%|HC|  |TAMS 0x00000000b7700000, 0x00000000b7700000| Complete 
| 888|0x00000000b7800000, 0x00000000b7900000, 0x00000000b7900000|100%|HC|  |TAMS 0x00000000b7800000, 0x00000000b7800000| Complete 
| 889|0x00000000b7900000, 0x00000000b7a00000, 0x00000000b7a00000|100%|HC|  |TAMS 0x00000000b7900000, 0x00000000b7900000| Complete 
| 890|0x00000000b7a00000, 0x00000000b7b00000, 0x00000000b7b00000|100%|HC|  |TAMS 0x00000000b7a00000, 0x00000000b7a00000| Complete 
| 891|0x00000000b7b00000, 0x00000000b7c00000, 0x00000000b7c00000|100%|HC|  |TAMS 0x00000000b7b00000, 0x00000000b7b00000| Complete 
| 892|0x00000000b7c00000, 0x00000000b7d00000, 0x00000000b7d00000|100%|HC|  |TAMS 0x00000000b7c00000, 0x00000000b7c00000| Complete 
| 893|0x00000000b7d00000, 0x00000000b7e00000, 0x00000000b7e00000|100%|HC|  |TAMS 0x00000000b7d00000, 0x00000000b7d00000| Complete 
| 894|0x00000000b7e00000, 0x00000000b7f00000, 0x00000000b7f00000|100%|HC|  |TAMS 0x00000000b7e00000, 0x00000000b7e00000| Complete 
| 895|0x00000000b7f00000, 0x00000000b8000000, 0x00000000b8000000|100%|HC|  |TAMS 0x00000000b7f00000, 0x00000000b7f00000| Complete 
| 896|0x00000000b8000000, 0x00000000b8100000, 0x00000000b8100000|100%|HC|  |TAMS 0x00000000b8000000, 0x00000000b8000000| Complete 
| 897|0x00000000b8100000, 0x00000000b8200000, 0x00000000b8200000|100%|HC|  |TAMS 0x00000000b8100000, 0x00000000b8100000| Complete 
| 898|0x00000000b8200000, 0x00000000b8300000, 0x00000000b8300000|100%|HC|  |TAMS 0x00000000b8200000, 0x00000000b8200000| Complete 
| 899|0x00000000b8300000, 0x00000000b8400000, 0x00000000b8400000|100%|HC|  |TAMS 0x00000000b8300000, 0x00000000b8300000| Complete 
| 900|0x00000000b8400000, 0x00000000b8500000, 0x00000000b8500000|100%|HC|  |TAMS 0x00000000b8400000, 0x00000000b8400000| Complete 
| 901|0x00000000b8500000, 0x00000000b8600000, 0x00000000b8600000|100%|HC|  |TAMS 0x00000000b8500000, 0x00000000b8500000| Complete 
| 902|0x00000000b8600000, 0x00000000b8700000, 0x00000000b8700000|100%|HC|  |TAMS 0x00000000b8600000, 0x00000000b8600000| Complete 
| 903|0x00000000b8700000, 0x00000000b8800000, 0x00000000b8800000|100%|HC|  |TAMS 0x00000000b8700000, 0x00000000b8700000| Complete 
| 904|0x00000000b8800000, 0x00000000b8900000, 0x00000000b8900000|100%|HC|  |TAMS 0x00000000b8800000, 0x00000000b8800000| Complete 
| 905|0x00000000b8900000, 0x00000000b8a00000, 0x00000000b8a00000|100%|HC|  |TAMS 0x00000000b8900000, 0x00000000b8900000| Complete 
| 906|0x00000000b8a00000, 0x00000000b8b00000, 0x00000000b8b00000|100%|HC|  |TAMS 0x00000000b8a00000, 0x00000000b8a00000| Complete 
| 907|0x00000000b8b00000, 0x00000000b8c00000, 0x00000000b8c00000|100%|HC|  |TAMS 0x00000000b8b00000, 0x00000000b8b00000| Complete 
| 908|0x00000000b8c00000, 0x00000000b8d00000, 0x00000000b8d00000|100%|HC|  |TAMS 0x00000000b8c00000, 0x00000000b8c00000| Complete 
| 909|0x00000000b8d00000, 0x00000000b8e00000, 0x00000000b8e00000|100%|HS|  |TAMS 0x00000000b8d00000, 0x00000000b8d00000| Complete 
| 910|0x00000000b8e00000, 0x00000000b8f00000, 0x00000000b8f00000|100%|HC|  |TAMS 0x00000000b8e00000, 0x00000000b8e00000| Complete 
| 911|0x00000000b8f00000, 0x00000000b9000000, 0x00000000b9000000|100%|HC|  |TAMS 0x00000000b8f00000, 0x00000000b8f00000| Complete 
| 912|0x00000000b9000000, 0x00000000b9100000, 0x00000000b9100000|100%|HC|  |TAMS 0x00000000b9000000, 0x00000000b9000000| Complete 
| 913|0x00000000b9100000, 0x00000000b9200000, 0x00000000b9200000|100%|HC|  |TAMS 0x00000000b9100000, 0x00000000b9100000| Complete 
| 914|0x00000000b9200000, 0x00000000b9300000, 0x00000000b9300000|100%|HC|  |TAMS 0x00000000b9200000, 0x00000000b9200000| Complete 
| 915|0x00000000b9300000, 0x00000000b9400000, 0x00000000b9400000|100%|HC|  |TAMS 0x00000000b9300000, 0x00000000b9300000| Complete 
| 916|0x00000000b9400000, 0x00000000b9500000, 0x00000000b9500000|100%|HC|  |TAMS 0x00000000b9400000, 0x00000000b9400000| Complete 
| 917|0x00000000b9500000, 0x00000000b9600000, 0x00000000b9600000|100%|HC|  |TAMS 0x00000000b9500000, 0x00000000b9500000| Complete 
| 918|0x00000000b9600000, 0x00000000b9700000, 0x00000000b9700000|100%|HC|  |TAMS 0x00000000b9600000, 0x00000000b9600000| Complete 
| 919|0x00000000b9700000, 0x00000000b9800000, 0x00000000b9800000|100%|HC|  |TAMS 0x00000000b9700000, 0x00000000b9700000| Complete 
| 920|0x00000000b9800000, 0x00000000b9900000, 0x00000000b9900000|100%|HC|  |TAMS 0x00000000b9800000, 0x00000000b9800000| Complete 
| 921|0x00000000b9900000, 0x00000000b9a00000, 0x00000000b9a00000|100%|HC|  |TAMS 0x00000000b9900000, 0x00000000b9900000| Complete 
| 922|0x00000000b9a00000, 0x00000000b9b00000, 0x00000000b9b00000|100%|HC|  |TAMS 0x00000000b9a00000, 0x00000000b9a00000| Complete 
| 923|0x00000000b9b00000, 0x00000000b9c00000, 0x00000000b9c00000|100%|HC|  |TAMS 0x00000000b9b00000, 0x00000000b9b00000| Complete 
| 924|0x00000000b9c00000, 0x00000000b9d00000, 0x00000000b9d00000|100%|HC|  |TAMS 0x00000000b9c00000, 0x00000000b9c00000| Complete 
| 925|0x00000000b9d00000, 0x00000000b9e00000, 0x00000000b9e00000|100%|HC|  |TAMS 0x00000000b9d00000, 0x00000000b9d00000| Complete 
| 926|0x00000000b9e00000, 0x00000000b9f00000, 0x00000000b9f00000|100%|HC|  |TAMS 0x00000000b9e00000, 0x00000000b9e00000| Complete 
| 927|0x00000000b9f00000, 0x00000000ba000000, 0x00000000ba000000|100%|HC|  |TAMS 0x00000000b9f00000, 0x00000000b9f00000| Complete 
| 928|0x00000000ba000000, 0x00000000ba100000, 0x00000000ba100000|100%|HC|  |TAMS 0x00000000ba000000, 0x00000000ba000000| Complete 
| 929|0x00000000ba100000, 0x00000000ba200000, 0x00000000ba200000|100%|HC|  |TAMS 0x00000000ba100000, 0x00000000ba100000| Complete 
| 930|0x00000000ba200000, 0x00000000ba300000, 0x00000000ba300000|100%|HC|  |TAMS 0x00000000ba200000, 0x00000000ba200000| Complete 
| 931|0x00000000ba300000, 0x00000000ba400000, 0x00000000ba400000|100%|HC|  |TAMS 0x00000000ba300000, 0x00000000ba300000| Complete 
| 932|0x00000000ba400000, 0x00000000ba500000, 0x00000000ba500000|100%|HC|  |TAMS 0x00000000ba400000, 0x00000000ba400000| Complete 
| 933|0x00000000ba500000, 0x00000000ba600000, 0x00000000ba600000|100%|HC|  |TAMS 0x00000000ba500000, 0x00000000ba500000| Complete 
| 934|0x00000000ba600000, 0x00000000ba700000, 0x00000000ba700000|100%|HC|  |TAMS 0x00000000ba600000, 0x00000000ba600000| Complete 
| 935|0x00000000ba700000, 0x00000000ba800000, 0x00000000ba800000|100%|HC|  |TAMS 0x00000000ba700000, 0x00000000ba700000| Complete 
| 936|0x00000000ba800000, 0x00000000ba900000, 0x00000000ba900000|100%|HC|  |TAMS 0x00000000ba800000, 0x00000000ba800000| Complete 
| 937|0x00000000ba900000, 0x00000000baa00000, 0x00000000baa00000|100%|HC|  |TAMS 0x00000000ba900000, 0x00000000ba900000| Complete 
| 938|0x00000000baa00000, 0x00000000bab00000, 0x00000000bab00000|100%|HC|  |TAMS 0x00000000baa00000, 0x00000000baa00000| Complete 
| 939|0x00000000bab00000, 0x00000000bac00000, 0x00000000bac00000|100%|HC|  |TAMS 0x00000000bab00000, 0x00000000bab00000| Complete 
| 940|0x00000000bac00000, 0x00000000bad00000, 0x00000000bad00000|100%|HC|  |TAMS 0x00000000bac00000, 0x00000000bac00000| Complete 
| 941|0x00000000bad00000, 0x00000000bae00000, 0x00000000bae00000|100%|HC|  |TAMS 0x00000000bad00000, 0x00000000bad00000| Complete 
| 942|0x00000000bae00000, 0x00000000baf00000, 0x00000000baf00000|100%|HC|  |TAMS 0x00000000bae00000, 0x00000000bae00000| Complete 
| 943|0x00000000baf00000, 0x00000000bb000000, 0x00000000bb000000|100%|HC|  |TAMS 0x00000000baf00000, 0x00000000baf00000| Complete 
| 944|0x00000000bb000000, 0x00000000bb100000, 0x00000000bb100000|100%|HC|  |TAMS 0x00000000bb000000, 0x00000000bb000000| Complete 
| 945|0x00000000bb100000, 0x00000000bb200000, 0x00000000bb200000|100%|HC|  |TAMS 0x00000000bb100000, 0x00000000bb100000| Complete 
| 946|0x00000000bb200000, 0x00000000bb300000, 0x00000000bb300000|100%|HC|  |TAMS 0x00000000bb200000, 0x00000000bb200000| Complete 
| 947|0x00000000bb300000, 0x00000000bb400000, 0x00000000bb400000|100%|HC|  |TAMS 0x00000000bb300000, 0x00000000bb300000| Complete 
| 948|0x00000000bb400000, 0x00000000bb500000, 0x00000000bb500000|100%|HC|  |TAMS 0x00000000bb400000, 0x00000000bb400000| Complete 
| 949|0x00000000bb500000, 0x00000000bb600000, 0x00000000bb600000|100%|HC|  |TAMS 0x00000000bb500000, 0x00000000bb500000| Complete 
| 950|0x00000000bb600000, 0x00000000bb700000, 0x00000000bb700000|100%|HC|  |TAMS 0x00000000bb600000, 0x00000000bb600000| Complete 
| 951|0x00000000bb700000, 0x00000000bb800000, 0x00000000bb800000|100%|HC|  |TAMS 0x00000000bb700000, 0x00000000bb700000| Complete 
| 952|0x00000000bb800000, 0x00000000bb900000, 0x00000000bb900000|100%|HC|  |TAMS 0x00000000bb800000, 0x00000000bb800000| Complete 
| 953|0x00000000bb900000, 0x00000000bba00000, 0x00000000bba00000|100%|HC|  |TAMS 0x00000000bb900000, 0x00000000bb900000| Complete 
| 954|0x00000000bba00000, 0x00000000bbb00000, 0x00000000bbb00000|100%|HC|  |TAMS 0x00000000bba00000, 0x00000000bba00000| Complete 
| 955|0x00000000bbb00000, 0x00000000bbc00000, 0x00000000bbc00000|100%|HC|  |TAMS 0x00000000bbb00000, 0x00000000bbb00000| Complete 
| 956|0x00000000bbc00000, 0x00000000bbd00000, 0x00000000bbd00000|100%|HC|  |TAMS 0x00000000bbc00000, 0x00000000bbc00000| Complete 
| 957|0x00000000bbd00000, 0x00000000bbe00000, 0x00000000bbe00000|100%|HC|  |TAMS 0x00000000bbd00000, 0x00000000bbd00000| Complete 
| 958|0x00000000bbe00000, 0x00000000bbf00000, 0x00000000bbf00000|100%|HC|  |TAMS 0x00000000bbe00000, 0x00000000bbe00000| Complete 
| 959|0x00000000bbf00000, 0x00000000bc000000, 0x00000000bc000000|100%|HC|  |TAMS 0x00000000bbf00000, 0x00000000bbf00000| Complete 
| 960|0x00000000bc000000, 0x00000000bc100000, 0x00000000bc100000|100%|HC|  |TAMS 0x00000000bc000000, 0x00000000bc000000| Complete 
| 961|0x00000000bc100000, 0x00000000bc200000, 0x00000000bc200000|100%|HC|  |TAMS 0x00000000bc100000, 0x00000000bc100000| Complete 
| 962|0x00000000bc200000, 0x00000000bc300000, 0x00000000bc300000|100%|HC|  |TAMS 0x00000000bc200000, 0x00000000bc200000| Complete 
| 963|0x00000000bc300000, 0x00000000bc400000, 0x00000000bc400000|100%|HC|  |TAMS 0x00000000bc300000, 0x00000000bc300000| Complete 
| 964|0x00000000bc400000, 0x00000000bc500000, 0x00000000bc500000|100%|HC|  |TAMS 0x00000000bc400000, 0x00000000bc400000| Complete 
| 965|0x00000000bc500000, 0x00000000bc600000, 0x00000000bc600000|100%|HC|  |TAMS 0x00000000bc500000, 0x00000000bc500000| Complete 
| 966|0x00000000bc600000, 0x00000000bc700000, 0x00000000bc700000|100%|HC|  |TAMS 0x00000000bc600000, 0x00000000bc600000| Complete 
| 967|0x00000000bc700000, 0x00000000bc800000, 0x00000000bc800000|100%|HC|  |TAMS 0x00000000bc700000, 0x00000000bc700000| Complete 
| 968|0x00000000bc800000, 0x00000000bc900000, 0x00000000bc900000|100%|HC|  |TAMS 0x00000000bc800000, 0x00000000bc800000| Complete 
| 969|0x00000000bc900000, 0x00000000bca00000, 0x00000000bca00000|100%|HC|  |TAMS 0x00000000bc900000, 0x00000000bc900000| Complete 
| 970|0x00000000bca00000, 0x00000000bcb00000, 0x00000000bcb00000|100%|HC|  |TAMS 0x00000000bca00000, 0x00000000bca00000| Complete 
| 971|0x00000000bcb00000, 0x00000000bcc00000, 0x00000000bcc00000|100%|HC|  |TAMS 0x00000000bcb00000, 0x00000000bcb00000| Complete 
| 972|0x00000000bcc00000, 0x00000000bcd00000, 0x00000000bcd00000|100%|HC|  |TAMS 0x00000000bcc00000, 0x00000000bcc00000| Complete 
| 973|0x00000000bcd00000, 0x00000000bce00000, 0x00000000bce00000|100%|HC|  |TAMS 0x00000000bcd00000, 0x00000000bcd00000| Complete 
| 974|0x00000000bce00000, 0x00000000bcf00000, 0x00000000bcf00000|100%|HC|  |TAMS 0x00000000bce00000, 0x00000000bce00000| Complete 
| 975|0x00000000bcf00000, 0x00000000bd000000, 0x00000000bd000000|100%|HC|  |TAMS 0x00000000bcf00000, 0x00000000bcf00000| Complete 
| 976|0x00000000bd000000, 0x00000000bd100000, 0x00000000bd100000|100%|HC|  |TAMS 0x00000000bd000000, 0x00000000bd000000| Complete 
| 977|0x00000000bd100000, 0x00000000bd200000, 0x00000000bd200000|100%|HC|  |TAMS 0x00000000bd100000, 0x00000000bd100000| Complete 
| 978|0x00000000bd200000, 0x00000000bd300000, 0x00000000bd300000|100%|HC|  |TAMS 0x00000000bd200000, 0x00000000bd200000| Complete 
| 979|0x00000000bd300000, 0x00000000bd400000, 0x00000000bd400000|100%|HC|  |TAMS 0x00000000bd300000, 0x00000000bd300000| Complete 
| 980|0x00000000bd400000, 0x00000000bd500000, 0x00000000bd500000|100%|HS|  |TAMS 0x00000000bd400000, 0x00000000bd400000| Complete 
| 981|0x00000000bd500000, 0x00000000bd600000, 0x00000000bd600000|100%|HC|  |TAMS 0x00000000bd500000, 0x00000000bd500000| Complete 
| 982|0x00000000bd600000, 0x00000000bd700000, 0x00000000bd700000|100%|HC|  |TAMS 0x00000000bd600000, 0x00000000bd600000| Complete 
| 983|0x00000000bd700000, 0x00000000bd800000, 0x00000000bd800000|100%|HC|  |TAMS 0x00000000bd700000, 0x00000000bd700000| Complete 
| 984|0x00000000bd800000, 0x00000000bd900000, 0x00000000bd900000|100%|HC|  |TAMS 0x00000000bd800000, 0x00000000bd800000| Complete 
| 985|0x00000000bd900000, 0x00000000bda00000, 0x00000000bda00000|100%|HC|  |TAMS 0x00000000bd900000, 0x00000000bd900000| Complete 
| 986|0x00000000bda00000, 0x00000000bdb00000, 0x00000000bdb00000|100%|HC|  |TAMS 0x00000000bda00000, 0x00000000bda00000| Complete 
| 987|0x00000000bdb00000, 0x00000000bdc00000, 0x00000000bdc00000|100%|HC|  |TAMS 0x00000000bdb00000, 0x00000000bdb00000| Complete 
| 988|0x00000000bdc00000, 0x00000000bdd00000, 0x00000000bdd00000|100%|HC|  |TAMS 0x00000000bdc00000, 0x00000000bdc00000| Complete 
| 989|0x00000000bdd00000, 0x00000000bde00000, 0x00000000bde00000|100%|HC|  |TAMS 0x00000000bdd00000, 0x00000000bdd00000| Complete 
| 990|0x00000000bde00000, 0x00000000bdf00000, 0x00000000bdf00000|100%|HC|  |TAMS 0x00000000bde00000, 0x00000000bde00000| Complete 
| 991|0x00000000bdf00000, 0x00000000be000000, 0x00000000be000000|100%|HC|  |TAMS 0x00000000bdf00000, 0x00000000bdf00000| Complete 
| 992|0x00000000be000000, 0x00000000be100000, 0x00000000be100000|100%|HC|  |TAMS 0x00000000be000000, 0x00000000be000000| Complete 
| 993|0x00000000be100000, 0x00000000be200000, 0x00000000be200000|100%|HC|  |TAMS 0x00000000be100000, 0x00000000be100000| Complete 
| 994|0x00000000be200000, 0x00000000be300000, 0x00000000be300000|100%|HC|  |TAMS 0x00000000be200000, 0x00000000be200000| Complete 
| 995|0x00000000be300000, 0x00000000be400000, 0x00000000be400000|100%|HC|  |TAMS 0x00000000be300000, 0x00000000be300000| Complete 
| 996|0x00000000be400000, 0x00000000be500000, 0x00000000be500000|100%|HC|  |TAMS 0x00000000be400000, 0x00000000be400000| Complete 
| 997|0x00000000be500000, 0x00000000be600000, 0x00000000be600000|100%|HC|  |TAMS 0x00000000be500000, 0x00000000be500000| Complete 
| 998|0x00000000be600000, 0x00000000be700000, 0x00000000be700000|100%|HC|  |TAMS 0x00000000be600000, 0x00000000be600000| Complete 
| 999|0x00000000be700000, 0x00000000be800000, 0x00000000be800000|100%|HC|  |TAMS 0x00000000be700000, 0x00000000be700000| Complete 
|1000|0x00000000be800000, 0x00000000be900000, 0x00000000be900000|100%|HC|  |TAMS 0x00000000be800000, 0x00000000be800000| Complete 
|1001|0x00000000be900000, 0x00000000bea00000, 0x00000000bea00000|100%|HC|  |TAMS 0x00000000be900000, 0x00000000be900000| Complete 
|1002|0x00000000bea00000, 0x00000000beb00000, 0x00000000beb00000|100%|HC|  |TAMS 0x00000000bea00000, 0x00000000bea00000| Complete 
|1003|0x00000000beb00000, 0x00000000bec00000, 0x00000000bec00000|100%|HC|  |TAMS 0x00000000beb00000, 0x00000000beb00000| Complete 
|1004|0x00000000bec00000, 0x00000000bed00000, 0x00000000bed00000|100%|HC|  |TAMS 0x00000000bec00000, 0x00000000bec00000| Complete 
|1005|0x00000000bed00000, 0x00000000bee00000, 0x00000000bee00000|100%|HC|  |TAMS 0x00000000bed00000, 0x00000000bed00000| Complete 
|1006|0x00000000bee00000, 0x00000000bef00000, 0x00000000bef00000|100%|HC|  |TAMS 0x00000000bee00000, 0x00000000bee00000| Complete 
|1007|0x00000000bef00000, 0x00000000bf000000, 0x00000000bf000000|100%|HC|  |TAMS 0x00000000bef00000, 0x00000000bef00000| Complete 
|1008|0x00000000bf000000, 0x00000000bf100000, 0x00000000bf100000|100%|HC|  |TAMS 0x00000000bf000000, 0x00000000bf000000| Complete 
|1009|0x00000000bf100000, 0x00000000bf200000, 0x00000000bf200000|100%|HC|  |TAMS 0x00000000bf100000, 0x00000000bf100000| Complete 
|1010|0x00000000bf200000, 0x00000000bf300000, 0x00000000bf300000|100%|HC|  |TAMS 0x00000000bf200000, 0x00000000bf200000| Complete 
|1011|0x00000000bf300000, 0x00000000bf400000, 0x00000000bf400000|100%|HC|  |TAMS 0x00000000bf300000, 0x00000000bf300000| Complete 
|1012|0x00000000bf400000, 0x00000000bf500000, 0x00000000bf500000|100%|HC|  |TAMS 0x00000000bf400000, 0x00000000bf400000| Complete 
|1013|0x00000000bf500000, 0x00000000bf600000, 0x00000000bf600000|100%|HS|  |TAMS 0x00000000bf500000, 0x00000000bf500000| Complete 
|1014|0x00000000bf600000, 0x00000000bf700000, 0x00000000bf700000|100%|HC|  |TAMS 0x00000000bf600000, 0x00000000bf600000| Complete 
|1015|0x00000000bf700000, 0x00000000bf800000, 0x00000000bf800000|100%|HC|  |TAMS 0x00000000bf700000, 0x00000000bf700000| Complete 
|1016|0x00000000bf800000, 0x00000000bf900000, 0x00000000bf900000|100%|HC|  |TAMS 0x00000000bf800000, 0x00000000bf800000| Complete 
|1017|0x00000000bf900000, 0x00000000bfa00000, 0x00000000bfa00000|100%|HC|  |TAMS 0x00000000bf900000, 0x00000000bf900000| Complete 
|1018|0x00000000bfa00000, 0x00000000bfb00000, 0x00000000bfb00000|100%|HC|  |TAMS 0x00000000bfa00000, 0x00000000bfa00000| Complete 
|1019|0x00000000bfb00000, 0x00000000bfc00000, 0x00000000bfc00000|100%|HC|  |TAMS 0x00000000bfb00000, 0x00000000bfb00000| Complete 
|1020|0x00000000bfc00000, 0x00000000bfd00000, 0x00000000bfd00000|100%|HC|  |TAMS 0x00000000bfc00000, 0x00000000bfc00000| Complete 
|1021|0x00000000bfd00000, 0x00000000bfe00000, 0x00000000bfe00000|100%|HC|  |TAMS 0x00000000bfd00000, 0x00000000bfd00000| Complete 
|1022|0x00000000bfe00000, 0x00000000bff00000, 0x00000000bff00000|100%|HC|  |TAMS 0x00000000bfe00000, 0x00000000bfe00000| Complete 
|1023|0x00000000bff00000, 0x00000000c0000000, 0x00000000c0000000|100%|HC|  |TAMS 0x00000000bff00000, 0x00000000bff00000| Complete 
|1024|0x00000000c0000000, 0x00000000c0100000, 0x00000000c0100000|100%|HC|  |TAMS 0x00000000c0000000, 0x00000000c0000000| Complete 
|1025|0x00000000c0100000, 0x00000000c0200000, 0x00000000c0200000|100%|HC|  |TAMS 0x00000000c0100000, 0x00000000c0100000| Complete 
|1026|0x00000000c0200000, 0x00000000c0300000, 0x00000000c0300000|100%|HC|  |TAMS 0x00000000c0200000, 0x00000000c0200000| Complete 
|1027|0x00000000c0300000, 0x00000000c0400000, 0x00000000c0400000|100%|HC|  |TAMS 0x00000000c0300000, 0x00000000c0300000| Complete 
|1028|0x00000000c0400000, 0x00000000c0500000, 0x00000000c0500000|100%|HC|  |TAMS 0x00000000c0400000, 0x00000000c0400000| Complete 
|1029|0x00000000c0500000, 0x00000000c0600000, 0x00000000c0600000|100%|HC|  |TAMS 0x00000000c0500000, 0x00000000c0500000| Complete 
|1030|0x00000000c0600000, 0x00000000c0700000, 0x00000000c0700000|100%|HC|  |TAMS 0x00000000c0600000, 0x00000000c0600000| Complete 
|1031|0x00000000c0700000, 0x00000000c0800000, 0x00000000c0800000|100%|HC|  |TAMS 0x00000000c0700000, 0x00000000c0700000| Complete 
|1032|0x00000000c0800000, 0x00000000c0900000, 0x00000000c0900000|100%|HC|  |TAMS 0x00000000c0800000, 0x00000000c0800000| Complete 
|1033|0x00000000c0900000, 0x00000000c0a00000, 0x00000000c0a00000|100%|HC|  |TAMS 0x00000000c0900000, 0x00000000c0900000| Complete 
|1034|0x00000000c0a00000, 0x00000000c0b00000, 0x00000000c0b00000|100%|HC|  |TAMS 0x00000000c0a00000, 0x00000000c0a00000| Complete 
|1035|0x00000000c0b00000, 0x00000000c0c00000, 0x00000000c0c00000|100%|HC|  |TAMS 0x00000000c0b00000, 0x00000000c0b00000| Complete 
|1036|0x00000000c0c00000, 0x00000000c0d00000, 0x00000000c0d00000|100%|HC|  |TAMS 0x00000000c0c00000, 0x00000000c0c00000| Complete 
|1037|0x00000000c0d00000, 0x00000000c0e00000, 0x00000000c0e00000|100%|HC|  |TAMS 0x00000000c0d00000, 0x00000000c0d00000| Complete 
|1038|0x00000000c0e00000, 0x00000000c0f00000, 0x00000000c0f00000|100%|HC|  |TAMS 0x00000000c0e00000, 0x00000000c0e00000| Complete 
|1039|0x00000000c0f00000, 0x00000000c1000000, 0x00000000c1000000|100%|HC|  |TAMS 0x00000000c0f00000, 0x00000000c0f00000| Complete 
|1040|0x00000000c1000000, 0x00000000c1100000, 0x00000000c1100000|100%|HC|  |TAMS 0x00000000c1000000, 0x00000000c1000000| Complete 
|1041|0x00000000c1100000, 0x00000000c1200000, 0x00000000c1200000|100%|HC|  |TAMS 0x00000000c1100000, 0x00000000c1100000| Complete 
|1042|0x00000000c1200000, 0x00000000c1300000, 0x00000000c1300000|100%|HC|  |TAMS 0x00000000c1200000, 0x00000000c1200000| Complete 
|1043|0x00000000c1300000, 0x00000000c1400000, 0x00000000c1400000|100%|HC|  |TAMS 0x00000000c1300000, 0x00000000c1300000| Complete 
|1044|0x00000000c1400000, 0x00000000c1500000, 0x00000000c1500000|100%|HC|  |TAMS 0x00000000c1400000, 0x00000000c1400000| Complete 
|1045|0x00000000c1500000, 0x00000000c1600000, 0x00000000c1600000|100%|HC|  |TAMS 0x00000000c1500000, 0x00000000c1500000| Complete 
|1046|0x00000000c1600000, 0x00000000c1700000, 0x00000000c1700000|100%|HC|  |TAMS 0x00000000c1600000, 0x00000000c1600000| Complete 
|1047|0x00000000c1700000, 0x00000000c1800000, 0x00000000c1800000|100%|HC|  |TAMS 0x00000000c1700000, 0x00000000c1700000| Complete 
|1048|0x00000000c1800000, 0x00000000c1900000, 0x00000000c1900000|100%|HC|  |TAMS 0x00000000c1800000, 0x00000000c1800000| Complete 
|1049|0x00000000c1900000, 0x00000000c1a00000, 0x00000000c1a00000|100%|HC|  |TAMS 0x00000000c1900000, 0x00000000c1900000| Complete 
|1050|0x00000000c1a00000, 0x00000000c1b00000, 0x00000000c1b00000|100%|HC|  |TAMS 0x00000000c1a00000, 0x00000000c1a00000| Complete 
|1051|0x00000000c1b00000, 0x00000000c1c00000, 0x00000000c1c00000|100%|HC|  |TAMS 0x00000000c1b00000, 0x00000000c1b00000| Complete 
|1052|0x00000000c1c00000, 0x00000000c1d00000, 0x00000000c1d00000|100%|HC|  |TAMS 0x00000000c1c00000, 0x00000000c1c00000| Complete 
|1053|0x00000000c1d00000, 0x00000000c1e00000, 0x00000000c1e00000|100%|HC|  |TAMS 0x00000000c1d00000, 0x00000000c1d00000| Complete 
|1054|0x00000000c1e00000, 0x00000000c1f00000, 0x00000000c1f00000|100%|HC|  |TAMS 0x00000000c1e00000, 0x00000000c1e00000| Complete 
|1055|0x00000000c1f00000, 0x00000000c2000000, 0x00000000c2000000|100%|HC|  |TAMS 0x00000000c1f00000, 0x00000000c1f00000| Complete 
|1056|0x00000000c2000000, 0x00000000c2100000, 0x00000000c2100000|100%|HC|  |TAMS 0x00000000c2000000, 0x00000000c2000000| Complete 
|1057|0x00000000c2100000, 0x00000000c2200000, 0x00000000c2200000|100%|HC|  |TAMS 0x00000000c2100000, 0x00000000c2100000| Complete 
|1058|0x00000000c2200000, 0x00000000c2300000, 0x00000000c2300000|100%|HC|  |TAMS 0x00000000c2200000, 0x00000000c2200000| Complete 
|1059|0x00000000c2300000, 0x00000000c2400000, 0x00000000c2400000|100%|HC|  |TAMS 0x00000000c2300000, 0x00000000c2300000| Complete 
|1060|0x00000000c2400000, 0x00000000c2500000, 0x00000000c2500000|100%|HC|  |TAMS 0x00000000c2400000, 0x00000000c2400000| Complete 
|1061|0x00000000c2500000, 0x00000000c2600000, 0x00000000c2600000|100%|HC|  |TAMS 0x00000000c2500000, 0x00000000c2500000| Complete 
|1062|0x00000000c2600000, 0x00000000c2700000, 0x00000000c2700000|100%|HC|  |TAMS 0x00000000c2600000, 0x00000000c2600000| Complete 
|1063|0x00000000c2700000, 0x00000000c2800000, 0x00000000c2800000|100%|HC|  |TAMS 0x00000000c2700000, 0x00000000c2700000| Complete 
|1064|0x00000000c2800000, 0x00000000c2900000, 0x00000000c2900000|100%|HC|  |TAMS 0x00000000c2800000, 0x00000000c2800000| Complete 
|1065|0x00000000c2900000, 0x00000000c2a00000, 0x00000000c2a00000|100%|HC|  |TAMS 0x00000000c2900000, 0x00000000c2900000| Complete 
|1066|0x00000000c2a00000, 0x00000000c2b00000, 0x00000000c2b00000|100%|HC|  |TAMS 0x00000000c2a00000, 0x00000000c2a00000| Complete 
|1067|0x00000000c2b00000, 0x00000000c2c00000, 0x00000000c2c00000|100%|HC|  |TAMS 0x00000000c2b00000, 0x00000000c2b00000| Complete 
|1068|0x00000000c2c00000, 0x00000000c2d00000, 0x00000000c2d00000|100%|HC|  |TAMS 0x00000000c2c00000, 0x00000000c2c00000| Complete 
|1069|0x00000000c2d00000, 0x00000000c2e00000, 0x00000000c2e00000|100%|HC|  |TAMS 0x00000000c2d00000, 0x00000000c2d00000| Complete 
|1070|0x00000000c2e00000, 0x00000000c2f00000, 0x00000000c2f00000|100%|HC|  |TAMS 0x00000000c2e00000, 0x00000000c2e00000| Complete 
|1071|0x00000000c2f00000, 0x00000000c3000000, 0x00000000c3000000|100%|HC|  |TAMS 0x00000000c2f00000, 0x00000000c2f00000| Complete 
|1072|0x00000000c3000000, 0x00000000c3100000, 0x00000000c3100000|100%|HC|  |TAMS 0x00000000c3000000, 0x00000000c3000000| Complete 
|1073|0x00000000c3100000, 0x00000000c3200000, 0x00000000c3200000|100%|HC|  |TAMS 0x00000000c3100000, 0x00000000c3100000| Complete 
|1074|0x00000000c3200000, 0x00000000c3300000, 0x00000000c3300000|100%|HC|  |TAMS 0x00000000c3200000, 0x00000000c3200000| Complete 
|1075|0x00000000c3300000, 0x00000000c3400000, 0x00000000c3400000|100%|HC|  |TAMS 0x00000000c3300000, 0x00000000c3300000| Complete 
|1076|0x00000000c3400000, 0x00000000c3500000, 0x00000000c3500000|100%|HC|  |TAMS 0x00000000c3400000, 0x00000000c3400000| Complete 
|1077|0x00000000c3500000, 0x00000000c3600000, 0x00000000c3600000|100%|HC|  |TAMS 0x00000000c3500000, 0x00000000c3500000| Complete 
|1078|0x00000000c3600000, 0x00000000c3700000, 0x00000000c3700000|100%|HS|  |TAMS 0x00000000c3600000, 0x00000000c3600000| Complete 
|1079|0x00000000c3700000, 0x00000000c3800000, 0x00000000c3800000|100%|HC|  |TAMS 0x00000000c3700000, 0x00000000c3700000| Complete 
|1080|0x00000000c3800000, 0x00000000c3900000, 0x00000000c3900000|100%|HC|  |TAMS 0x00000000c3800000, 0x00000000c3800000| Complete 
|1081|0x00000000c3900000, 0x00000000c3a00000, 0x00000000c3a00000|100%|HC|  |TAMS 0x00000000c3900000, 0x00000000c3900000| Complete 
|1082|0x00000000c3a00000, 0x00000000c3b00000, 0x00000000c3b00000|100%|HC|  |TAMS 0x00000000c3a00000, 0x00000000c3a00000| Complete 
|1083|0x00000000c3b00000, 0x00000000c3c00000, 0x00000000c3c00000|100%|HC|  |TAMS 0x00000000c3b00000, 0x00000000c3b00000| Complete 
|1084|0x00000000c3c00000, 0x00000000c3d00000, 0x00000000c3d00000|100%|HC|  |TAMS 0x00000000c3c00000, 0x00000000c3c00000| Complete 
|1085|0x00000000c3d00000, 0x00000000c3e00000, 0x00000000c3e00000|100%|HC|  |TAMS 0x00000000c3d00000, 0x00000000c3d00000| Complete 
|1086|0x00000000c3e00000, 0x00000000c3f00000, 0x00000000c3f00000|100%|HC|  |TAMS 0x00000000c3e00000, 0x00000000c3e00000| Complete 
|1087|0x00000000c3f00000, 0x00000000c4000000, 0x00000000c4000000|100%|HC|  |TAMS 0x00000000c3f00000, 0x00000000c3f00000| Complete 
|1088|0x00000000c4000000, 0x00000000c4100000, 0x00000000c4100000|100%|HC|  |TAMS 0x00000000c4000000, 0x00000000c4000000| Complete 
|1089|0x00000000c4100000, 0x00000000c4200000, 0x00000000c4200000|100%|HC|  |TAMS 0x00000000c4100000, 0x00000000c4100000| Complete 
|1090|0x00000000c4200000, 0x00000000c4300000, 0x00000000c4300000|100%|HC|  |TAMS 0x00000000c4200000, 0x00000000c4200000| Complete 
|1091|0x00000000c4300000, 0x00000000c4400000, 0x00000000c4400000|100%|HC|  |TAMS 0x00000000c4300000, 0x00000000c4300000| Complete 
|1092|0x00000000c4400000, 0x00000000c4500000, 0x00000000c4500000|100%|HC|  |TAMS 0x00000000c4400000, 0x00000000c4400000| Complete 
|1093|0x00000000c4500000, 0x00000000c4600000, 0x00000000c4600000|100%|HC|  |TAMS 0x00000000c4500000, 0x00000000c4500000| Complete 
|1094|0x00000000c4600000, 0x00000000c4700000, 0x00000000c4700000|100%|HC|  |TAMS 0x00000000c4600000, 0x00000000c4600000| Complete 
|1095|0x00000000c4700000, 0x00000000c4800000, 0x00000000c4800000|100%|HC|  |TAMS 0x00000000c4700000, 0x00000000c4700000| Complete 
|1096|0x00000000c4800000, 0x00000000c4900000, 0x00000000c4900000|100%|HC|  |TAMS 0x00000000c4800000, 0x00000000c4800000| Complete 
|1097|0x00000000c4900000, 0x00000000c4a00000, 0x00000000c4a00000|100%|HC|  |TAMS 0x00000000c4900000, 0x00000000c4900000| Complete 
|1098|0x00000000c4a00000, 0x00000000c4b00000, 0x00000000c4b00000|100%|HC|  |TAMS 0x00000000c4a00000, 0x00000000c4a00000| Complete 
|1099|0x00000000c4b00000, 0x00000000c4c00000, 0x00000000c4c00000|100%|HC|  |TAMS 0x00000000c4b00000, 0x00000000c4b00000| Complete 
|1100|0x00000000c4c00000, 0x00000000c4d00000, 0x00000000c4d00000|100%|HC|  |TAMS 0x00000000c4c00000, 0x00000000c4c00000| Complete 
|1101|0x00000000c4d00000, 0x00000000c4e00000, 0x00000000c4e00000|100%|HC|  |TAMS 0x00000000c4d00000, 0x00000000c4d00000| Complete 
|1102|0x00000000c4e00000, 0x00000000c4f00000, 0x00000000c4f00000|100%|HC|  |TAMS 0x00000000c4e00000, 0x00000000c4e00000| Complete 
|1103|0x00000000c4f00000, 0x00000000c5000000, 0x00000000c5000000|100%|HC|  |TAMS 0x00000000c4f00000, 0x00000000c4f00000| Complete 
|1104|0x00000000c5000000, 0x00000000c5100000, 0x00000000c5100000|100%|HC|  |TAMS 0x00000000c5000000, 0x00000000c5000000| Complete 
|1105|0x00000000c5100000, 0x00000000c5200000, 0x00000000c5200000|100%|HC|  |TAMS 0x00000000c5100000, 0x00000000c5100000| Complete 
|1106|0x00000000c5200000, 0x00000000c5300000, 0x00000000c5300000|100%|HC|  |TAMS 0x00000000c5200000, 0x00000000c5200000| Complete 
|1107|0x00000000c5300000, 0x00000000c5400000, 0x00000000c5400000|100%|HC|  |TAMS 0x00000000c5300000, 0x00000000c5300000| Complete 
|1108|0x00000000c5400000, 0x00000000c5500000, 0x00000000c5500000|100%|HC|  |TAMS 0x00000000c5400000, 0x00000000c5400000| Complete 
|1109|0x00000000c5500000, 0x00000000c5600000, 0x00000000c5600000|100%|HC|  |TAMS 0x00000000c5500000, 0x00000000c5500000| Complete 
|1110|0x00000000c5600000, 0x00000000c5700000, 0x00000000c5700000|100%|HC|  |TAMS 0x00000000c5600000, 0x00000000c5600000| Complete 
|1111|0x00000000c5700000, 0x00000000c5800000, 0x00000000c5800000|100%|HC|  |TAMS 0x00000000c5700000, 0x00000000c5700000| Complete 
|1112|0x00000000c5800000, 0x00000000c5900000, 0x00000000c5900000|100%|HC|  |TAMS 0x00000000c5800000, 0x00000000c5800000| Complete 
|1113|0x00000000c5900000, 0x00000000c5a00000, 0x00000000c5a00000|100%|HC|  |TAMS 0x00000000c5900000, 0x00000000c5900000| Complete 
|1114|0x00000000c5a00000, 0x00000000c5b00000, 0x00000000c5b00000|100%|HC|  |TAMS 0x00000000c5a00000, 0x00000000c5a00000| Complete 
|1115|0x00000000c5b00000, 0x00000000c5c00000, 0x00000000c5c00000|100%|HC|  |TAMS 0x00000000c5b00000, 0x00000000c5b00000| Complete 
|1116|0x00000000c5c00000, 0x00000000c5d00000, 0x00000000c5d00000|100%|HC|  |TAMS 0x00000000c5c00000, 0x00000000c5c00000| Complete 
|1117|0x00000000c5d00000, 0x00000000c5e00000, 0x00000000c5e00000|100%|HC|  |TAMS 0x00000000c5d00000, 0x00000000c5d00000| Complete 
|1118|0x00000000c5e00000, 0x00000000c5f00000, 0x00000000c5f00000|100%|HC|  |TAMS 0x00000000c5e00000, 0x00000000c5e00000| Complete 
|1119|0x00000000c5f00000, 0x00000000c6000000, 0x00000000c6000000|100%|HC|  |TAMS 0x00000000c5f00000, 0x00000000c5f00000| Complete 
|1120|0x00000000c6000000, 0x00000000c6100000, 0x00000000c6100000|100%|HC|  |TAMS 0x00000000c6000000, 0x00000000c6000000| Complete 
|1121|0x00000000c6100000, 0x00000000c6200000, 0x00000000c6200000|100%|HC|  |TAMS 0x00000000c6100000, 0x00000000c6100000| Complete 
|1122|0x00000000c6200000, 0x00000000c6300000, 0x00000000c6300000|100%|HC|  |TAMS 0x00000000c6200000, 0x00000000c6200000| Complete 
|1123|0x00000000c6300000, 0x00000000c6400000, 0x00000000c6400000|100%|HC|  |TAMS 0x00000000c6300000, 0x00000000c6300000| Complete 
|1124|0x00000000c6400000, 0x00000000c6500000, 0x00000000c6500000|100%|HC|  |TAMS 0x00000000c6400000, 0x00000000c6400000| Complete 
|1125|0x00000000c6500000, 0x00000000c6600000, 0x00000000c6600000|100%|HC|  |TAMS 0x00000000c6500000, 0x00000000c6500000| Complete 
|1126|0x00000000c6600000, 0x00000000c6700000, 0x00000000c6700000|100%|HC|  |TAMS 0x00000000c6600000, 0x00000000c6600000| Complete 
|1127|0x00000000c6700000, 0x00000000c6800000, 0x00000000c6800000|100%|HC|  |TAMS 0x00000000c6700000, 0x00000000c6700000| Complete 
|1128|0x00000000c6800000, 0x00000000c6900000, 0x00000000c6900000|100%|HC|  |TAMS 0x00000000c6800000, 0x00000000c6800000| Complete 
|1129|0x00000000c6900000, 0x00000000c6a00000, 0x00000000c6a00000|100%|HC|  |TAMS 0x00000000c6900000, 0x00000000c6900000| Complete 
|1130|0x00000000c6a00000, 0x00000000c6b00000, 0x00000000c6b00000|100%|HC|  |TAMS 0x00000000c6a00000, 0x00000000c6a00000| Complete 
|1131|0x00000000c6b00000, 0x00000000c6c00000, 0x00000000c6c00000|100%|HC|  |TAMS 0x00000000c6b00000, 0x00000000c6b00000| Complete 
|1132|0x00000000c6c00000, 0x00000000c6d00000, 0x00000000c6d00000|100%|HC|  |TAMS 0x00000000c6c00000, 0x00000000c6c00000| Complete 
|1133|0x00000000c6d00000, 0x00000000c6e00000, 0x00000000c6e00000|100%|HC|  |TAMS 0x00000000c6d00000, 0x00000000c6d00000| Complete 
|1134|0x00000000c6e00000, 0x00000000c6f00000, 0x00000000c6f00000|100%|HC|  |TAMS 0x00000000c6e00000, 0x00000000c6e00000| Complete 
|1135|0x00000000c6f00000, 0x00000000c7000000, 0x00000000c7000000|100%|HC|  |TAMS 0x00000000c6f00000, 0x00000000c6f00000| Complete 
|1136|0x00000000c7000000, 0x00000000c7100000, 0x00000000c7100000|100%|HC|  |TAMS 0x00000000c7000000, 0x00000000c7000000| Complete 
|1137|0x00000000c7100000, 0x00000000c7200000, 0x00000000c7200000|100%|HC|  |TAMS 0x00000000c7100000, 0x00000000c7100000| Complete 
|1138|0x00000000c7200000, 0x00000000c7300000, 0x00000000c7300000|100%|HC|  |TAMS 0x00000000c7200000, 0x00000000c7200000| Complete 
|1139|0x00000000c7300000, 0x00000000c7400000, 0x00000000c7400000|100%|HC|  |TAMS 0x00000000c7300000, 0x00000000c7300000| Complete 
|1140|0x00000000c7400000, 0x00000000c7500000, 0x00000000c7500000|100%|HC|  |TAMS 0x00000000c7400000, 0x00000000c7400000| Complete 
|1141|0x00000000c7500000, 0x00000000c7600000, 0x00000000c7600000|100%|HC|  |TAMS 0x00000000c7500000, 0x00000000c7500000| Complete 
|1142|0x00000000c7600000, 0x00000000c7700000, 0x00000000c7700000|100%|HS|  |TAMS 0x00000000c7600000, 0x00000000c7600000| Complete 
|1143|0x00000000c7700000, 0x00000000c7800000, 0x00000000c7800000|100%|HC|  |TAMS 0x00000000c7700000, 0x00000000c7700000| Complete 
|1144|0x00000000c7800000, 0x00000000c7900000, 0x00000000c7900000|100%|HC|  |TAMS 0x00000000c7800000, 0x00000000c7800000| Complete 
|1145|0x00000000c7900000, 0x00000000c7a00000, 0x00000000c7a00000|100%|HC|  |TAMS 0x00000000c7900000, 0x00000000c7900000| Complete 
|1146|0x00000000c7a00000, 0x00000000c7b00000, 0x00000000c7b00000|100%|HC|  |TAMS 0x00000000c7a00000, 0x00000000c7a00000| Complete 
|1147|0x00000000c7b00000, 0x00000000c7c00000, 0x00000000c7c00000|100%|HC|  |TAMS 0x00000000c7b00000, 0x00000000c7b00000| Complete 
|1148|0x00000000c7c00000, 0x00000000c7d00000, 0x00000000c7d00000|100%|HC|  |TAMS 0x00000000c7c00000, 0x00000000c7c00000| Complete 
|1149|0x00000000c7d00000, 0x00000000c7e00000, 0x00000000c7e00000|100%|HC|  |TAMS 0x00000000c7d00000, 0x00000000c7d00000| Complete 
|1150|0x00000000c7e00000, 0x00000000c7f00000, 0x00000000c7f00000|100%|HC|  |TAMS 0x00000000c7e00000, 0x00000000c7e00000| Complete 
|1151|0x00000000c7f00000, 0x00000000c8000000, 0x00000000c8000000|100%|HC|  |TAMS 0x00000000c7f00000, 0x00000000c7f00000| Complete 
|1152|0x00000000c8000000, 0x00000000c8100000, 0x00000000c8100000|100%|HC|  |TAMS 0x00000000c8000000, 0x00000000c8000000| Complete 
|1153|0x00000000c8100000, 0x00000000c8200000, 0x00000000c8200000|100%|HC|  |TAMS 0x00000000c8100000, 0x00000000c8100000| Complete 
|1154|0x00000000c8200000, 0x00000000c8300000, 0x00000000c8300000|100%|HC|  |TAMS 0x00000000c8200000, 0x00000000c8200000| Complete 
|1155|0x00000000c8300000, 0x00000000c8400000, 0x00000000c8400000|100%|HC|  |TAMS 0x00000000c8300000, 0x00000000c8300000| Complete 
|1156|0x00000000c8400000, 0x00000000c8500000, 0x00000000c8500000|100%|HC|  |TAMS 0x00000000c8400000, 0x00000000c8400000| Complete 
|1157|0x00000000c8500000, 0x00000000c8600000, 0x00000000c8600000|100%|HC|  |TAMS 0x00000000c8500000, 0x00000000c8500000| Complete 
|1158|0x00000000c8600000, 0x00000000c8700000, 0x00000000c8700000|100%|HC|  |TAMS 0x00000000c8600000, 0x00000000c8600000| Complete 
|1159|0x00000000c8700000, 0x00000000c8800000, 0x00000000c8800000|100%|HC|  |TAMS 0x00000000c8700000, 0x00000000c8700000| Complete 
|1160|0x00000000c8800000, 0x00000000c8900000, 0x00000000c8900000|100%|HC|  |TAMS 0x00000000c8800000, 0x00000000c8800000| Complete 
|1161|0x00000000c8900000, 0x00000000c8a00000, 0x00000000c8a00000|100%|HC|  |TAMS 0x00000000c8900000, 0x00000000c8900000| Complete 
|1162|0x00000000c8a00000, 0x00000000c8b00000, 0x00000000c8b00000|100%|HC|  |TAMS 0x00000000c8a00000, 0x00000000c8a00000| Complete 
|1163|0x00000000c8b00000, 0x00000000c8c00000, 0x00000000c8c00000|100%|HC|  |TAMS 0x00000000c8b00000, 0x00000000c8b00000| Complete 
|1164|0x00000000c8c00000, 0x00000000c8d00000, 0x00000000c8d00000|100%|HC|  |TAMS 0x00000000c8c00000, 0x00000000c8c00000| Complete 
|1165|0x00000000c8d00000, 0x00000000c8e00000, 0x00000000c8e00000|100%|HC|  |TAMS 0x00000000c8d00000, 0x00000000c8d00000| Complete 
|1166|0x00000000c8e00000, 0x00000000c8f00000, 0x00000000c8f00000|100%|HC|  |TAMS 0x00000000c8e00000, 0x00000000c8e00000| Complete 
|1167|0x00000000c8f00000, 0x00000000c9000000, 0x00000000c9000000|100%|HC|  |TAMS 0x00000000c8f00000, 0x00000000c8f00000| Complete 
|1168|0x00000000c9000000, 0x00000000c9100000, 0x00000000c9100000|100%|HC|  |TAMS 0x00000000c9000000, 0x00000000c9000000| Complete 
|1169|0x00000000c9100000, 0x00000000c9200000, 0x00000000c9200000|100%|HC|  |TAMS 0x00000000c9100000, 0x00000000c9100000| Complete 
|1170|0x00000000c9200000, 0x00000000c9300000, 0x00000000c9300000|100%|HC|  |TAMS 0x00000000c9200000, 0x00000000c9200000| Complete 
|1171|0x00000000c9300000, 0x00000000c9400000, 0x00000000c9400000|100%|HC|  |TAMS 0x00000000c9300000, 0x00000000c9300000| Complete 
|1172|0x00000000c9400000, 0x00000000c9500000, 0x00000000c9500000|100%|HC|  |TAMS 0x00000000c9400000, 0x00000000c9400000| Complete 
|1173|0x00000000c9500000, 0x00000000c9600000, 0x00000000c9600000|100%|HC|  |TAMS 0x00000000c9500000, 0x00000000c9500000| Complete 
|1174|0x00000000c9600000, 0x00000000c9700000, 0x00000000c9700000|100%|HC|  |TAMS 0x00000000c9600000, 0x00000000c9600000| Complete 
|1175|0x00000000c9700000, 0x00000000c9800000, 0x00000000c9800000|100%|HS|  |TAMS 0x00000000c9700000, 0x00000000c9700000| Complete 
|1176|0x00000000c9800000, 0x00000000c9900000, 0x00000000c9900000|100%|HC|  |TAMS 0x00000000c9800000, 0x00000000c9800000| Complete 
|1177|0x00000000c9900000, 0x00000000c9a00000, 0x00000000c9a00000|100%|HC|  |TAMS 0x00000000c9900000, 0x00000000c9900000| Complete 
|1178|0x00000000c9a00000, 0x00000000c9b00000, 0x00000000c9b00000|100%|HC|  |TAMS 0x00000000c9a00000, 0x00000000c9a00000| Complete 
|1179|0x00000000c9b00000, 0x00000000c9c00000, 0x00000000c9c00000|100%|HC|  |TAMS 0x00000000c9b00000, 0x00000000c9b00000| Complete 
|1180|0x00000000c9c00000, 0x00000000c9d00000, 0x00000000c9d00000|100%|HC|  |TAMS 0x00000000c9c00000, 0x00000000c9c00000| Complete 
|1181|0x00000000c9d00000, 0x00000000c9e00000, 0x00000000c9e00000|100%|HC|  |TAMS 0x00000000c9d00000, 0x00000000c9d00000| Complete 
|1182|0x00000000c9e00000, 0x00000000c9f00000, 0x00000000c9f00000|100%|HC|  |TAMS 0x00000000c9e00000, 0x00000000c9e00000| Complete 
|1183|0x00000000c9f00000, 0x00000000ca000000, 0x00000000ca000000|100%|HC|  |TAMS 0x00000000c9f00000, 0x00000000c9f00000| Complete 
|1184|0x00000000ca000000, 0x00000000ca100000, 0x00000000ca100000|100%|HC|  |TAMS 0x00000000ca000000, 0x00000000ca000000| Complete 
|1185|0x00000000ca100000, 0x00000000ca200000, 0x00000000ca200000|100%|HC|  |TAMS 0x00000000ca100000, 0x00000000ca100000| Complete 
|1186|0x00000000ca200000, 0x00000000ca300000, 0x00000000ca300000|100%|HC|  |TAMS 0x00000000ca200000, 0x00000000ca200000| Complete 
|1187|0x00000000ca300000, 0x00000000ca400000, 0x00000000ca400000|100%|HC|  |TAMS 0x00000000ca300000, 0x00000000ca300000| Complete 
|1188|0x00000000ca400000, 0x00000000ca500000, 0x00000000ca500000|100%|HC|  |TAMS 0x00000000ca400000, 0x00000000ca400000| Complete 
|1189|0x00000000ca500000, 0x00000000ca600000, 0x00000000ca600000|100%|HC|  |TAMS 0x00000000ca500000, 0x00000000ca500000| Complete 
|1190|0x00000000ca600000, 0x00000000ca700000, 0x00000000ca700000|100%|HC|  |TAMS 0x00000000ca600000, 0x00000000ca600000| Complete 
|1191|0x00000000ca700000, 0x00000000ca800000, 0x00000000ca800000|100%|HC|  |TAMS 0x00000000ca700000, 0x00000000ca700000| Complete 
|1192|0x00000000ca800000, 0x00000000ca900000, 0x00000000ca900000|100%|HC|  |TAMS 0x00000000ca800000, 0x00000000ca800000| Complete 
|1193|0x00000000ca900000, 0x00000000caa00000, 0x00000000caa00000|100%|HC|  |TAMS 0x00000000ca900000, 0x00000000ca900000| Complete 
|1194|0x00000000caa00000, 0x00000000cab00000, 0x00000000cab00000|100%|HC|  |TAMS 0x00000000caa00000, 0x00000000caa00000| Complete 
|1195|0x00000000cab00000, 0x00000000cac00000, 0x00000000cac00000|100%|HC|  |TAMS 0x00000000cab00000, 0x00000000cab00000| Complete 
|1196|0x00000000cac00000, 0x00000000cad00000, 0x00000000cad00000|100%|HC|  |TAMS 0x00000000cac00000, 0x00000000cac00000| Complete 
|1197|0x00000000cad00000, 0x00000000cae00000, 0x00000000cae00000|100%|HC|  |TAMS 0x00000000cad00000, 0x00000000cad00000| Complete 
|1198|0x00000000cae00000, 0x00000000caf00000, 0x00000000caf00000|100%|HC|  |TAMS 0x00000000cae00000, 0x00000000cae00000| Complete 
|1199|0x00000000caf00000, 0x00000000cb000000, 0x00000000cb000000|100%|HC|  |TAMS 0x00000000caf00000, 0x00000000caf00000| Complete 
|1200|0x00000000cb000000, 0x00000000cb100000, 0x00000000cb100000|100%|HC|  |TAMS 0x00000000cb000000, 0x00000000cb000000| Complete 
|1201|0x00000000cb100000, 0x00000000cb200000, 0x00000000cb200000|100%|HC|  |TAMS 0x00000000cb100000, 0x00000000cb100000| Complete 
|1202|0x00000000cb200000, 0x00000000cb300000, 0x00000000cb300000|100%|HC|  |TAMS 0x00000000cb200000, 0x00000000cb200000| Complete 
|1203|0x00000000cb300000, 0x00000000cb400000, 0x00000000cb400000|100%|HC|  |TAMS 0x00000000cb300000, 0x00000000cb300000| Complete 
|1204|0x00000000cb400000, 0x00000000cb500000, 0x00000000cb500000|100%|HC|  |TAMS 0x00000000cb400000, 0x00000000cb400000| Complete 
|1205|0x00000000cb500000, 0x00000000cb600000, 0x00000000cb600000|100%|HC|  |TAMS 0x00000000cb500000, 0x00000000cb500000| Complete 
|1206|0x00000000cb600000, 0x00000000cb700000, 0x00000000cb700000|100%|HC|  |TAMS 0x00000000cb600000, 0x00000000cb600000| Complete 
|1207|0x00000000cb700000, 0x00000000cb800000, 0x00000000cb800000|100%|HC|  |TAMS 0x00000000cb700000, 0x00000000cb700000| Complete 
|1208|0x00000000cb800000, 0x00000000cb900000, 0x00000000cb900000|100%|HC|  |TAMS 0x00000000cb800000, 0x00000000cb800000| Complete 
|1209|0x00000000cb900000, 0x00000000cba00000, 0x00000000cba00000|100%|HC|  |TAMS 0x00000000cb900000, 0x00000000cb900000| Complete 
|1210|0x00000000cba00000, 0x00000000cbb00000, 0x00000000cbb00000|100%|HC|  |TAMS 0x00000000cba00000, 0x00000000cba00000| Complete 
|1211|0x00000000cbb00000, 0x00000000cbc00000, 0x00000000cbc00000|100%|HC|  |TAMS 0x00000000cbb00000, 0x00000000cbb00000| Complete 
|1212|0x00000000cbc00000, 0x00000000cbd00000, 0x00000000cbd00000|100%|HC|  |TAMS 0x00000000cbc00000, 0x00000000cbc00000| Complete 
|1213|0x00000000cbd00000, 0x00000000cbe00000, 0x00000000cbe00000|100%|HC|  |TAMS 0x00000000cbd00000, 0x00000000cbd00000| Complete 
|1214|0x00000000cbe00000, 0x00000000cbf00000, 0x00000000cbf00000|100%|HC|  |TAMS 0x00000000cbe00000, 0x00000000cbe00000| Complete 
|1215|0x00000000cbf00000, 0x00000000cc000000, 0x00000000cc000000|100%|HC|  |TAMS 0x00000000cbf00000, 0x00000000cbf00000| Complete 
|1216|0x00000000cc000000, 0x00000000cc100000, 0x00000000cc100000|100%|HC|  |TAMS 0x00000000cc000000, 0x00000000cc000000| Complete 
|1217|0x00000000cc100000, 0x00000000cc200000, 0x00000000cc200000|100%|HC|  |TAMS 0x00000000cc100000, 0x00000000cc100000| Complete 
|1218|0x00000000cc200000, 0x00000000cc300000, 0x00000000cc300000|100%|HC|  |TAMS 0x00000000cc200000, 0x00000000cc200000| Complete 
|1219|0x00000000cc300000, 0x00000000cc400000, 0x00000000cc400000|100%|HC|  |TAMS 0x00000000cc300000, 0x00000000cc300000| Complete 
|1220|0x00000000cc400000, 0x00000000cc500000, 0x00000000cc500000|100%|HC|  |TAMS 0x00000000cc400000, 0x00000000cc400000| Complete 
|1221|0x00000000cc500000, 0x00000000cc600000, 0x00000000cc600000|100%|HC|  |TAMS 0x00000000cc500000, 0x00000000cc500000| Complete 
|1222|0x00000000cc600000, 0x00000000cc700000, 0x00000000cc700000|100%|HC|  |TAMS 0x00000000cc600000, 0x00000000cc600000| Complete 
|1223|0x00000000cc700000, 0x00000000cc800000, 0x00000000cc800000|100%|HC|  |TAMS 0x00000000cc700000, 0x00000000cc700000| Complete 
|1224|0x00000000cc800000, 0x00000000cc900000, 0x00000000cc900000|100%|HC|  |TAMS 0x00000000cc800000, 0x00000000cc800000| Complete 
|1225|0x00000000cc900000, 0x00000000cca00000, 0x00000000cca00000|100%|HC|  |TAMS 0x00000000cc900000, 0x00000000cc900000| Complete 
|1226|0x00000000cca00000, 0x00000000ccb00000, 0x00000000ccb00000|100%|HC|  |TAMS 0x00000000cca00000, 0x00000000cca00000| Complete 
|1227|0x00000000ccb00000, 0x00000000ccc00000, 0x00000000ccc00000|100%|HC|  |TAMS 0x00000000ccb00000, 0x00000000ccb00000| Complete 
|1228|0x00000000ccc00000, 0x00000000ccd00000, 0x00000000ccd00000|100%|HC|  |TAMS 0x00000000ccc00000, 0x00000000ccc00000| Complete 
|1229|0x00000000ccd00000, 0x00000000cce00000, 0x00000000cce00000|100%|HC|  |TAMS 0x00000000ccd00000, 0x00000000ccd00000| Complete 
|1230|0x00000000cce00000, 0x00000000ccf00000, 0x00000000ccf00000|100%|HC|  |TAMS 0x00000000cce00000, 0x00000000cce00000| Complete 
|1231|0x00000000ccf00000, 0x00000000cd000000, 0x00000000cd000000|100%|HC|  |TAMS 0x00000000ccf00000, 0x00000000ccf00000| Complete 
|1232|0x00000000cd000000, 0x00000000cd100000, 0x00000000cd100000|100%|HC|  |TAMS 0x00000000cd000000, 0x00000000cd000000| Complete 
|1233|0x00000000cd100000, 0x00000000cd200000, 0x00000000cd200000|100%|HC|  |TAMS 0x00000000cd100000, 0x00000000cd100000| Complete 
|1234|0x00000000cd200000, 0x00000000cd300000, 0x00000000cd300000|100%|HC|  |TAMS 0x00000000cd200000, 0x00000000cd200000| Complete 
|1235|0x00000000cd300000, 0x00000000cd400000, 0x00000000cd400000|100%|HC|  |TAMS 0x00000000cd300000, 0x00000000cd300000| Complete 
|1236|0x00000000cd400000, 0x00000000cd500000, 0x00000000cd500000|100%|HC|  |TAMS 0x00000000cd400000, 0x00000000cd400000| Complete 
|1237|0x00000000cd500000, 0x00000000cd600000, 0x00000000cd600000|100%|HC|  |TAMS 0x00000000cd500000, 0x00000000cd500000| Complete 
|1238|0x00000000cd600000, 0x00000000cd700000, 0x00000000cd700000|100%|HC|  |TAMS 0x00000000cd600000, 0x00000000cd600000| Complete 
|1239|0x00000000cd700000, 0x00000000cd800000, 0x00000000cd800000|100%|HC|  |TAMS 0x00000000cd700000, 0x00000000cd700000| Complete 
|1240|0x00000000cd800000, 0x00000000cd900000, 0x00000000cd900000|100%|HS|  |TAMS 0x00000000cd800000, 0x00000000cd800000| Complete 
|1241|0x00000000cd900000, 0x00000000cda00000, 0x00000000cda00000|100%|HC|  |TAMS 0x00000000cd900000, 0x00000000cd900000| Complete 
|1242|0x00000000cda00000, 0x00000000cdb00000, 0x00000000cdb00000|100%|HC|  |TAMS 0x00000000cda00000, 0x00000000cda00000| Complete 
|1243|0x00000000cdb00000, 0x00000000cdc00000, 0x00000000cdc00000|100%|HC|  |TAMS 0x00000000cdb00000, 0x00000000cdb00000| Complete 
|1244|0x00000000cdc00000, 0x00000000cdd00000, 0x00000000cdd00000|100%|HC|  |TAMS 0x00000000cdc00000, 0x00000000cdc00000| Complete 
|1245|0x00000000cdd00000, 0x00000000cde00000, 0x00000000cde00000|100%|HC|  |TAMS 0x00000000cdd00000, 0x00000000cdd00000| Complete 
|1246|0x00000000cde00000, 0x00000000cdf00000, 0x00000000cdf00000|100%|HC|  |TAMS 0x00000000cde00000, 0x00000000cde00000| Complete 
|1247|0x00000000cdf00000, 0x00000000ce000000, 0x00000000ce000000|100%|HC|  |TAMS 0x00000000cdf00000, 0x00000000cdf00000| Complete 
|1248|0x00000000ce000000, 0x00000000ce100000, 0x00000000ce100000|100%|HC|  |TAMS 0x00000000ce000000, 0x00000000ce000000| Complete 
|1249|0x00000000ce100000, 0x00000000ce200000, 0x00000000ce200000|100%|HC|  |TAMS 0x00000000ce100000, 0x00000000ce100000| Complete 
|1250|0x00000000ce200000, 0x00000000ce300000, 0x00000000ce300000|100%|HC|  |TAMS 0x00000000ce200000, 0x00000000ce200000| Complete 
|1251|0x00000000ce300000, 0x00000000ce400000, 0x00000000ce400000|100%|HC|  |TAMS 0x00000000ce300000, 0x00000000ce300000| Complete 
|1252|0x00000000ce400000, 0x00000000ce500000, 0x00000000ce500000|100%|HC|  |TAMS 0x00000000ce400000, 0x00000000ce400000| Complete 
|1253|0x00000000ce500000, 0x00000000ce600000, 0x00000000ce600000|100%|HC|  |TAMS 0x00000000ce500000, 0x00000000ce500000| Complete 
|1254|0x00000000ce600000, 0x00000000ce700000, 0x00000000ce700000|100%|HC|  |TAMS 0x00000000ce600000, 0x00000000ce600000| Complete 
|1255|0x00000000ce700000, 0x00000000ce800000, 0x00000000ce800000|100%|HC|  |TAMS 0x00000000ce700000, 0x00000000ce700000| Complete 
|1256|0x00000000ce800000, 0x00000000ce900000, 0x00000000ce900000|100%|HC|  |TAMS 0x00000000ce800000, 0x00000000ce800000| Complete 
|1257|0x00000000ce900000, 0x00000000cea00000, 0x00000000cea00000|100%|HC|  |TAMS 0x00000000ce900000, 0x00000000ce900000| Complete 
|1258|0x00000000cea00000, 0x00000000ceb00000, 0x00000000ceb00000|100%|HC|  |TAMS 0x00000000cea00000, 0x00000000cea00000| Complete 
|1259|0x00000000ceb00000, 0x00000000cec00000, 0x00000000cec00000|100%|HC|  |TAMS 0x00000000ceb00000, 0x00000000ceb00000| Complete 
|1260|0x00000000cec00000, 0x00000000ced00000, 0x00000000ced00000|100%|HC|  |TAMS 0x00000000cec00000, 0x00000000cec00000| Complete 
|1261|0x00000000ced00000, 0x00000000cee00000, 0x00000000cee00000|100%|HC|  |TAMS 0x00000000ced00000, 0x00000000ced00000| Complete 
|1262|0x00000000cee00000, 0x00000000cef00000, 0x00000000cef00000|100%|HC|  |TAMS 0x00000000cee00000, 0x00000000cee00000| Complete 
|1263|0x00000000cef00000, 0x00000000cf000000, 0x00000000cf000000|100%|HC|  |TAMS 0x00000000cef00000, 0x00000000cef00000| Complete 
|1264|0x00000000cf000000, 0x00000000cf100000, 0x00000000cf100000|100%|HC|  |TAMS 0x00000000cf000000, 0x00000000cf000000| Complete 
|1265|0x00000000cf100000, 0x00000000cf200000, 0x00000000cf200000|100%|HC|  |TAMS 0x00000000cf100000, 0x00000000cf100000| Complete 
|1266|0x00000000cf200000, 0x00000000cf300000, 0x00000000cf300000|100%|HC|  |TAMS 0x00000000cf200000, 0x00000000cf200000| Complete 
|1267|0x00000000cf300000, 0x00000000cf400000, 0x00000000cf400000|100%|HC|  |TAMS 0x00000000cf300000, 0x00000000cf300000| Complete 
|1268|0x00000000cf400000, 0x00000000cf500000, 0x00000000cf500000|100%|HC|  |TAMS 0x00000000cf400000, 0x00000000cf400000| Complete 
|1269|0x00000000cf500000, 0x00000000cf600000, 0x00000000cf600000|100%|HC|  |TAMS 0x00000000cf500000, 0x00000000cf500000| Complete 
|1270|0x00000000cf600000, 0x00000000cf700000, 0x00000000cf700000|100%|HC|  |TAMS 0x00000000cf600000, 0x00000000cf600000| Complete 
|1271|0x00000000cf700000, 0x00000000cf800000, 0x00000000cf800000|100%|HC|  |TAMS 0x00000000cf700000, 0x00000000cf700000| Complete 
|1272|0x00000000cf800000, 0x00000000cf900000, 0x00000000cf900000|100%|HC|  |TAMS 0x00000000cf800000, 0x00000000cf800000| Complete 
|1273|0x00000000cf900000, 0x00000000cfa00000, 0x00000000cfa00000|100%|HC|  |TAMS 0x00000000cf900000, 0x00000000cf900000| Complete 
|1274|0x00000000cfa00000, 0x00000000cfb00000, 0x00000000cfb00000|100%|HC|  |TAMS 0x00000000cfa00000, 0x00000000cfa00000| Complete 
|1275|0x00000000cfb00000, 0x00000000cfc00000, 0x00000000cfc00000|100%|HC|  |TAMS 0x00000000cfb00000, 0x00000000cfb00000| Complete 
|1276|0x00000000cfc00000, 0x00000000cfd00000, 0x00000000cfd00000|100%|HC|  |TAMS 0x00000000cfc00000, 0x00000000cfc00000| Complete 
|1277|0x00000000cfd00000, 0x00000000cfe00000, 0x00000000cfe00000|100%|HC|  |TAMS 0x00000000cfd00000, 0x00000000cfd00000| Complete 
|1278|0x00000000cfe00000, 0x00000000cff00000, 0x00000000cff00000|100%|HC|  |TAMS 0x00000000cfe00000, 0x00000000cfe00000| Complete 
|1279|0x00000000cff00000, 0x00000000d0000000, 0x00000000d0000000|100%|HC|  |TAMS 0x00000000cff00000, 0x00000000cff00000| Complete 
|1280|0x00000000d0000000, 0x00000000d0100000, 0x00000000d0100000|100%|HC|  |TAMS 0x00000000d0000000, 0x00000000d0000000| Complete 
|1281|0x00000000d0100000, 0x00000000d0200000, 0x00000000d0200000|100%|HC|  |TAMS 0x00000000d0100000, 0x00000000d0100000| Complete 
|1282|0x00000000d0200000, 0x00000000d0300000, 0x00000000d0300000|100%|HC|  |TAMS 0x00000000d0200000, 0x00000000d0200000| Complete 
|1283|0x00000000d0300000, 0x00000000d0400000, 0x00000000d0400000|100%|HC|  |TAMS 0x00000000d0300000, 0x00000000d0300000| Complete 
|1284|0x00000000d0400000, 0x00000000d0500000, 0x00000000d0500000|100%|HC|  |TAMS 0x00000000d0400000, 0x00000000d0400000| Complete 
|1285|0x00000000d0500000, 0x00000000d0600000, 0x00000000d0600000|100%|HC|  |TAMS 0x00000000d0500000, 0x00000000d0500000| Complete 
|1286|0x00000000d0600000, 0x00000000d0700000, 0x00000000d0700000|100%|HC|  |TAMS 0x00000000d0600000, 0x00000000d0600000| Complete 
|1287|0x00000000d0700000, 0x00000000d0800000, 0x00000000d0800000|100%|HC|  |TAMS 0x00000000d0700000, 0x00000000d0700000| Complete 
|1288|0x00000000d0800000, 0x00000000d0900000, 0x00000000d0900000|100%|HC|  |TAMS 0x00000000d0800000, 0x00000000d0800000| Complete 
|1289|0x00000000d0900000, 0x00000000d0a00000, 0x00000000d0a00000|100%|HC|  |TAMS 0x00000000d0900000, 0x00000000d0900000| Complete 
|1290|0x00000000d0a00000, 0x00000000d0b00000, 0x00000000d0b00000|100%|HC|  |TAMS 0x00000000d0a00000, 0x00000000d0a00000| Complete 
|1291|0x00000000d0b00000, 0x00000000d0c00000, 0x00000000d0c00000|100%|HC|  |TAMS 0x00000000d0b00000, 0x00000000d0b00000| Complete 
|1292|0x00000000d0c00000, 0x00000000d0d00000, 0x00000000d0d00000|100%|HC|  |TAMS 0x00000000d0c00000, 0x00000000d0c00000| Complete 
|1293|0x00000000d0d00000, 0x00000000d0e00000, 0x00000000d0e00000|100%|HC|  |TAMS 0x00000000d0d00000, 0x00000000d0d00000| Complete 
|1294|0x00000000d0e00000, 0x00000000d0f00000, 0x00000000d0f00000|100%|HC|  |TAMS 0x00000000d0e00000, 0x00000000d0e00000| Complete 
|1295|0x00000000d0f00000, 0x00000000d1000000, 0x00000000d1000000|100%|HC|  |TAMS 0x00000000d0f00000, 0x00000000d0f00000| Complete 
|1296|0x00000000d1000000, 0x00000000d1100000, 0x00000000d1100000|100%|HC|  |TAMS 0x00000000d1000000, 0x00000000d1000000| Complete 
|1297|0x00000000d1100000, 0x00000000d1200000, 0x00000000d1200000|100%|HC|  |TAMS 0x00000000d1100000, 0x00000000d1100000| Complete 
|1298|0x00000000d1200000, 0x00000000d1300000, 0x00000000d1300000|100%|HC|  |TAMS 0x00000000d1200000, 0x00000000d1200000| Complete 
|1299|0x00000000d1300000, 0x00000000d1400000, 0x00000000d1400000|100%|HC|  |TAMS 0x00000000d1300000, 0x00000000d1300000| Complete 
|1300|0x00000000d1400000, 0x00000000d1500000, 0x00000000d1500000|100%|HC|  |TAMS 0x00000000d1400000, 0x00000000d1400000| Complete 
|1301|0x00000000d1500000, 0x00000000d1600000, 0x00000000d1600000|100%|HC|  |TAMS 0x00000000d1500000, 0x00000000d1500000| Complete 
|1302|0x00000000d1600000, 0x00000000d1700000, 0x00000000d1700000|100%|HC|  |TAMS 0x00000000d1600000, 0x00000000d1600000| Complete 
|1303|0x00000000d1700000, 0x00000000d1800000, 0x00000000d1800000|100%|HC|  |TAMS 0x00000000d1700000, 0x00000000d1700000| Complete 
|1304|0x00000000d1800000, 0x00000000d1900000, 0x00000000d1900000|100%|HS|  |TAMS 0x00000000d1800000, 0x00000000d1800000| Complete 
|1305|0x00000000d1900000, 0x00000000d1a00000, 0x00000000d1a00000|100%|HC|  |TAMS 0x00000000d1900000, 0x00000000d1900000| Complete 
|1306|0x00000000d1a00000, 0x00000000d1b00000, 0x00000000d1b00000|100%|HC|  |TAMS 0x00000000d1a00000, 0x00000000d1a00000| Complete 
|1307|0x00000000d1b00000, 0x00000000d1c00000, 0x00000000d1c00000|100%|HC|  |TAMS 0x00000000d1b00000, 0x00000000d1b00000| Complete 
|1308|0x00000000d1c00000, 0x00000000d1d00000, 0x00000000d1d00000|100%|HC|  |TAMS 0x00000000d1c00000, 0x00000000d1c00000| Complete 
|1309|0x00000000d1d00000, 0x00000000d1e00000, 0x00000000d1e00000|100%|HC|  |TAMS 0x00000000d1d00000, 0x00000000d1d00000| Complete 
|1310|0x00000000d1e00000, 0x00000000d1f00000, 0x00000000d1f00000|100%|HC|  |TAMS 0x00000000d1e00000, 0x00000000d1e00000| Complete 
|1311|0x00000000d1f00000, 0x00000000d2000000, 0x00000000d2000000|100%|HC|  |TAMS 0x00000000d1f00000, 0x00000000d1f00000| Complete 
|1312|0x00000000d2000000, 0x00000000d2100000, 0x00000000d2100000|100%|HC|  |TAMS 0x00000000d2000000, 0x00000000d2000000| Complete 
|1313|0x00000000d2100000, 0x00000000d2200000, 0x00000000d2200000|100%|HC|  |TAMS 0x00000000d2100000, 0x00000000d2100000| Complete 
|1314|0x00000000d2200000, 0x00000000d2300000, 0x00000000d2300000|100%|HC|  |TAMS 0x00000000d2200000, 0x00000000d2200000| Complete 
|1315|0x00000000d2300000, 0x00000000d2400000, 0x00000000d2400000|100%|HC|  |TAMS 0x00000000d2300000, 0x00000000d2300000| Complete 
|1316|0x00000000d2400000, 0x00000000d2500000, 0x00000000d2500000|100%|HC|  |TAMS 0x00000000d2400000, 0x00000000d2400000| Complete 
|1317|0x00000000d2500000, 0x00000000d2600000, 0x00000000d2600000|100%|HC|  |TAMS 0x00000000d2500000, 0x00000000d2500000| Complete 
|1318|0x00000000d2600000, 0x00000000d2700000, 0x00000000d2700000|100%|HC|  |TAMS 0x00000000d2600000, 0x00000000d2600000| Complete 
|1319|0x00000000d2700000, 0x00000000d2800000, 0x00000000d2800000|100%|HC|  |TAMS 0x00000000d2700000, 0x00000000d2700000| Complete 
|1320|0x00000000d2800000, 0x00000000d2900000, 0x00000000d2900000|100%|HC|  |TAMS 0x00000000d2800000, 0x00000000d2800000| Complete 
|1321|0x00000000d2900000, 0x00000000d2a00000, 0x00000000d2a00000|100%|HS|  |TAMS 0x00000000d2900000, 0x00000000d2900000| Complete 
|1322|0x00000000d2a00000, 0x00000000d2b00000, 0x00000000d2b00000|100%|HC|  |TAMS 0x00000000d2a00000, 0x00000000d2a00000| Complete 
|1323|0x00000000d2b00000, 0x00000000d2c00000, 0x00000000d2c00000|100%|HC|  |TAMS 0x00000000d2b00000, 0x00000000d2b00000| Complete 
|1324|0x00000000d2c00000, 0x00000000d2d00000, 0x00000000d2d00000|100%|HC|  |TAMS 0x00000000d2c00000, 0x00000000d2c00000| Complete 
|1325|0x00000000d2d00000, 0x00000000d2e00000, 0x00000000d2e00000|100%|HC|  |TAMS 0x00000000d2d00000, 0x00000000d2d00000| Complete 
|1326|0x00000000d2e00000, 0x00000000d2f00000, 0x00000000d2f00000|100%|HC|  |TAMS 0x00000000d2e00000, 0x00000000d2e00000| Complete 
|1327|0x00000000d2f00000, 0x00000000d3000000, 0x00000000d3000000|100%|HC|  |TAMS 0x00000000d2f00000, 0x00000000d2f00000| Complete 
|1328|0x00000000d3000000, 0x00000000d3100000, 0x00000000d3100000|100%|HC|  |TAMS 0x00000000d3000000, 0x00000000d3000000| Complete 
|1329|0x00000000d3100000, 0x00000000d3200000, 0x00000000d3200000|100%|HC|  |TAMS 0x00000000d3100000, 0x00000000d3100000| Complete 
|1330|0x00000000d3200000, 0x00000000d3300000, 0x00000000d3300000|100%|HC|  |TAMS 0x00000000d3200000, 0x00000000d3200000| Complete 
|1331|0x00000000d3300000, 0x00000000d3400000, 0x00000000d3400000|100%|HC|  |TAMS 0x00000000d3300000, 0x00000000d3300000| Complete 
|1332|0x00000000d3400000, 0x00000000d3500000, 0x00000000d3500000|100%|HC|  |TAMS 0x00000000d3400000, 0x00000000d3400000| Complete 
|1333|0x00000000d3500000, 0x00000000d3600000, 0x00000000d3600000|100%|HC|  |TAMS 0x00000000d3500000, 0x00000000d3500000| Complete 
|1334|0x00000000d3600000, 0x00000000d3700000, 0x00000000d3700000|100%|HC|  |TAMS 0x00000000d3600000, 0x00000000d3600000| Complete 
|1335|0x00000000d3700000, 0x00000000d3800000, 0x00000000d3800000|100%|HC|  |TAMS 0x00000000d3700000, 0x00000000d3700000| Complete 
|1336|0x00000000d3800000, 0x00000000d3900000, 0x00000000d3900000|100%|HC|  |TAMS 0x00000000d3800000, 0x00000000d3800000| Complete 
|1337|0x00000000d3900000, 0x00000000d3a00000, 0x00000000d3a00000|100%|HC|  |TAMS 0x00000000d3900000, 0x00000000d3900000| Complete 
|1338|0x00000000d3a00000, 0x00000000d3b00000, 0x00000000d3b00000|100%|HC|  |TAMS 0x00000000d3a00000, 0x00000000d3a00000| Complete 
|1339|0x00000000d3b00000, 0x00000000d3c00000, 0x00000000d3c00000|100%|HC|  |TAMS 0x00000000d3b00000, 0x00000000d3b00000| Complete 
|1340|0x00000000d3c00000, 0x00000000d3d00000, 0x00000000d3d00000|100%|HC|  |TAMS 0x00000000d3c00000, 0x00000000d3c00000| Complete 
|1341|0x00000000d3d00000, 0x00000000d3e00000, 0x00000000d3e00000|100%|HC|  |TAMS 0x00000000d3d00000, 0x00000000d3d00000| Complete 
|1342|0x00000000d3e00000, 0x00000000d3f00000, 0x00000000d3f00000|100%|HC|  |TAMS 0x00000000d3e00000, 0x00000000d3e00000| Complete 
|1343|0x00000000d3f00000, 0x00000000d4000000, 0x00000000d4000000|100%|HC|  |TAMS 0x00000000d3f00000, 0x00000000d3f00000| Complete 
|1344|0x00000000d4000000, 0x00000000d4100000, 0x00000000d4100000|100%|HC|  |TAMS 0x00000000d4000000, 0x00000000d4000000| Complete 
|1345|0x00000000d4100000, 0x00000000d4200000, 0x00000000d4200000|100%|HC|  |TAMS 0x00000000d4100000, 0x00000000d4100000| Complete 
|1346|0x00000000d4200000, 0x00000000d4300000, 0x00000000d4300000|100%|HC|  |TAMS 0x00000000d4200000, 0x00000000d4200000| Complete 
|1347|0x00000000d4300000, 0x00000000d4400000, 0x00000000d4400000|100%|HC|  |TAMS 0x00000000d4300000, 0x00000000d4300000| Complete 
|1348|0x00000000d4400000, 0x00000000d4500000, 0x00000000d4500000|100%|HC|  |TAMS 0x00000000d4400000, 0x00000000d4400000| Complete 
|1349|0x00000000d4500000, 0x00000000d4600000, 0x00000000d4600000|100%|HC|  |TAMS 0x00000000d4500000, 0x00000000d4500000| Complete 
|1350|0x00000000d4600000, 0x00000000d4700000, 0x00000000d4700000|100%|HC|  |TAMS 0x00000000d4600000, 0x00000000d4600000| Complete 
|1351|0x00000000d4700000, 0x00000000d4800000, 0x00000000d4800000|100%|HC|  |TAMS 0x00000000d4700000, 0x00000000d4700000| Complete 
|1352|0x00000000d4800000, 0x00000000d4900000, 0x00000000d4900000|100%|HC|  |TAMS 0x00000000d4800000, 0x00000000d4800000| Complete 
|1353|0x00000000d4900000, 0x00000000d4a00000, 0x00000000d4a00000|100%|HC|  |TAMS 0x00000000d4900000, 0x00000000d4900000| Complete 
|1354|0x00000000d4a00000, 0x00000000d4a00000, 0x00000000d4b00000|  0%| F|  |TAMS 0x00000000d4a00000, 0x00000000d4a00000| Untracked 
|1357|0x00000000d4d00000, 0x00000000d4d00000, 0x00000000d4e00000|  0%| F|  |TAMS 0x00000000d4d00000, 0x00000000d4d00000| Untracked 
|1358|0x00000000d4e00000, 0x00000000d4e00000, 0x00000000d4f00000|  0%| F|  |TAMS 0x00000000d4e00000, 0x00000000d4e00000| Untracked 
|1359|0x00000000d4f00000, 0x00000000d4f00000, 0x00000000d5000000|  0%| F|  |TAMS 0x00000000d4f00000, 0x00000000d4f00000| Untracked 
|1360|0x00000000d5000000, 0x00000000d5000000, 0x00000000d5100000|  0%| F|  |TAMS 0x00000000d5000000, 0x00000000d5000000| Untracked 
|1361|0x00000000d5100000, 0x00000000d5100000, 0x00000000d5200000|  0%| F|  |TAMS 0x00000000d5100000, 0x00000000d5100000| Untracked 
|1362|0x00000000d5200000, 0x00000000d5200000, 0x00000000d5300000|  0%| F|  |TAMS 0x00000000d5200000, 0x00000000d5200000| Untracked 
|1363|0x00000000d5300000, 0x00000000d5300000, 0x00000000d5400000|  0%| F|  |TAMS 0x00000000d5300000, 0x00000000d5300000| Untracked 
|1364|0x00000000d5400000, 0x00000000d544f818, 0x00000000d5500000| 31%| E|  |TAMS 0x00000000d5400000, 0x00000000d5400000| Complete 
|1365|0x00000000d5500000, 0x00000000d5600000, 0x00000000d5600000|100%| E|  |TAMS 0x00000000d5500000, 0x00000000d5500000| Complete 
|1366|0x00000000d5600000, 0x00000000d5700000, 0x00000000d5700000|100%| E|CS|TAMS 0x00000000d5600000, 0x00000000d5600000| Complete 
|1367|0x00000000d5700000, 0x00000000d5800000, 0x00000000d5800000|100%| E|CS|TAMS 0x00000000d5700000, 0x00000000d5700000| Complete 
|1368|0x00000000d5800000, 0x00000000d5900000, 0x00000000d5900000|100%| E|CS|TAMS 0x00000000d5800000, 0x00000000d5800000| Complete 
|1369|0x00000000d5900000, 0x00000000d5a00000, 0x00000000d5a00000|100%| E|CS|TAMS 0x00000000d5900000, 0x00000000d5900000| Complete 
|1370|0x00000000d5a00000, 0x00000000d5b00000, 0x00000000d5b00000|100%| E|CS|TAMS 0x00000000d5a00000, 0x00000000d5a00000| Complete 
|1371|0x00000000d5b00000, 0x00000000d5c00000, 0x00000000d5c00000|100%| E|CS|TAMS 0x00000000d5b00000, 0x00000000d5b00000| Complete 
|1372|0x00000000d5c00000, 0x00000000d5d00000, 0x00000000d5d00000|100%| E|CS|TAMS 0x00000000d5c00000, 0x00000000d5c00000| Complete 
|1373|0x00000000d5d00000, 0x00000000d5d9c5e8, 0x00000000d5e00000| 61%| S|CS|TAMS 0x00000000d5d00000, 0x00000000d5d00000| Complete 
|1374|0x00000000d5e00000, 0x00000000d5f00000, 0x00000000d5f00000|100%| E|CS|TAMS 0x00000000d5e00000, 0x00000000d5e00000| Complete 
|1375|0x00000000d5f00000, 0x00000000d6000000, 0x00000000d6000000|100%| E|CS|TAMS 0x00000000d5f00000, 0x00000000d5f00000| Complete 
|1376|0x00000000d6000000, 0x00000000d6100000, 0x00000000d6100000|100%|HS|  |TAMS 0x00000000d6000000, 0x00000000d6000000| Complete 
|1377|0x00000000d6100000, 0x00000000d6200000, 0x00000000d6200000|100%|HC|  |TAMS 0x00000000d6100000, 0x00000000d6100000| Complete 
|1378|0x00000000d6200000, 0x00000000d6300000, 0x00000000d6300000|100%|HC|  |TAMS 0x00000000d6200000, 0x00000000d6200000| Complete 
|1379|0x00000000d6300000, 0x00000000d6400000, 0x00000000d6400000|100%|HC|  |TAMS 0x00000000d6300000, 0x00000000d6300000| Complete 
|1380|0x00000000d6400000, 0x00000000d6500000, 0x00000000d6500000|100%|HC|  |TAMS 0x00000000d6400000, 0x00000000d6400000| Complete 
|1381|0x00000000d6500000, 0x00000000d6600000, 0x00000000d6600000|100%|HC|  |TAMS 0x00000000d6500000, 0x00000000d6500000| Complete 
|1382|0x00000000d6600000, 0x00000000d6700000, 0x00000000d6700000|100%|HC|  |TAMS 0x00000000d6600000, 0x00000000d6600000| Complete 
|1383|0x00000000d6700000, 0x00000000d6800000, 0x00000000d6800000|100%|HC|  |TAMS 0x00000000d6700000, 0x00000000d6700000| Complete 
|1384|0x00000000d6800000, 0x00000000d6900000, 0x00000000d6900000|100%|HC|  |TAMS 0x00000000d6800000, 0x00000000d6800000| Complete 
|1385|0x00000000d6900000, 0x00000000d6a00000, 0x00000000d6a00000|100%|HC|  |TAMS 0x00000000d6900000, 0x00000000d6900000| Complete 
|1386|0x00000000d6a00000, 0x00000000d6b00000, 0x00000000d6b00000|100%|HC|  |TAMS 0x00000000d6a00000, 0x00000000d6a00000| Complete 
|1387|0x00000000d6b00000, 0x00000000d6c00000, 0x00000000d6c00000|100%|HC|  |TAMS 0x00000000d6b00000, 0x00000000d6b00000| Complete 
|1388|0x00000000d6c00000, 0x00000000d6d00000, 0x00000000d6d00000|100%|HC|  |TAMS 0x00000000d6c00000, 0x00000000d6c00000| Complete 
|1389|0x00000000d6d00000, 0x00000000d6e00000, 0x00000000d6e00000|100%|HC|  |TAMS 0x00000000d6d00000, 0x00000000d6d00000| Complete 
|1390|0x00000000d6e00000, 0x00000000d6f00000, 0x00000000d6f00000|100%|HC|  |TAMS 0x00000000d6e00000, 0x00000000d6e00000| Complete 
|1391|0x00000000d6f00000, 0x00000000d7000000, 0x00000000d7000000|100%|HC|  |TAMS 0x00000000d6f00000, 0x00000000d6f00000| Complete 
|1392|0x00000000d7000000, 0x00000000d7100000, 0x00000000d7100000|100%|HC|  |TAMS 0x00000000d7000000, 0x00000000d7000000| Complete 
|1393|0x00000000d7100000, 0x00000000d7200000, 0x00000000d7200000|100%|HC|  |TAMS 0x00000000d7100000, 0x00000000d7100000| Complete 
|1394|0x00000000d7200000, 0x00000000d7300000, 0x00000000d7300000|100%|HC|  |TAMS 0x00000000d7200000, 0x00000000d7200000| Complete 
|1395|0x00000000d7300000, 0x00000000d7400000, 0x00000000d7400000|100%|HC|  |TAMS 0x00000000d7300000, 0x00000000d7300000| Complete 
|1396|0x00000000d7400000, 0x00000000d7500000, 0x00000000d7500000|100%|HC|  |TAMS 0x00000000d7400000, 0x00000000d7400000| Complete 
|1397|0x00000000d7500000, 0x00000000d7600000, 0x00000000d7600000|100%|HC|  |TAMS 0x00000000d7500000, 0x00000000d7500000| Complete 
|1398|0x00000000d7600000, 0x00000000d7700000, 0x00000000d7700000|100%|HC|  |TAMS 0x00000000d7600000, 0x00000000d7600000| Complete 
|1399|0x00000000d7700000, 0x00000000d7800000, 0x00000000d7800000|100%|HC|  |TAMS 0x00000000d7700000, 0x00000000d7700000| Complete 
|1400|0x00000000d7800000, 0x00000000d7900000, 0x00000000d7900000|100%|HC|  |TAMS 0x00000000d7800000, 0x00000000d7800000| Complete 
|1401|0x00000000d7900000, 0x00000000d7a00000, 0x00000000d7a00000|100%|HC|  |TAMS 0x00000000d7900000, 0x00000000d7900000| Complete 
|1402|0x00000000d7a00000, 0x00000000d7b00000, 0x00000000d7b00000|100%|HC|  |TAMS 0x00000000d7a00000, 0x00000000d7a00000| Complete 
|1403|0x00000000d7b00000, 0x00000000d7c00000, 0x00000000d7c00000|100%|HC|  |TAMS 0x00000000d7b00000, 0x00000000d7b00000| Complete 
|1404|0x00000000d7c00000, 0x00000000d7d00000, 0x00000000d7d00000|100%|HC|  |TAMS 0x00000000d7c00000, 0x00000000d7c00000| Complete 
|1405|0x00000000d7d00000, 0x00000000d7e00000, 0x00000000d7e00000|100%|HC|  |TAMS 0x00000000d7d00000, 0x00000000d7d00000| Complete 
|1406|0x00000000d7e00000, 0x00000000d7f00000, 0x00000000d7f00000|100%|HC|  |TAMS 0x00000000d7e00000, 0x00000000d7e00000| Complete 
|1407|0x00000000d7f00000, 0x00000000d8000000, 0x00000000d8000000|100%|HC|  |TAMS 0x00000000d7f00000, 0x00000000d7f00000| Complete 
|1408|0x00000000d8000000, 0x00000000d8100000, 0x00000000d8100000|100%|HC|  |TAMS 0x00000000d8000000, 0x00000000d8000000| Complete 
|1409|0x00000000d8100000, 0x00000000d8200000, 0x00000000d8200000|100%|HC|  |TAMS 0x00000000d8100000, 0x00000000d8100000| Complete 
|1410|0x00000000d8200000, 0x00000000d8300000, 0x00000000d8300000|100%|HC|  |TAMS 0x00000000d8200000, 0x00000000d8200000| Complete 
|1411|0x00000000d8300000, 0x00000000d8400000, 0x00000000d8400000|100%|HC|  |TAMS 0x00000000d8300000, 0x00000000d8300000| Complete 
|1412|0x00000000d8400000, 0x00000000d8500000, 0x00000000d8500000|100%|HC|  |TAMS 0x00000000d8400000, 0x00000000d8400000| Complete 
|1413|0x00000000d8500000, 0x00000000d8600000, 0x00000000d8600000|100%|HC|  |TAMS 0x00000000d8500000, 0x00000000d8500000| Complete 
|1414|0x00000000d8600000, 0x00000000d8700000, 0x00000000d8700000|100%|HC|  |TAMS 0x00000000d8600000, 0x00000000d8600000| Complete 
|1415|0x00000000d8700000, 0x00000000d8800000, 0x00000000d8800000|100%|HC|  |TAMS 0x00000000d8700000, 0x00000000d8700000| Complete 
|1416|0x00000000d8800000, 0x00000000d8900000, 0x00000000d8900000|100%|HC|  |TAMS 0x00000000d8800000, 0x00000000d8800000| Complete 
|1417|0x00000000d8900000, 0x00000000d8a00000, 0x00000000d8a00000|100%|HC|  |TAMS 0x00000000d8900000, 0x00000000d8900000| Complete 
|1418|0x00000000d8a00000, 0x00000000d8b00000, 0x00000000d8b00000|100%|HC|  |TAMS 0x00000000d8a00000, 0x00000000d8a00000| Complete 
|1419|0x00000000d8b00000, 0x00000000d8c00000, 0x00000000d8c00000|100%|HC|  |TAMS 0x00000000d8b00000, 0x00000000d8b00000| Complete 
|1420|0x00000000d8c00000, 0x00000000d8d00000, 0x00000000d8d00000|100%|HC|  |TAMS 0x00000000d8c00000, 0x00000000d8c00000| Complete 
|1421|0x00000000d8d00000, 0x00000000d8e00000, 0x00000000d8e00000|100%|HC|  |TAMS 0x00000000d8d00000, 0x00000000d8d00000| Complete 
|1422|0x00000000d8e00000, 0x00000000d8f00000, 0x00000000d8f00000|100%|HC|  |TAMS 0x00000000d8e00000, 0x00000000d8e00000| Complete 
|1423|0x00000000d8f00000, 0x00000000d9000000, 0x00000000d9000000|100%|HC|  |TAMS 0x00000000d8f00000, 0x00000000d8f00000| Complete 
|1424|0x00000000d9000000, 0x00000000d9100000, 0x00000000d9100000|100%|HC|  |TAMS 0x00000000d9000000, 0x00000000d9000000| Complete 
|1425|0x00000000d9100000, 0x00000000d9200000, 0x00000000d9200000|100%|HC|  |TAMS 0x00000000d9100000, 0x00000000d9100000| Complete 
|1426|0x00000000d9200000, 0x00000000d9300000, 0x00000000d9300000|100%|HC|  |TAMS 0x00000000d9200000, 0x00000000d9200000| Complete 
|1427|0x00000000d9300000, 0x00000000d9400000, 0x00000000d9400000|100%|HC|  |TAMS 0x00000000d9300000, 0x00000000d9300000| Complete 
|1428|0x00000000d9400000, 0x00000000d9500000, 0x00000000d9500000|100%|HC|  |TAMS 0x00000000d9400000, 0x00000000d9400000| Complete 
|1429|0x00000000d9500000, 0x00000000d9600000, 0x00000000d9600000|100%|HC|  |TAMS 0x00000000d9500000, 0x00000000d9500000| Complete 
|1430|0x00000000d9600000, 0x00000000d9700000, 0x00000000d9700000|100%|HC|  |TAMS 0x00000000d9600000, 0x00000000d9600000| Complete 
|1431|0x00000000d9700000, 0x00000000d9800000, 0x00000000d9800000|100%|HC|  |TAMS 0x00000000d9700000, 0x00000000d9700000| Complete 
|1432|0x00000000d9800000, 0x00000000d9900000, 0x00000000d9900000|100%|HC|  |TAMS 0x00000000d9800000, 0x00000000d9800000| Complete 
|1433|0x00000000d9900000, 0x00000000d9a00000, 0x00000000d9a00000|100%|HC|  |TAMS 0x00000000d9900000, 0x00000000d9900000| Complete 
|1434|0x00000000d9a00000, 0x00000000d9b00000, 0x00000000d9b00000|100%|HC|  |TAMS 0x00000000d9a00000, 0x00000000d9a00000| Complete 
|1435|0x00000000d9b00000, 0x00000000d9c00000, 0x00000000d9c00000|100%|HC|  |TAMS 0x00000000d9b00000, 0x00000000d9b00000| Complete 
|1436|0x00000000d9c00000, 0x00000000d9d00000, 0x00000000d9d00000|100%|HC|  |TAMS 0x00000000d9c00000, 0x00000000d9c00000| Complete 
|1437|0x00000000d9d00000, 0x00000000d9e00000, 0x00000000d9e00000|100%|HC|  |TAMS 0x00000000d9d00000, 0x00000000d9d00000| Complete 
|1438|0x00000000d9e00000, 0x00000000d9f00000, 0x00000000d9f00000|100%|HC|  |TAMS 0x00000000d9e00000, 0x00000000d9e00000| Complete 
|1439|0x00000000d9f00000, 0x00000000da000000, 0x00000000da000000|100%|HC|  |TAMS 0x00000000d9f00000, 0x00000000d9f00000| Complete 
|1440|0x00000000da000000, 0x00000000da100000, 0x00000000da100000|100%|HC|  |TAMS 0x00000000da000000, 0x00000000da000000| Complete 
|1441|0x00000000da100000, 0x00000000da100000, 0x00000000da200000|  0%| F|  |TAMS 0x00000000da100000, 0x00000000da100000| Untracked 
|1442|0x00000000da200000, 0x00000000da200000, 0x00000000da300000|  0%| F|  |TAMS 0x00000000da200000, 0x00000000da200000| Untracked 
|1443|0x00000000da300000, 0x00000000da300000, 0x00000000da400000|  0%| F|  |TAMS 0x00000000da300000, 0x00000000da300000| Untracked 
|1444|0x00000000da400000, 0x00000000da400000, 0x00000000da500000|  0%| F|  |TAMS 0x00000000da400000, 0x00000000da400000| Untracked 
|1445|0x00000000da500000, 0x00000000da500000, 0x00000000da600000|  0%| F|  |TAMS 0x00000000da500000, 0x00000000da500000| Untracked 
|1446|0x00000000da600000, 0x00000000da600000, 0x00000000da700000|  0%| F|  |TAMS 0x00000000da600000, 0x00000000da600000| Untracked 
|1447|0x00000000da700000, 0x00000000da700000, 0x00000000da800000|  0%| F|  |TAMS 0x00000000da700000, 0x00000000da700000| Untracked 
|1448|0x00000000da800000, 0x00000000da800000, 0x00000000da900000|  0%| F|  |TAMS 0x00000000da800000, 0x00000000da800000| Untracked 
|1449|0x00000000da900000, 0x00000000da900000, 0x00000000daa00000|  0%| F|  |TAMS 0x00000000da900000, 0x00000000da900000| Untracked 
|1450|0x00000000daa00000, 0x00000000daa00000, 0x00000000dab00000|  0%| F|  |TAMS 0x00000000daa00000, 0x00000000daa00000| Untracked 
|1451|0x00000000dab00000, 0x00000000dab00000, 0x00000000dac00000|  0%| F|  |TAMS 0x00000000dab00000, 0x00000000dab00000| Untracked 
|1452|0x00000000dac00000, 0x00000000dac00000, 0x00000000dad00000|  0%| F|  |TAMS 0x00000000dac00000, 0x00000000dac00000| Untracked 
|1453|0x00000000dad00000, 0x00000000dad00000, 0x00000000dae00000|  0%| F|  |TAMS 0x00000000dad00000, 0x00000000dad00000| Untracked 
|1454|0x00000000dae00000, 0x00000000dae00000, 0x00000000daf00000|  0%| F|  |TAMS 0x00000000dae00000, 0x00000000dae00000| Untracked 
|1455|0x00000000daf00000, 0x00000000daf00000, 0x00000000db000000|  0%| F|  |TAMS 0x00000000daf00000, 0x00000000daf00000| Untracked 
|1456|0x00000000db000000, 0x00000000db000000, 0x00000000db100000|  0%| F|  |TAMS 0x00000000db000000, 0x00000000db000000| Untracked 
|1457|0x00000000db100000, 0x00000000db100000, 0x00000000db200000|  0%| F|  |TAMS 0x00000000db100000, 0x00000000db100000| Untracked 
|1458|0x00000000db200000, 0x00000000db200000, 0x00000000db300000|  0%| F|  |TAMS 0x00000000db200000, 0x00000000db200000| Untracked 
|1459|0x00000000db300000, 0x00000000db300000, 0x00000000db400000|  0%| F|  |TAMS 0x00000000db300000, 0x00000000db300000| Untracked 
|1460|0x00000000db400000, 0x00000000db400000, 0x00000000db500000|  0%| F|  |TAMS 0x00000000db400000, 0x00000000db400000| Untracked 
|1461|0x00000000db500000, 0x00000000db500000, 0x00000000db600000|  0%| F|  |TAMS 0x00000000db500000, 0x00000000db500000| Untracked 
|1462|0x00000000db600000, 0x00000000db600000, 0x00000000db700000|  0%| F|  |TAMS 0x00000000db600000, 0x00000000db600000| Untracked 
|1463|0x00000000db700000, 0x00000000db700000, 0x00000000db800000|  0%| F|  |TAMS 0x00000000db700000, 0x00000000db700000| Untracked 
|1464|0x00000000db800000, 0x00000000db800000, 0x00000000db900000|  0%| F|  |TAMS 0x00000000db800000, 0x00000000db800000| Untracked 
|1465|0x00000000db900000, 0x00000000db900000, 0x00000000dba00000|  0%| F|  |TAMS 0x00000000db900000, 0x00000000db900000| Untracked 
|1466|0x00000000dba00000, 0x00000000dba00000, 0x00000000dbb00000|  0%| F|  |TAMS 0x00000000dba00000, 0x00000000dba00000| Untracked 
|1467|0x00000000dbb00000, 0x00000000dbb00000, 0x00000000dbc00000|  0%| F|  |TAMS 0x00000000dbb00000, 0x00000000dbb00000| Untracked 
|1468|0x00000000dbc00000, 0x00000000dbc00000, 0x00000000dbd00000|  0%| F|  |TAMS 0x00000000dbc00000, 0x00000000dbc00000| Untracked 
|1469|0x00000000dbd00000, 0x00000000dbd00000, 0x00000000dbe00000|  0%| F|  |TAMS 0x00000000dbd00000, 0x00000000dbd00000| Untracked 
|1470|0x00000000dbe00000, 0x00000000dbe00000, 0x00000000dbf00000|  0%| F|  |TAMS 0x00000000dbe00000, 0x00000000dbe00000| Untracked 
|1471|0x00000000dbf00000, 0x00000000dbf00000, 0x00000000dc000000|  0%| F|  |TAMS 0x00000000dbf00000, 0x00000000dbf00000| Untracked 
|1472|0x00000000dc000000, 0x00000000dc000000, 0x00000000dc100000|  0%| F|  |TAMS 0x00000000dc000000, 0x00000000dc000000| Untracked 
|1473|0x00000000dc100000, 0x00000000dc100000, 0x00000000dc200000|  0%| F|  |TAMS 0x00000000dc100000, 0x00000000dc100000| Untracked 
|1474|0x00000000dc200000, 0x00000000dc200000, 0x00000000dc300000|  0%| F|  |TAMS 0x00000000dc200000, 0x00000000dc200000| Untracked 
|1475|0x00000000dc300000, 0x00000000dc300000, 0x00000000dc400000|  0%| F|  |TAMS 0x00000000dc300000, 0x00000000dc300000| Untracked 
|1476|0x00000000dc400000, 0x00000000dc400000, 0x00000000dc500000|  0%| F|  |TAMS 0x00000000dc400000, 0x00000000dc400000| Untracked 
|1477|0x00000000dc500000, 0x00000000dc500000, 0x00000000dc600000|  0%| F|  |TAMS 0x00000000dc500000, 0x00000000dc500000| Untracked 
|1478|0x00000000dc600000, 0x00000000dc600000, 0x00000000dc700000|  0%| F|  |TAMS 0x00000000dc600000, 0x00000000dc600000| Untracked 
|1479|0x00000000dc700000, 0x00000000dc700000, 0x00000000dc800000|  0%| F|  |TAMS 0x00000000dc700000, 0x00000000dc700000| Untracked 
|1480|0x00000000dc800000, 0x00000000dc800000, 0x00000000dc900000|  0%| F|  |TAMS 0x00000000dc800000, 0x00000000dc800000| Untracked 
|1481|0x00000000dc900000, 0x00000000dc900000, 0x00000000dca00000|  0%| F|  |TAMS 0x00000000dc900000, 0x00000000dc900000| Untracked 
|1482|0x00000000dca00000, 0x00000000dca00000, 0x00000000dcb00000|  0%| F|  |TAMS 0x00000000dca00000, 0x00000000dca00000| Untracked 
|1483|0x00000000dcb00000, 0x00000000dcb00000, 0x00000000dcc00000|  0%| F|  |TAMS 0x00000000dcb00000, 0x00000000dcb00000| Untracked 
|1484|0x00000000dcc00000, 0x00000000dcc00000, 0x00000000dcd00000|  0%| F|  |TAMS 0x00000000dcc00000, 0x00000000dcc00000| Untracked 
|1485|0x00000000dcd00000, 0x00000000dcd00000, 0x00000000dce00000|  0%| F|  |TAMS 0x00000000dcd00000, 0x00000000dcd00000| Untracked 
|1486|0x00000000dce00000, 0x00000000dce00000, 0x00000000dcf00000|  0%| F|  |TAMS 0x00000000dce00000, 0x00000000dce00000| Untracked 
|1487|0x00000000dcf00000, 0x00000000dcf00000, 0x00000000dd000000|  0%| F|  |TAMS 0x00000000dcf00000, 0x00000000dcf00000| Untracked 
|1488|0x00000000dd000000, 0x00000000dd000000, 0x00000000dd100000|  0%| F|  |TAMS 0x00000000dd000000, 0x00000000dd000000| Untracked 
|1489|0x00000000dd100000, 0x00000000dd100000, 0x00000000dd200000|  0%| F|  |TAMS 0x00000000dd100000, 0x00000000dd100000| Untracked 
|1490|0x00000000dd200000, 0x00000000dd200000, 0x00000000dd300000|  0%| F|  |TAMS 0x00000000dd200000, 0x00000000dd200000| Untracked 
|1491|0x00000000dd300000, 0x00000000dd300000, 0x00000000dd400000|  0%| F|  |TAMS 0x00000000dd300000, 0x00000000dd300000| Untracked 
|1492|0x00000000dd400000, 0x00000000dd400000, 0x00000000dd500000|  0%| F|  |TAMS 0x00000000dd400000, 0x00000000dd400000| Untracked 
|1493|0x00000000dd500000, 0x00000000dd500000, 0x00000000dd600000|  0%| F|  |TAMS 0x00000000dd500000, 0x00000000dd500000| Untracked 
|1494|0x00000000dd600000, 0x00000000dd600000, 0x00000000dd700000|  0%| F|  |TAMS 0x00000000dd600000, 0x00000000dd600000| Untracked 
|1495|0x00000000dd700000, 0x00000000dd700000, 0x00000000dd800000|  0%| F|  |TAMS 0x00000000dd700000, 0x00000000dd700000| Untracked 
|1496|0x00000000dd800000, 0x00000000dd800000, 0x00000000dd900000|  0%| F|  |TAMS 0x00000000dd800000, 0x00000000dd800000| Untracked 
|1497|0x00000000dd900000, 0x00000000dd900000, 0x00000000dda00000|  0%| F|  |TAMS 0x00000000dd900000, 0x00000000dd900000| Untracked 
|1498|0x00000000dda00000, 0x00000000dda00000, 0x00000000ddb00000|  0%| F|  |TAMS 0x00000000dda00000, 0x00000000dda00000| Untracked 
|1499|0x00000000ddb00000, 0x00000000ddb00000, 0x00000000ddc00000|  0%| F|  |TAMS 0x00000000ddb00000, 0x00000000ddb00000| Untracked 
|1500|0x00000000ddc00000, 0x00000000ddc00000, 0x00000000ddd00000|  0%| F|  |TAMS 0x00000000ddc00000, 0x00000000ddc00000| Untracked 
|1501|0x00000000ddd00000, 0x00000000ddd00000, 0x00000000dde00000|  0%| F|  |TAMS 0x00000000ddd00000, 0x00000000ddd00000| Untracked 
|1502|0x00000000dde00000, 0x00000000dde00000, 0x00000000ddf00000|  0%| F|  |TAMS 0x00000000dde00000, 0x00000000dde00000| Untracked 
|1503|0x00000000ddf00000, 0x00000000ddf00000, 0x00000000de000000|  0%| F|  |TAMS 0x00000000ddf00000, 0x00000000ddf00000| Untracked 
|1504|0x00000000de000000, 0x00000000de000000, 0x00000000de100000|  0%| F|  |TAMS 0x00000000de000000, 0x00000000de000000| Untracked 
|1505|0x00000000de100000, 0x00000000de100000, 0x00000000de200000|  0%| F|  |TAMS 0x00000000de100000, 0x00000000de100000| Untracked 
|1506|0x00000000de200000, 0x00000000de200000, 0x00000000de300000|  0%| F|  |TAMS 0x00000000de200000, 0x00000000de200000| Untracked 
|1507|0x00000000de300000, 0x00000000de300000, 0x00000000de400000|  0%| F|  |TAMS 0x00000000de300000, 0x00000000de300000| Untracked 
|1508|0x00000000de400000, 0x00000000de400000, 0x00000000de500000|  0%| F|  |TAMS 0x00000000de400000, 0x00000000de400000| Untracked 
|1509|0x00000000de500000, 0x00000000de500000, 0x00000000de600000|  0%| F|  |TAMS 0x00000000de500000, 0x00000000de500000| Untracked 
|1510|0x00000000de600000, 0x00000000de600000, 0x00000000de700000|  0%| F|  |TAMS 0x00000000de600000, 0x00000000de600000| Untracked 
|1511|0x00000000de700000, 0x00000000de700000, 0x00000000de800000|  0%| F|  |TAMS 0x00000000de700000, 0x00000000de700000| Untracked 
|1512|0x00000000de800000, 0x00000000de800000, 0x00000000de900000|  0%| F|  |TAMS 0x00000000de800000, 0x00000000de800000| Untracked 
|1513|0x00000000de900000, 0x00000000de900000, 0x00000000dea00000|  0%| F|  |TAMS 0x00000000de900000, 0x00000000de900000| Untracked 
|1514|0x00000000dea00000, 0x00000000dea00000, 0x00000000deb00000|  0%| F|  |TAMS 0x00000000dea00000, 0x00000000dea00000| Untracked 
|1515|0x00000000deb00000, 0x00000000deb00000, 0x00000000dec00000|  0%| F|  |TAMS 0x00000000deb00000, 0x00000000deb00000| Untracked 
|1516|0x00000000dec00000, 0x00000000dec00000, 0x00000000ded00000|  0%| F|  |TAMS 0x00000000dec00000, 0x00000000dec00000| Untracked 
|1517|0x00000000ded00000, 0x00000000ded00000, 0x00000000dee00000|  0%| F|  |TAMS 0x00000000ded00000, 0x00000000ded00000| Untracked 
|1518|0x00000000dee00000, 0x00000000dee00000, 0x00000000def00000|  0%| F|  |TAMS 0x00000000dee00000, 0x00000000dee00000| Untracked 
|1519|0x00000000def00000, 0x00000000def00000, 0x00000000df000000|  0%| F|  |TAMS 0x00000000def00000, 0x00000000def00000| Untracked 
|1520|0x00000000df000000, 0x00000000df000000, 0x00000000df100000|  0%| F|  |TAMS 0x00000000df000000, 0x00000000df000000| Untracked 
|1521|0x00000000df100000, 0x00000000df100000, 0x00000000df200000|  0%| F|  |TAMS 0x00000000df100000, 0x00000000df100000| Untracked 
|1522|0x00000000df200000, 0x00000000df200000, 0x00000000df300000|  0%| F|  |TAMS 0x00000000df200000, 0x00000000df200000| Untracked 
|1523|0x00000000df300000, 0x00000000df300000, 0x00000000df400000|  0%| F|  |TAMS 0x00000000df300000, 0x00000000df300000| Untracked 
|1524|0x00000000df400000, 0x00000000df400000, 0x00000000df500000|  0%| F|  |TAMS 0x00000000df400000, 0x00000000df400000| Untracked 
|1525|0x00000000df500000, 0x00000000df500000, 0x00000000df600000|  0%| F|  |TAMS 0x00000000df500000, 0x00000000df500000| Untracked 
|1526|0x00000000df600000, 0x00000000df600000, 0x00000000df700000|  0%| F|  |TAMS 0x00000000df600000, 0x00000000df600000| Untracked 
|1527|0x00000000df700000, 0x00000000df700000, 0x00000000df800000|  0%| F|  |TAMS 0x00000000df700000, 0x00000000df700000| Untracked 
|1528|0x00000000df800000, 0x00000000df800000, 0x00000000df900000|  0%| F|  |TAMS 0x00000000df800000, 0x00000000df800000| Untracked 
|1529|0x00000000df900000, 0x00000000df900000, 0x00000000dfa00000|  0%| F|  |TAMS 0x00000000df900000, 0x00000000df900000| Untracked 
|1530|0x00000000dfa00000, 0x00000000dfa00000, 0x00000000dfb00000|  0%| F|  |TAMS 0x00000000dfa00000, 0x00000000dfa00000| Untracked 
|1531|0x00000000dfb00000, 0x00000000dfb00000, 0x00000000dfc00000|  0%| F|  |TAMS 0x00000000dfb00000, 0x00000000dfb00000| Untracked 
|1532|0x00000000dfc00000, 0x00000000dfc00000, 0x00000000dfd00000|  0%| F|  |TAMS 0x00000000dfc00000, 0x00000000dfc00000| Untracked 
|1533|0x00000000dfd00000, 0x00000000dfd00000, 0x00000000dfe00000|  0%| F|  |TAMS 0x00000000dfd00000, 0x00000000dfd00000| Untracked 
|1534|0x00000000dfe00000, 0x00000000dfe00000, 0x00000000dff00000|  0%| F|  |TAMS 0x00000000dfe00000, 0x00000000dfe00000| Untracked 
|1535|0x00000000dff00000, 0x00000000dff00000, 0x00000000e0000000|  0%| F|  |TAMS 0x00000000dff00000, 0x00000000dff00000| Untracked 
|1536|0x00000000e0000000, 0x00000000e0000000, 0x00000000e0100000|  0%| F|  |TAMS 0x00000000e0000000, 0x00000000e0000000| Untracked 
|1537|0x00000000e0100000, 0x00000000e0100000, 0x00000000e0200000|  0%| F|  |TAMS 0x00000000e0100000, 0x00000000e0100000| Untracked 
|1538|0x00000000e0200000, 0x00000000e0200000, 0x00000000e0300000|  0%| F|  |TAMS 0x00000000e0200000, 0x00000000e0200000| Untracked 
|1539|0x00000000e0300000, 0x00000000e0300000, 0x00000000e0400000|  0%| F|  |TAMS 0x00000000e0300000, 0x00000000e0300000| Untracked 
|1540|0x00000000e0400000, 0x00000000e0400000, 0x00000000e0500000|  0%| F|  |TAMS 0x00000000e0400000, 0x00000000e0400000| Untracked 
|1541|0x00000000e0500000, 0x00000000e0500000, 0x00000000e0600000|  0%| F|  |TAMS 0x00000000e0500000, 0x00000000e0500000| Untracked 
|1542|0x00000000e0600000, 0x00000000e0600000, 0x00000000e0700000|  0%| F|  |TAMS 0x00000000e0600000, 0x00000000e0600000| Untracked 
|1543|0x00000000e0700000, 0x00000000e0700000, 0x00000000e0800000|  0%| F|  |TAMS 0x00000000e0700000, 0x00000000e0700000| Untracked 
|1544|0x00000000e0800000, 0x00000000e0800000, 0x00000000e0900000|  0%| F|  |TAMS 0x00000000e0800000, 0x00000000e0800000| Untracked 
|1545|0x00000000e0900000, 0x00000000e0900000, 0x00000000e0a00000|  0%| F|  |TAMS 0x00000000e0900000, 0x00000000e0900000| Untracked 
|1546|0x00000000e0a00000, 0x00000000e0a00000, 0x00000000e0b00000|  0%| F|  |TAMS 0x00000000e0a00000, 0x00000000e0a00000| Untracked 
|1547|0x00000000e0b00000, 0x00000000e0b00000, 0x00000000e0c00000|  0%| F|  |TAMS 0x00000000e0b00000, 0x00000000e0b00000| Untracked 
|1548|0x00000000e0c00000, 0x00000000e0c00000, 0x00000000e0d00000|  0%| F|  |TAMS 0x00000000e0c00000, 0x00000000e0c00000| Untracked 
|1549|0x00000000e0d00000, 0x00000000e0d00000, 0x00000000e0e00000|  0%| F|  |TAMS 0x00000000e0d00000, 0x00000000e0d00000| Untracked 
|1550|0x00000000e0e00000, 0x00000000e0e00000, 0x00000000e0f00000|  0%| F|  |TAMS 0x00000000e0e00000, 0x00000000e0e00000| Untracked 
|1551|0x00000000e0f00000, 0x00000000e0f00000, 0x00000000e1000000|  0%| F|  |TAMS 0x00000000e0f00000, 0x00000000e0f00000| Untracked 
|1552|0x00000000e1000000, 0x00000000e1000000, 0x00000000e1100000|  0%| F|  |TAMS 0x00000000e1000000, 0x00000000e1000000| Untracked 
|1553|0x00000000e1100000, 0x00000000e1100000, 0x00000000e1200000|  0%| F|  |TAMS 0x00000000e1100000, 0x00000000e1100000| Untracked 
|1554|0x00000000e1200000, 0x00000000e1200000, 0x00000000e1300000|  0%| F|  |TAMS 0x00000000e1200000, 0x00000000e1200000| Untracked 
|1555|0x00000000e1300000, 0x00000000e1300000, 0x00000000e1400000|  0%| F|  |TAMS 0x00000000e1300000, 0x00000000e1300000| Untracked 
|1556|0x00000000e1400000, 0x00000000e1400000, 0x00000000e1500000|  0%| F|  |TAMS 0x00000000e1400000, 0x00000000e1400000| Untracked 
|1557|0x00000000e1500000, 0x00000000e1500000, 0x00000000e1600000|  0%| F|  |TAMS 0x00000000e1500000, 0x00000000e1500000| Untracked 
|1558|0x00000000e1600000, 0x00000000e1600000, 0x00000000e1700000|  0%| F|  |TAMS 0x00000000e1600000, 0x00000000e1600000| Untracked 
|1559|0x00000000e1700000, 0x00000000e1700000, 0x00000000e1800000|  0%| F|  |TAMS 0x00000000e1700000, 0x00000000e1700000| Untracked 
|1560|0x00000000e1800000, 0x00000000e1800000, 0x00000000e1900000|  0%| F|  |TAMS 0x00000000e1800000, 0x00000000e1800000| Untracked 
|1561|0x00000000e1900000, 0x00000000e1900000, 0x00000000e1a00000|  0%| F|  |TAMS 0x00000000e1900000, 0x00000000e1900000| Untracked 
|1562|0x00000000e1a00000, 0x00000000e1a00000, 0x00000000e1b00000|  0%| F|  |TAMS 0x00000000e1a00000, 0x00000000e1a00000| Untracked 
|1563|0x00000000e1b00000, 0x00000000e1b00000, 0x00000000e1c00000|  0%| F|  |TAMS 0x00000000e1b00000, 0x00000000e1b00000| Untracked 
|1564|0x00000000e1c00000, 0x00000000e1c00000, 0x00000000e1d00000|  0%| F|  |TAMS 0x00000000e1c00000, 0x00000000e1c00000| Untracked 
|1565|0x00000000e1d00000, 0x00000000e1d00000, 0x00000000e1e00000|  0%| F|  |TAMS 0x00000000e1d00000, 0x00000000e1d00000| Untracked 
|1566|0x00000000e1e00000, 0x00000000e1e00000, 0x00000000e1f00000|  0%| F|  |TAMS 0x00000000e1e00000, 0x00000000e1e00000| Untracked 
|1567|0x00000000e1f00000, 0x00000000e1f00000, 0x00000000e2000000|  0%| F|  |TAMS 0x00000000e1f00000, 0x00000000e1f00000| Untracked 

Card table byte_map: [0x000001a91a3e0000,0x000001a91a7e0000] _byte_map_base: 0x000001a919fe0000

Marking Bits (Prev, Next): (CMBitMap*) 0x000001a9031b3210, (CMBitMap*) 0x000001a9031b31d0
 Prev Bits: [0x000001a91cbe0000, 0x000001a91ebe0000)
 Next Bits: [0x000001a91abe0000, 0x000001a91cbe0000)

Polling page: 0x000001a900ff0000

Metaspace:

Usage:
  Non-class:    131.97 MB used.
      Class:     19.74 MB used.
       Both:    151.71 MB used.

Virtual space:
  Non-class space:      192.00 MB reserved,     132.88 MB ( 69%) committed,  3 nodes.
      Class space:      416.00 MB reserved,      20.56 MB (  5%) committed,  1 nodes.
             Both:      608.00 MB reserved,     153.44 MB ( 25%) committed. 

Chunk freelists:
   Non-Class:  11.20 MB
       Class:  11.30 MB
        Both:  22.50 MB

MaxMetaspaceSize: 512.00 MB
CompressedClassSpaceSize: 416.00 MB
Initial GC threshold: 21.00 MB
Current GC threshold: 255.75 MB
CDS: on
MetaspaceReclaimPolicy: balanced
 - commit_granule_bytes: 65536.
 - commit_granule_words: 8192.
 - virtual_space_node_default_size: 8388608.
 - enlarge_chunks_in_place: 1.
 - new_chunks_are_fully_committed: 0.
 - uncommit_free_chunks: 1.
 - use_allocation_guard: 0.
 - handle_deallocations: 1.


Internal statistics:

num_allocs_failed_limit: 9.
num_arena_births: 2904.
num_arena_deaths: 96.
num_vsnodes_births: 4.
num_vsnodes_deaths: 0.
num_space_committed: 2456.
num_space_uncommitted: 2.
num_chunks_returned_to_freelist: 131.
num_chunks_taken_from_freelist: 9838.
num_chunk_merges: 46.
num_chunk_splits: 6094.
num_chunks_enlarged: 3603.
num_inconsistent_stats: 0.

CodeHeap 'non-profiled nmethods': size=120000Kb used=25989Kb max_used=25989Kb free=94010Kb
 bounds [0x000001a912780000, 0x000001a9140f0000, 0x000001a919cb0000]
CodeHeap 'profiled nmethods': size=120000Kb used=53787Kb max_used=53787Kb free=66212Kb
 bounds [0x000001a90acb0000, 0x000001a90e190000, 0x000001a9121e0000]
CodeHeap 'non-nmethods': size=5760Kb used=2542Kb max_used=2634Kb free=3217Kb
 bounds [0x000001a9121e0000, 0x000001a912490000, 0x000001a912780000]
 total_blobs=28135 nmethods=27051 adapters=993
 compilation: enabled
              stopped_count=0, restarted_count=0
 full_count=0

Compilation events (20 events):
Event: 1790.459 Thread 0x000001a921627d20 34894   !   3       sun.rmi.server.LoaderHandler::loadClass (129 bytes)
Event: 1790.483 Thread 0x000001a921627d20 nmethod 34894 0x000001a90beb2b10 code [0x000001a90beb2ee0, 0x000001a90beb48f8]
Event: 1791.949 Thread 0x000001a921627d20 34895       3       org.gradle.internal.logging.slf4j.DefaultContextAwareTaskLogger::debug (17 bytes)
Event: 1791.955 Thread 0x000001a921627d20 nmethod 34895 0x000001a90d7bca10 code [0x000001a90d7bcbe0, 0x000001a90d7bcf78]
Event: 1791.955 Thread 0x000001a921627d20 34896       3       org.jetbrains.kotlin.gradle.logging.GradlePrintingMessageCollector::report (167 bytes)
Event: 1791.961 Thread 0x000001a921627d20 nmethod 34896 0x000001a90e180590 code [0x000001a90e180ba0, 0x000001a90e183888]
Event: 1791.961 Thread 0x000001a921627d20 34897       3       org.jetbrains.kotlin.cli.common.messages.GradleStyleMessageRenderer::render (277 bytes)
Event: 1791.961 Thread 0x000001a92161ea40 34899       4       java.io.OutputStreamWriter::write (11 bytes)
Event: 1791.963 Thread 0x000001a92161ea40 nmethod 34899 0x000001a9140daf10 code [0x000001a9140db0a0, 0x000001a9140db168]
Event: 1791.963 Thread 0x000001a92161ea40 34900       4       org.gradle.internal.logging.text.AbstractLineChoppingStyledTextOutput$StateContext::flushLineText (113 bytes)
Event: 1791.966 Thread 0x000001a921627d20 nmethod 34897 0x000001a90e184790 code [0x000001a90e184d00, 0x000001a90e1870c8]
Event: 1791.966 Thread 0x000001a921627d20 34898       1       org.jetbrains.kotlin.cli.common.messages.CompilerMessageLocationWithRange::getPath (5 bytes)
Event: 1791.966 Thread 0x000001a921627d20 nmethod 34898 0x000001a9140db210 code [0x000001a9140db3a0, 0x000001a9140db478]
Event: 1791.978 Thread 0x000001a921627d20 34901       1       org.gradle.internal.logging.events.LogEvent::getMessage (5 bytes)
Event: 1791.978 Thread 0x000001a921627d20 nmethod 34901 0x000001a9140db510 code [0x000001a9140db6a0, 0x000001a9140db778]
Event: 1791.978 Thread 0x000001a921627d20 34902       1       org.gradle.internal.logging.events.LogEvent::getThrowable (5 bytes)
Event: 1791.978 Thread 0x000001a921627d20 nmethod 34902 0x000001a9140db810 code [0x000001a9140db9a0, 0x000001a9140dba78]
Event: 1792.147 Thread 0x000001a92161ea40 nmethod 34900 0x000001a9140dbb10 code [0x000001a9140dbda0, 0x000001a9140de120]
Event: 1792.640 Thread 0x000001a92161ea40 34903   !   4       org.gradle.internal.execution.history.impl.FileSystemSnapshotSerializer$1$1::visitRegularFile (111 bytes)
Event: 1792.720 Thread 0x000001a92161ea40 nmethod 34903 0x000001a9140df590 code [0x000001a9140df820, 0x000001a9140e0980]

GC Heap History (20 events):
Event: 1735.094 GC heap before
{Heap before GC invocations=75 (full 0):
 garbage-first heap   total 1246208K, used 591192K [0x0000000080000000, 0x0000000100000000)
  region size 1024K, 160 young (163840K), 7 survivors (7168K)
 Metaspace       used 155279K, committed 157056K, reserved 622592K
  class space    used 20222K, committed 21056K, reserved 425984K
}
Event: 1735.112 GC heap after
{Heap after GC invocations=76 (full 0):
 garbage-first heap   total 1246208K, used 423178K [0x0000000080000000, 0x0000000100000000)
  region size 1024K, 6 young (6144K), 6 survivors (6144K)
 Metaspace       used 155279K, committed 157056K, reserved 622592K
  class space    used 20222K, committed 21056K, reserved 425984K
}
Event: 1746.773 GC heap before
{Heap before GC invocations=76 (full 0):
 garbage-first heap   total 1246208K, used 702730K [0x0000000080000000, 0x0000000100000000)
  region size 1024K, 237 young (242688K), 6 survivors (6144K)
 Metaspace       used 155450K, committed 157184K, reserved 622592K
  class space    used 20230K, committed 21056K, reserved 425984K
}
Event: 1747.013 GC heap after
{Heap after GC invocations=77 (full 0):
 garbage-first heap   total 1246208K, used 502348K [0x0000000080000000, 0x0000000100000000)
  region size 1024K, 30 young (30720K), 30 survivors (30720K)
 Metaspace       used 155450K, committed 157184K, reserved 622592K
  class space    used 20230K, committed 21056K, reserved 425984K
}
Event: 1747.735 GC heap before
{Heap before GC invocations=77 (full 0):
 garbage-first heap   total 1246208K, used 533068K [0x0000000080000000, 0x0000000100000000)
  region size 1024K, 60 young (61440K), 30 survivors (30720K)
 Metaspace       used 155450K, committed 157184K, reserved 622592K
  class space    used 20230K, committed 21056K, reserved 425984K
}
Event: 1747.851 GC heap after
{Heap after GC invocations=78 (full 0):
 garbage-first heap   total 1246208K, used 518527K [0x0000000080000000, 0x0000000100000000)
  region size 1024K, 8 young (8192K), 8 survivors (8192K)
 Metaspace       used 155450K, committed 157184K, reserved 622592K
  class space    used 20230K, committed 21056K, reserved 425984K
}
Event: 1750.464 GC heap before
{Heap before GC invocations=78 (full 0):
 garbage-first heap   total 1246208K, used 579967K [0x0000000080000000, 0x0000000100000000)
  region size 1024K, 69 young (70656K), 8 survivors (8192K)
 Metaspace       used 155463K, committed 157184K, reserved 622592K
  class space    used 20230K, committed 21056K, reserved 425984K
}
Event: 1750.538 GC heap after
{Heap after GC invocations=79 (full 0):
 garbage-first heap   total 1246208K, used 550912K [0x0000000080000000, 0x0000000100000000)
  region size 1024K, 9 young (9216K), 9 survivors (9216K)
 Metaspace       used 155463K, committed 157184K, reserved 622592K
  class space    used 20230K, committed 21056K, reserved 425984K
}
Event: 1753.195 GC heap before
{Heap before GC invocations=79 (full 0):
 garbage-first heap   total 1246208K, used 634880K [0x0000000080000000, 0x0000000100000000)
  region size 1024K, 90 young (92160K), 9 survivors (9216K)
 Metaspace       used 155545K, committed 157248K, reserved 622592K
  class space    used 20232K, committed 21056K, reserved 425984K
}
Event: 1753.253 GC heap after
{Heap after GC invocations=80 (full 0):
 garbage-first heap   total 1246208K, used 563666K [0x0000000080000000, 0x0000000100000000)
  region size 1024K, 9 young (9216K), 9 survivors (9216K)
 Metaspace       used 155545K, committed 157248K, reserved 622592K
  class space    used 20232K, committed 21056K, reserved 425984K
}
Event: 1765.028 GC heap before
{Heap before GC invocations=80 (full 0):
 garbage-first heap   total 1246208K, used 714194K [0x0000000080000000, 0x0000000100000000)
  region size 1024K, 133 young (136192K), 9 survivors (9216K)
 Metaspace       used 155563K, committed 157248K, reserved 622592K
  class space    used 20232K, committed 21056K, reserved 425984K
}
Event: 1765.126 GC heap after
{Heap after GC invocations=81 (full 0):
 garbage-first heap   total 1246208K, used 595556K [0x0000000080000000, 0x0000000100000000)
  region size 1024K, 17 young (17408K), 17 survivors (17408K)
 Metaspace       used 155563K, committed 157248K, reserved 622592K
  class space    used 20232K, committed 21056K, reserved 425984K
}
Event: 1767.428 GC heap before
{Heap before GC invocations=81 (full 0):
 garbage-first heap   total 1246208K, used 716388K [0x0000000080000000, 0x0000000100000000)
  region size 1024K, 116 young (118784K), 17 survivors (17408K)
 Metaspace       used 155567K, committed 157248K, reserved 622592K
  class space    used 20232K, committed 21056K, reserved 425984K
}
Event: 1767.518 GC heap after
{Heap after GC invocations=82 (full 0):
 garbage-first heap   total 1246208K, used 620480K [0x0000000080000000, 0x0000000100000000)
  region size 1024K, 15 young (15360K), 15 survivors (15360K)
 Metaspace       used 155567K, committed 157248K, reserved 622592K
  class space    used 20232K, committed 21056K, reserved 425984K
}
Event: 1775.725 GC heap before
{Heap before GC invocations=82 (full 0):
 garbage-first heap   total 1246208K, used 843712K [0x0000000080000000, 0x0000000100000000)
  region size 1024K, 68 young (69632K), 15 survivors (15360K)
 Metaspace       used 155571K, committed 157248K, reserved 622592K
  class space    used 20232K, committed 21056K, reserved 425984K
}
Event: 1775.840 GC heap after
{Heap after GC invocations=83 (full 0):
 garbage-first heap   total 1246208K, used 625911K [0x0000000080000000, 0x0000000100000000)
  region size 1024K, 3 young (3072K), 3 survivors (3072K)
 Metaspace       used 155571K, committed 157248K, reserved 622592K
  class space    used 20232K, committed 21056K, reserved 425984K
}
Event: 1776.085 GC heap before
{Heap before GC invocations=83 (full 0):
 garbage-first heap   total 1246208K, used 652535K [0x0000000080000000, 0x0000000100000000)
  region size 1024K, 4 young (4096K), 3 survivors (3072K)
 Metaspace       used 155571K, committed 157248K, reserved 622592K
  class space    used 20232K, committed 21056K, reserved 425984K
}
Event: 1776.089 GC heap after
{Heap after GC invocations=84 (full 0):
 garbage-first heap   total 1246208K, used 636572K [0x0000000080000000, 0x0000000100000000)
  region size 1024K, 1 young (1024K), 1 survivors (1024K)
 Metaspace       used 155571K, committed 157248K, reserved 622592K
  class space    used 20232K, committed 21056K, reserved 425984K
}
Event: 1776.512 GC heap before
{Heap before GC invocations=84 (full 0):
 garbage-first heap   total 1246208K, used 670364K [0x0000000080000000, 0x0000000100000000)
  region size 1024K, 2 young (2048K), 1 survivors (1024K)
 Metaspace       used 155571K, committed 157248K, reserved 622592K
  class space    used 20232K, committed 21056K, reserved 425984K
}
Event: 1776.522 GC heap after
{Heap after GC invocations=85 (full 0):
 garbage-first heap   total 1246208K, used 652813K [0x0000000080000000, 0x0000000100000000)
  region size 1024K, 1 young (1024K), 1 survivors (1024K)
 Metaspace       used 155571K, committed 157248K, reserved 622592K
  class space    used 20232K, committed 21056K, reserved 425984K
}

Dll operation events (16 events):
Event: 0.006 Loaded shared library C:\Program Files\Microsoft\jdk-17.0.16.8-hotspot\bin\java.dll
Event: 0.026 Loaded shared library C:\Program Files\Microsoft\jdk-17.0.16.8-hotspot\bin\jsvml.dll
Event: 0.061 Loaded shared library C:\Program Files\Microsoft\jdk-17.0.16.8-hotspot\bin\net.dll
Event: 0.063 Loaded shared library C:\Program Files\Microsoft\jdk-17.0.16.8-hotspot\bin\nio.dll
Event: 0.066 Loaded shared library C:\Program Files\Microsoft\jdk-17.0.16.8-hotspot\bin\zip.dll
Event: 0.208 Loaded shared library C:\Program Files\Microsoft\jdk-17.0.16.8-hotspot\bin\jimage.dll
Event: 0.250 Loaded shared library C:\Program Files\Microsoft\jdk-17.0.16.8-hotspot\bin\verify.dll
Event: 0.381 Loaded shared library C:\Users\patil\.gradle\native\68d5fa5c4cc2d200863cafc0d521ce42e7d3e7ee720ec0a83991735586a16f82\windows-amd64\native-platform.dll
Event: 0.392 Loaded shared library C:\Users\patil\.gradle\native\e376f236ea51e6404a007f0833ffe2c6e607c4080706a723a18a27aeea778392\windows-amd64\native-platform-file-events.dll
Event: 1.300 Loaded shared library C:\Program Files\Microsoft\jdk-17.0.16.8-hotspot\bin\management.dll
Event: 1.302 Loaded shared library C:\Program Files\Microsoft\jdk-17.0.16.8-hotspot\bin\management_ext.dll
Event: 1.492 Loaded shared library C:\Program Files\Microsoft\jdk-17.0.16.8-hotspot\bin\extnet.dll
Event: 1.685 Loaded shared library C:\Program Files\Microsoft\jdk-17.0.16.8-hotspot\bin\sunmscapi.dll
Event: 1476.849 Loaded shared library C:\Users\patil\AppData\Local\Temp\native-platform2331431084567468489dir\native-platform.dll
Event: 1478.122 Loaded shared library C:\Users\patil\AppData\Local\Temp\native-platform18254284105732801063dir\native-platform.dll
Event: 1479.913 Loaded shared library C:\Program Files\Microsoft\jdk-17.0.16.8-hotspot\bin\rmi.dll

Deoptimization events (20 events):
Event: 1774.825 Thread 0x000001a9482d6a70 Uncommon trap: trap_request=0xffffff45 fr.pc=0x000001a91342109c relative=0x000000000000015c
Event: 1774.825 Thread 0x000001a9482d6a70 Uncommon trap: reason=unstable_if action=reinterpret pc=0x000001a91342109c method=com.android.tools.build.jetifier.processor.archive.Archive$Builder.isArchive(Ljava/util/zip/ZipEntry;)Z @ 88 c2
Event: 1774.825 Thread 0x000001a9482d6a70 DEOPT PACKING pc=0x000001a91342109c sp=0x0000000bd5efb700
Event: 1774.825 Thread 0x000001a9482d6a70 DEOPT UNPACKING pc=0x000001a91223a1a3 sp=0x0000000bd5efb680 mode 2
Event: 1781.468 Thread 0x000001a944f121f0 Uncommon trap: trap_request=0xffffff45 fr.pc=0x000001a9129e8938 relative=0x0000000000000438
Event: 1781.468 Thread 0x000001a944f121f0 Uncommon trap: reason=unstable_if action=reinterpret pc=0x000001a9129e8938 method=java.util.concurrent.FutureTask.run()V @ 4 c2
Event: 1781.468 Thread 0x000001a944f121f0 DEOPT PACKING pc=0x000001a9129e8938 sp=0x0000000bdc3ff5a0
Event: 1781.469 Thread 0x000001a944f121f0 DEOPT UNPACKING pc=0x000001a91223a1a3 sp=0x0000000bdc3ff538 mode 2
Event: 1781.472 Thread 0x000001a944f0ef50 Uncommon trap: trap_request=0xffffff45 fr.pc=0x000001a912897600 relative=0x0000000000000340
Event: 1781.472 Thread 0x000001a944f0ef50 Uncommon trap: reason=unstable_if action=reinterpret pc=0x000001a912897600 method=java.util.WeakHashMap.expungeStaleEntries()V @ 9 c2
Event: 1781.472 Thread 0x000001a944f0ef50 DEOPT PACKING pc=0x000001a912897600 sp=0x0000000bd61ff060
Event: 1781.474 Thread 0x000001a944f0ef50 DEOPT UNPACKING pc=0x000001a91223a1a3 sp=0x0000000bd61fef18 mode 2
Event: 1784.030 Thread 0x000001a9215ffc00 Uncommon trap: trap_request=0xffffffde fr.pc=0x000001a91340e544 relative=0x00000000000001a4
Event: 1784.030 Thread 0x000001a9215ffc00 Uncommon trap: reason=class_check action=maybe_recompile pc=0x000001a91340e544 method=com.sun.crypto.provider.ChaCha20Cipher.engineGetOutputSize(I)I @ 6 c2
Event: 1784.030 Thread 0x000001a9215ffc00 DEOPT PACKING pc=0x000001a91340e544 sp=0x0000000bd24fee70
Event: 1784.031 Thread 0x000001a9215ffc00 DEOPT UNPACKING pc=0x000001a91223a1a3 sp=0x0000000bd24fee30 mode 2
Event: 1784.035 Thread 0x000001a9215ffc00 Uncommon trap: trap_request=0xffffff45 fr.pc=0x000001a913fa810c relative=0x0000000000000e6c
Event: 1784.035 Thread 0x000001a9215ffc00 Uncommon trap: reason=unstable_if action=reinterpret pc=0x000001a913fa810c method=com.sun.crypto.provider.ChaCha20Cipher$EngineAEADDec.doUpdate([BII[BI)I @ 7 c2
Event: 1784.035 Thread 0x000001a9215ffc00 DEOPT PACKING pc=0x000001a913fa810c sp=0x0000000bd24feec0
Event: 1784.035 Thread 0x000001a9215ffc00 DEOPT UNPACKING pc=0x000001a91223a1a3 sp=0x0000000bd24fee30 mode 2

Classes loaded (20 events):
Event: 1720.621 Loading class java/lang/StackStreamFactory
Event: 1720.623 Loading class java/lang/StackStreamFactory done
Event: 1720.623 Loading class java/lang/StackWalker$ExtendedOption
Event: 1720.624 Loading class java/lang/StackWalker$ExtendedOption done
Event: 1720.624 Loading class java/lang/StackStreamFactory$StackFrameTraverser
Event: 1720.626 Loading class java/lang/StackStreamFactory$StackFrameTraverser done
Event: 1720.626 Loading class java/lang/StackStreamFactory$WalkerState
Event: 1720.626 Loading class java/lang/StackStreamFactory$WalkerState done
Event: 1720.626 Loading class java/lang/StackStreamFactory$1
Event: 1720.627 Loading class java/lang/StackStreamFactory$1 done
Event: 1720.627 Loading class java/lang/StackStreamFactory$StackFrameTraverser$StackFrameBuffer
Event: 1720.628 Loading class java/lang/StackStreamFactory$FrameBuffer
Event: 1720.630 Loading class java/lang/StackStreamFactory$FrameBuffer done
Event: 1720.630 Loading class java/lang/StackStreamFactory$StackFrameTraverser$StackFrameBuffer done
Event: 1781.490 Loading class sun/security/ssl/Alert
Event: 1782.455 Loading class sun/security/ssl/Alert done
Event: 1784.024 Loading class sun/security/ssl/Alert$AlertConsumer
Event: 1784.028 Loading class sun/security/ssl/Alert$AlertConsumer done
Event: 1784.028 Loading class sun/security/ssl/Alert$Level
Event: 1784.029 Loading class sun/security/ssl/Alert$Level done

Classes unloaded (20 events):
Event: 1780.453 Thread 0x000001a9215fab00 Unloading class 0x000001a924327800 'jdk/internal/jimage/ImageHeader'
Event: 1780.453 Thread 0x000001a9215fab00 Unloading class 0x000001a924326dc8 'jdk/internal/jimage/BasicImageReader$2'
Event: 1780.453 Thread 0x000001a9215fab00 Unloading class 0x000001a924326b98 'jdk/internal/jimage/BasicImageReader$1'
Event: 1780.453 Thread 0x000001a9215fab00 Unloading class 0x000001a924326930 'jdk/internal/jimage/ImageReader$Resource'
Event: 1780.453 Thread 0x000001a9215fab00 Unloading class 0x000001a9243266c8 'jdk/internal/jimage/ImageReader$LinkNode'
Event: 1780.453 Thread 0x000001a9215fab00 Unloading class 0x000001a924326460 'jdk/internal/jimage/ImageReader$Directory'
Event: 1780.453 Thread 0x000001a9215fab00 Unloading class 0x000001a9243261f8 'jdk/internal/jimage/ImageReader$Node'
Event: 1780.453 Thread 0x000001a9215fab00 Unloading class 0x000001a924326000 'jdk/internal/jimage/ImageStrings'
Event: 1780.454 Thread 0x000001a9215fab00 Unloading class 0x000001a924325b50 'jdk/internal/jimage/ImageReader$SharedImageReader'
Event: 1780.454 Thread 0x000001a9215fab00 Unloading class 0x000001a924325890 'jdk/internal/jimage/BasicImageReader'
Event: 1780.454 Thread 0x000001a9215fab00 Unloading class 0x000001a924325670 'jdk/internal/jimage/ImageReader'
Event: 1780.454 Thread 0x000001a9215fab00 Unloading class 0x000001a924325448 'jdk/internal/jrtfs/SystemImage$2'
Event: 1780.454 Thread 0x000001a9215fab00 Unloading class 0x000001a924325230 'jdk/internal/jrtfs/SystemImage$$Lambda$2293+0x000001a924325230'
Event: 1780.454 Thread 0x000001a9215fab00 Unloading class 0x000001a924325000 'jdk/internal/jrtfs/ExplodedImage'
Event: 1780.454 Thread 0x000001a9215fab00 Unloading class 0x000001a924324dc8 'jdk/internal/jrtfs/SystemImage$1'
Event: 1780.454 Thread 0x000001a9215fab00 Unloading class 0x000001a924324bb0 'jdk/internal/jrtfs/SystemImage'
Event: 1780.454 Thread 0x000001a9215fab00 Unloading class 0x000001a924324950 'jdk/internal/jrtfs/JrtFileStore'
Event: 1780.454 Thread 0x000001a9215fab00 Unloading class 0x000001a9243245d8 'jdk/internal/jrtfs/JrtPath'
Event: 1780.454 Thread 0x000001a9215fab00 Unloading class 0x000001a9243242e0 'jdk/internal/jrtfs/JrtFileSystem'
Event: 1780.454 Thread 0x000001a9215fab00 Unloading class 0x000001a924324000 'jdk/internal/jrtfs/JrtFileSystemProvider'

Classes redefined (0 events):
No events

Internal exceptions (20 events):
Event: 1751.906 Thread 0x000001a944f0e530 Exception <a 'java/lang/InterruptedException'{0x00000000c7fc20e0}> (0x00000000c7fc20e0) 
thrown [s\src\hotspot\share\runtime\objectMonitor.cpp, line 1658]
Event: 1752.049 Thread 0x000001a9482dbb70 Exception <a 'sun/nio/fs/WindowsException'{0x00000000c7cafa38}> (0x00000000c7cafa38) 
thrown [s\src\hotspot\share\prims\jni.cpp, line 516]
Event: 1752.050 Thread 0x000001a9482dbb70 Exception <a 'sun/nio/fs/WindowsException'{0x00000000c7cb1870}> (0x00000000c7cb1870) 
thrown [s\src\hotspot\share\prims\jni.cpp, line 516]
Event: 1752.074 Thread 0x000001a9482dbb70 Exception <a 'sun/nio/fs/WindowsException'{0x00000000c7cbf100}> (0x00000000c7cbf100) 
thrown [s\src\hotspot\share\prims\jni.cpp, line 516]
Event: 1752.079 Thread 0x000001a9482dbb70 Exception <a 'sun/nio/fs/WindowsException'{0x00000000c7ccbcb0}> (0x00000000c7ccbcb0) 
thrown [s\src\hotspot\share\prims\jni.cpp, line 516]
Event: 1752.083 Thread 0x000001a9482dbb70 Exception <a 'sun/nio/fs/WindowsException'{0x00000000c7cdbcf0}> (0x00000000c7cdbcf0) 
thrown [s\src\hotspot\share\prims\jni.cpp, line 516]
Event: 1752.094 Thread 0x000001a9482dbb70 Exception <a 'sun/nio/fs/WindowsException'{0x00000000c7cf7da0}> (0x00000000c7cf7da0) 
thrown [s\src\hotspot\share\prims\jni.cpp, line 516]
Event: 1752.095 Thread 0x000001a9482dbb70 Exception <a 'sun/nio/fs/WindowsException'{0x00000000c7cf8c68}> (0x00000000c7cf8c68) 
thrown [s\src\hotspot\share\prims\jni.cpp, line 516]
Event: 1752.106 Thread 0x000001a9482d88d0 Exception <a 'sun/nio/fs/WindowsException'{0x00000000c720f7a8}> (0x00000000c720f7a8) 
thrown [s\src\hotspot\share\prims\jni.cpp, line 516]
Event: 1752.135 Thread 0x000001a9482dbb70 Exception <a 'sun/nio/fs/WindowsException'{0x00000000c7232a30}> (0x00000000c7232a30) 
thrown [s\src\hotspot\share\prims\jni.cpp, line 516]
Event: 1752.135 Thread 0x000001a9482dbb70 Exception <a 'sun/nio/fs/WindowsException'{0x00000000c72344a8}> (0x00000000c72344a8) 
thrown [s\src\hotspot\share\prims\jni.cpp, line 516]
Event: 1752.135 Thread 0x000001a9482dbb70 Exception <a 'sun/nio/fs/WindowsException'{0x00000000c7236128}> (0x00000000c7236128) 
thrown [s\src\hotspot\share\prims\jni.cpp, line 516]
Event: 1752.135 Thread 0x000001a9482dbb70 Exception <a 'sun/nio/fs/WindowsException'{0x00000000c7237cb0}> (0x00000000c7237cb0) 
thrown [s\src\hotspot\share\prims\jni.cpp, line 516]
Event: 1752.466 Thread 0x000001a9482dbb70 Exception <a 'sun/nio/fs/WindowsException'{0x00000000c72caf90}> (0x00000000c72caf90) 
thrown [s\src\hotspot\share\prims\jni.cpp, line 516]
Event: 1752.466 Thread 0x000001a9482dbb70 Exception <a 'sun/nio/fs/WindowsException'{0x00000000c72cbe38}> (0x00000000c72cbe38) 
thrown [s\src\hotspot\share\prims\jni.cpp, line 516]
Event: 1752.470 Thread 0x000001a9482d88d0 Exception <a 'sun/nio/fs/WindowsException'{0x00000000c72d58a8}> (0x00000000c72d58a8) 
thrown [s\src\hotspot\share\prims\jni.cpp, line 516]
Event: 1752.489 Thread 0x000001a943876330 Exception <a 'sun/nio/fs/WindowsException'{0x00000000d4732690}> (0x00000000d4732690) 
thrown [s\src\hotspot\share\prims\jni.cpp, line 516]
Event: 1753.381 Thread 0x000001a9482d6a70 Implicit null exception at 0x000001a9133f7195 to 0x000001a9133fd5d4
Event: 1765.196 Thread 0x000001a943b7afb0 Exception <a 'sun/nio/fs/WindowsException'{0x00000000d5d369a8}> (0x00000000d5d369a8) 
thrown [s\src\hotspot\share\prims\jni.cpp, line 516]
Event: 1769.554 Thread 0x000001a943b768d0 Exception <a 'sun/nio/fs/WindowsException'{0x00000000c97aa720}> (0x00000000c97aa720) 
thrown [s\src\hotspot\share\prims\jni.cpp, line 516]

VM Operations (20 events):
Event: 1769.558 Executing VM operation: Cleanup
Event: 1769.569 Executing VM operation: Cleanup done
Event: 1772.570 Executing VM operation: Cleanup
Event: 1772.570 Executing VM operation: Cleanup done
Event: 1773.570 Executing VM operation: Cleanup
Event: 1774.202 Executing VM operation: Cleanup done
Event: 1775.723 Executing VM operation: G1TryInitiateConcMark
Event: 1775.841 Executing VM operation: G1TryInitiateConcMark done
Event: 1776.085 Executing VM operation: G1TryInitiateConcMark
Event: 1776.089 Executing VM operation: G1TryInitiateConcMark done
Event: 1776.512 Executing VM operation: G1TryInitiateConcMark
Event: 1776.523 Executing VM operation: G1TryInitiateConcMark done
Event: 1778.605 Executing VM operation: G1PauseRemark
Event: 1781.467 Executing VM operation: G1PauseRemark done
Event: 1782.328 Executing VM operation: G1PauseCleanup
Event: 1783.924 Executing VM operation: G1PauseCleanup done
Event: 1784.925 Executing VM operation: Cleanup
Event: 1784.967 Executing VM operation: Cleanup done
Event: 1792.006 Executing VM operation: Cleanup
Event: 1792.143 Executing VM operation: Cleanup done

Memory protections (0 events):
No events

Nmethod flushes (20 events):
Event: 1751.153 Thread 0x000001a92162a730 flushing  nmethod 0x000001a90bce1e10
Event: 1751.372 Thread 0x000001a92162a730 flushing  nmethod 0x000001a90ceb3f90
Event: 1751.384 Thread 0x000001a92162a730 flushing  nmethod 0x000001a90cfc9790
Event: 1751.392 Thread 0x000001a92162a730 flushing  nmethod 0x000001a90d0a9c10
Event: 1751.392 Thread 0x000001a92162a730 flushing  nmethod 0x000001a90d0aa190
Event: 1751.392 Thread 0x000001a92162a730 flushing  nmethod 0x000001a90d0aaa10
Event: 1751.393 Thread 0x000001a92162a730 flushing  nmethod 0x000001a90d0b2390
Event: 1751.401 Thread 0x000001a92162a730 flushing  nmethod 0x000001a90d11fe10
Event: 1751.401 Thread 0x000001a92162a730 flushing  nmethod 0x000001a90d120690
Event: 1751.413 Thread 0x000001a92162a730 flushing  nmethod 0x000001a90d1fbf10
Event: 1751.413 Thread 0x000001a92162a730 flushing  nmethod 0x000001a90d1fea90
Event: 1751.413 Thread 0x000001a92162a730 flushing  nmethod 0x000001a90d211610
Event: 1751.413 Thread 0x000001a92162a730 flushing  nmethod 0x000001a90d212110
Event: 1751.413 Thread 0x000001a92162a730 flushing  nmethod 0x000001a90d212690
Event: 1751.415 Thread 0x000001a92162a730 flushing  nmethod 0x000001a90d24aa10
Event: 1751.416 Thread 0x000001a92162a730 flushing  nmethod 0x000001a90d264990
Event: 1751.423 Thread 0x000001a92162a730 flushing  nmethod 0x000001a90d2b2f90
Event: 1751.426 Thread 0x000001a92162a730 flushing  nmethod 0x000001a90d300410
Event: 1751.505 Thread 0x000001a92162a730 flushing  nmethod 0x000001a90db5a610
Event: 1751.527 Thread 0x000001a92162a730 flushing  nmethod 0x000001a90dd9a690

Events (20 events):
Event: 1747.029 Thread 0x000001a943b763c0 Thread added: 0x000001a943b768d0
Event: 1747.125 Thread 0x000001a943b768d0 Thread added: 0x000001a944f12700
Event: 1749.209 Thread 0x000001a92161ea40 Thread added: 0x000001a94581ee10
Event: 1750.185 Thread 0x000001a94581ee10 Thread exited: 0x000001a94581ee10
Event: 1751.309 Thread 0x000001a943877c80 Thread added: 0x000001a944f0e530
Event: 1763.015 Thread 0x000001a921627d20 Thread added: 0x000001a945822dd0
Event: 1764.802 Thread 0x000001a945822dd0 Thread exited: 0x000001a945822dd0
Event: 1769.631 Thread 0x000001a943b763c0 Thread exited: 0x000001a943b763c0
Event: 1769.631 Thread 0x000001a943b7b9d0 Thread exited: 0x000001a943b7b9d0
Event: 1769.639 Thread 0x000001a944f12700 Thread exited: 0x000001a944f12700
Event: 1769.640 Thread 0x000001a943b7aaa0 Thread exited: 0x000001a943b7aaa0
Event: 1769.640 Thread 0x000001a943b7d830 Thread exited: 0x000001a943b7d830
Event: 1769.643 Thread 0x000001a943b768d0 Thread exited: 0x000001a943b768d0
Event: 1769.645 Thread 0x000001a943b7afb0 Thread exited: 0x000001a943b7afb0
Event: 1769.646 Thread 0x000001a943b77d10 Thread exited: 0x000001a943b77d10
Event: 1772.431 Thread 0x000001a94440c990 Thread exited: 0x000001a94440c990
Event: 1781.502 Thread 0x000001a943b7a080 Thread exited: 0x000001a943b7a080
Event: 1781.513 Thread 0x000001a944f0cbe0 Thread exited: 0x000001a944f0cbe0
Event: 1781.655 Thread 0x000001a943b7a590 Thread exited: 0x000001a943b7a590
Event: 1781.742 Thread 0x000001a944f0ef50 Thread exited: 0x000001a944f0ef50


Dynamic libraries:
0x00007ff7c7cd0000 - 0x00007ff7c7cde000 	C:\Program Files\Microsoft\jdk-17.0.16.8-hotspot\bin\java.exe
0x00007ffa7f650000 - 0x00007ffa7f848000 	C:\Windows\SYSTEM32\ntdll.dll
0x00007ffa74bc0000 - 0x00007ffa74be0000 	C:\Program Files\Avast Software\Avast\aswhook.dll
0x00007ffa7f380000 - 0x00007ffa7f442000 	C:\Windows\System32\KERNEL32.DLL
0x00007ffa7d1c0000 - 0x00007ffa7d4b6000 	C:\Windows\System32\KERNELBASE.dll
0x00007ffa7d520000 - 0x00007ffa7d620000 	C:\Windows\System32\ucrtbase.dll
0x00007ffa53930000 - 0x00007ffa53948000 	C:\Program Files\Microsoft\jdk-17.0.16.8-hotspot\bin\jli.dll
0x00007ffa52c20000 - 0x00007ffa52c3e000 	C:\Program Files\Microsoft\jdk-17.0.16.8-hotspot\bin\VCRUNTIME140.dll
0x00007ffa7ea90000 - 0x00007ffa7ec2d000 	C:\Windows\System32\USER32.dll
0x00007ffa7d4f0000 - 0x00007ffa7d512000 	C:\Windows\System32\win32u.dll
0x00007ffa736a0000 - 0x00007ffa7393a000 	C:\Windows\WinSxS\amd64_microsoft.windows.common-controls_6595b64144ccf1df_6.0.19041.5915_none_60b4b9d171f9c7c7\COMCTL32.dll
0x00007ffa7f1a0000 - 0x00007ffa7f1cb000 	C:\Windows\System32\GDI32.dll
0x00007ffa7ce30000 - 0x00007ffa7cf49000 	C:\Windows\System32\gdi32full.dll
0x00007ffa7e9f0000 - 0x00007ffa7ea8e000 	C:\Windows\System32\msvcrt.dll
0x00007ffa7cce0000 - 0x00007ffa7cd7d000 	C:\Windows\System32\msvcp_win.dll
0x00007ffa7f5e0000 - 0x00007ffa7f60f000 	C:\Windows\System32\IMM32.DLL
0x00007ffa5ee10000 - 0x00007ffa5ee1c000 	C:\Program Files\Microsoft\jdk-17.0.16.8-hotspot\bin\vcruntime140_1.dll
0x00007ffa36960000 - 0x00007ffa369e9000 	C:\Program Files\Microsoft\jdk-17.0.16.8-hotspot\bin\msvcp140.dll
0x00007ff9cfad0000 - 0x00007ff9d074a000 	C:\Program Files\Microsoft\jdk-17.0.16.8-hotspot\bin\server\jvm.dll
0x00007ffa7d670000 - 0x00007ffa7d721000 	C:\Windows\System32\ADVAPI32.dll
0x00007ffa7e8f0000 - 0x00007ffa7e98f000 	C:\Windows\System32\sechost.dll
0x00007ffa7dfa0000 - 0x00007ffa7e0c3000 	C:\Windows\System32\RPCRT4.dll
0x00007ffa7d4c0000 - 0x00007ffa7d4e7000 	C:\Windows\System32\bcrypt.dll
0x00007ffa7ec40000 - 0x00007ffa7ecab000 	C:\Windows\System32\WS2_32.dll
0x00007ffa71a20000 - 0x00007ffa71a47000 	C:\Windows\SYSTEM32\WINMM.dll
0x00007ffa7c270000 - 0x00007ffa7c2bb000 	C:\Windows\SYSTEM32\POWRPROF.dll
0x00007ffa78ee0000 - 0x00007ffa78eea000 	C:\Windows\SYSTEM32\VERSION.dll
0x00007ffa7c0e0000 - 0x00007ffa7c0f2000 	C:\Windows\SYSTEM32\UMPDC.dll
0x00007ffa7b840000 - 0x00007ffa7b852000 	C:\Windows\SYSTEM32\kernel.appcore.dll
0x00007ffa5ddc0000 - 0x00007ffa5ddca000 	C:\Program Files\Microsoft\jdk-17.0.16.8-hotspot\bin\jimage.dll
0x00007ffa7b1d0000 - 0x00007ffa7b3d1000 	C:\Windows\SYSTEM32\DBGHELP.DLL
0x00007ffa74a80000 - 0x00007ffa74ab4000 	C:\Windows\SYSTEM32\dbgcore.DLL
0x00007ffa7cf50000 - 0x00007ffa7cfd2000 	C:\Windows\System32\bcryptPrimitives.dll
0x00007ffa50810000 - 0x00007ffa50836000 	C:\Program Files\Microsoft\jdk-17.0.16.8-hotspot\bin\java.dll
0x00007ffa36880000 - 0x00007ffa36956000 	C:\Program Files\Microsoft\jdk-17.0.16.8-hotspot\bin\jsvml.dll
0x00007ffa7e180000 - 0x00007ffa7e8ee000 	C:\Windows\System32\SHELL32.dll
0x00007ffa7aa20000 - 0x00007ffa7b1c4000 	C:\Windows\SYSTEM32\windows.storage.dll
0x00007ffa7ed10000 - 0x00007ffa7f063000 	C:\Windows\System32\combase.dll
0x00007ffa7c710000 - 0x00007ffa7c73b000 	C:\Windows\SYSTEM32\Wldp.dll
0x00007ffa7f450000 - 0x00007ffa7f51d000 	C:\Windows\System32\OLEAUT32.dll
0x00007ffa7f530000 - 0x00007ffa7f5dd000 	C:\Windows\System32\SHCORE.dll
0x00007ffa7ecb0000 - 0x00007ffa7ed0b000 	C:\Windows\System32\shlwapi.dll
0x00007ffa7cc10000 - 0x00007ffa7cc34000 	C:\Windows\SYSTEM32\profapi.dll
0x00007ffa50b80000 - 0x00007ffa50b9b000 	C:\Program Files\Microsoft\jdk-17.0.16.8-hotspot\bin\net.dll
0x00007ffa79c80000 - 0x00007ffa79d8a000 	C:\Windows\SYSTEM32\WINHTTP.dll
0x00007ffa7c470000 - 0x00007ffa7c4da000 	C:\Windows\system32\mswsock.dll
0x00007ffa4e980000 - 0x00007ffa4e996000 	C:\Program Files\Microsoft\jdk-17.0.16.8-hotspot\bin\nio.dll
0x00007ffa4c830000 - 0x00007ffa4c848000 	C:\Program Files\Microsoft\jdk-17.0.16.8-hotspot\bin\zip.dll
0x00007ffa5d9b0000 - 0x00007ffa5d9c0000 	C:\Program Files\Microsoft\jdk-17.0.16.8-hotspot\bin\verify.dll
0x00007ffa4bd20000 - 0x00007ffa4bd47000 	C:\Users\patil\.gradle\native\68d5fa5c4cc2d200863cafc0d521ce42e7d3e7ee720ec0a83991735586a16f82\windows-amd64\native-platform.dll
0x00007ffa261a0000 - 0x00007ffa262e4000 	C:\Users\patil\.gradle\native\e376f236ea51e6404a007f0833ffe2c6e607c4080706a723a18a27aeea778392\windows-amd64\native-platform-file-events.dll
0x00007ffa5d860000 - 0x00007ffa5d86a000 	C:\Program Files\Microsoft\jdk-17.0.16.8-hotspot\bin\management.dll
0x00007ffa5cce0000 - 0x00007ffa5ccec000 	C:\Program Files\Microsoft\jdk-17.0.16.8-hotspot\bin\management_ext.dll
0x00007ffa7f520000 - 0x00007ffa7f528000 	C:\Windows\System32\PSAPI.DLL
0x00007ffa7c670000 - 0x00007ffa7c688000 	C:\Windows\SYSTEM32\CRYPTSP.dll
0x00007ffa7bd20000 - 0x00007ffa7bd58000 	C:\Windows\system32\rsaenh.dll
0x00007ffa7cbd0000 - 0x00007ffa7cbfe000 	C:\Windows\SYSTEM32\USERENV.dll
0x00007ffa7c660000 - 0x00007ffa7c66c000 	C:\Windows\SYSTEM32\CRYPTBASE.dll
0x00007ffa7c100000 - 0x00007ffa7c13b000 	C:\Windows\SYSTEM32\IPHLPAPI.DLL
0x00007ffa7f190000 - 0x00007ffa7f198000 	C:\Windows\System32\NSI.dll
0x00007ffa76cd0000 - 0x00007ffa76ce7000 	C:\Windows\SYSTEM32\dhcpcsvc6.DLL
0x00007ffa78630000 - 0x00007ffa7864d000 	C:\Windows\SYSTEM32\dhcpcsvc.DLL
0x00007ffa7c150000 - 0x00007ffa7c21a000 	C:\Windows\SYSTEM32\DNSAPI.dll
0x00007ffa5c9a0000 - 0x00007ffa5c9a9000 	C:\Program Files\Microsoft\jdk-17.0.16.8-hotspot\bin\extnet.dll
0x00007ffa59fc0000 - 0x00007ffa59fce000 	C:\Program Files\Microsoft\jdk-17.0.16.8-hotspot\bin\sunmscapi.dll
0x00007ffa7cfe0000 - 0x00007ffa7d13d000 	C:\Windows\System32\CRYPT32.dll
0x00007ffa7c780000 - 0x00007ffa7c7a7000 	C:\Windows\SYSTEM32\ncrypt.dll
0x00007ffa7c740000 - 0x00007ffa7c77b000 	C:\Windows\SYSTEM32\NTASN1.dll
0x00007ffa76410000 - 0x00007ffa76417000 	C:\Windows\system32\wshunix.dll
0x00007ffa78ed0000 - 0x00007ffa78eda000 	C:\Windows\System32\rasadhlp.dll
0x00007ffa74c00000 - 0x00007ffa74c80000 	C:\Windows\System32\fwpuclnt.dll
0x00007ffa7bf70000 - 0x00007ffa7bfa3000 	C:\Windows\SYSTEM32\ntmarta.dll
0x00007ffa5cc70000 - 0x00007ffa5cc8e000 	C:\Users\patil\AppData\Local\Temp\native-platform2331431084567468489dir\native-platform.dll
0x00007ffa5ca30000 - 0x00007ffa5ca4e000 	C:\Users\patil\AppData\Local\Temp\native-platform18254284105732801063dir\native-platform.dll
0x00007ffa6ad60000 - 0x00007ffa6ad67000 	C:\Program Files\Microsoft\jdk-17.0.16.8-hotspot\bin\rmi.dll

dbghelp: loaded successfully - version: 4.0.5 - missing functions: none
symbol engine: initialized successfully - sym options: 0x614 - pdb path: .;C:\Program Files\Microsoft\jdk-17.0.16.8-hotspot\bin;C:\Windows\SYSTEM32;C:\Program Files\Avast Software\Avast;C:\Windows\WinSxS\amd64_microsoft.windows.common-controls_6595b64144ccf1df_6.0.19041.5915_none_60b4b9d171f9c7c7;C:\Program Files\Microsoft\jdk-17.0.16.8-hotspot\bin\server;C:\Users\patil\.gradle\native\68d5fa5c4cc2d200863cafc0d521ce42e7d3e7ee720ec0a83991735586a16f82\windows-amd64;C:\Users\patil\.gradle\native\e376f236ea51e6404a007f0833ffe2c6e607c4080706a723a18a27aeea778392\windows-amd64;C:\Users\patil\AppData\Local\Temp\native-platform2331431084567468489dir;C:\Users\patil\AppData\Local\Temp\native-platform18254284105732801063dir

VM Arguments:
jvm_args: -XX:MaxMetaspaceSize=512m --add-opens=java.base/java.util=ALL-UNNAMED --add-opens=java.base/java.lang=ALL-UNNAMED --add-opens=java.base/java.lang.invoke=ALL-UNNAMED --add-opens=java.prefs/java.util.prefs=ALL-UNNAMED --add-opens=java.base/java.nio.charset=ALL-UNNAMED --add-opens=java.base/java.net=ALL-UNNAMED --add-opens=java.base/java.util.concurrent.atomic=ALL-UNNAMED -Xmx2048m -Dfile.encoding=windows-1252 -Duser.country=US -Duser.language=en -Duser.variant 
java_command: org.gradle.launcher.daemon.bootstrap.GradleDaemon 8.0.1
java_class_path (initial): C:\Users\patil\.gradle\wrapper\dists\gradle-8.0.1-all\aro4hu1c3oeioove7l0i4i14o\gradle-8.0.1\lib\gradle-launcher-8.0.1.jar
Launcher Type: SUN_STANDARD

[Global flags]
     intx CICompilerCount                          = 4                                         {product} {ergonomic}
   size_t CompressedClassSpaceSize                 = 436207616                                 {product} {ergonomic}
     uint ConcGCThreads                            = 2                                         {product} {ergonomic}
     uint G1ConcRefinementThreads                  = 8                                         {product} {ergonomic}
   size_t G1HeapRegionSize                         = 1048576                                   {product} {ergonomic}
    uintx GCDrainStackTargetSize                   = 64                                        {product} {ergonomic}
   size_t InitialHeapSize                          = 130023424                                 {product} {ergonomic}
   size_t MarkStackSize                            = 4194304                                   {product} {ergonomic}
   size_t MaxHeapSize                              = 2147483648                                {product} {command line}
   size_t MaxMetaspaceSize                         = 536870912                                 {product} {command line}
   size_t MaxNewSize                               = 1287651328                                {product} {ergonomic}
   size_t MinHeapDeltaBytes                        = 1048576                                   {product} {ergonomic}
   size_t MinHeapSize                              = 8388608                                   {product} {ergonomic}
    uintx NonNMethodCodeHeapSize                   = 5839372                                {pd product} {ergonomic}
    uintx NonProfiledCodeHeapSize                  = 122909434                              {pd product} {ergonomic}
    uintx ProfiledCodeHeapSize                     = 122909434                              {pd product} {ergonomic}
    uintx ReservedCodeCacheSize                    = 251658240                              {pd product} {ergonomic}
     bool SegmentedCodeCache                       = true                                      {product} {ergonomic}
   size_t SoftMaxHeapSize                          = 2147483648                             {manageable} {ergonomic}
     bool UseCompressedClassPointers               = true                           {product lp64_product} {ergonomic}
     bool UseCompressedOops                        = true                           {product lp64_product} {ergonomic}
     bool UseG1GC                                  = true                                      {product} {ergonomic}
     bool UseLargePagesIndividualAllocation        = false                                  {pd product} {ergonomic}

Logging:
Log output configuration:
 #0: stdout all=warning uptime,level,tags
 #1: stderr all=off uptime,level,tags

Environment Variables:
JAVA_HOME=C:\Program Files\Microsoft\jdk-17.0.16.8-hotspot\
CLASSPATH=C:\Users\patil\SplashScreen\android\\gradle\wrapper\gradle-wrapper.jar
PATH=C:\Users\patil\SplashScreen\node_modules\.bin;C:\Users\patil\SplashScreen\node_modules\.bin;C:\Users\patil\node_modules\.bin;C:\Users\node_modules\.bin;C:\node_modules\.bin;C:\Program Files\nodejs\node_modules\npm\node_modules\@npmcli\run-script\lib\node-gyp-bin;C:\Users\patil\SplashScreen\node_modules\.bin;C:\Users\patil\node_modules\.bin;C:\Users\node_modules\.bin;C:\node_modules\.bin;C:\Program Files\nodejs\node_modules\npm\node_modules\@npmcli\run-script\lib\node-gyp-bin;C:\Program Files\Eclipse Adoptium\jdk-11.0.26.4-hotspot\bin;C:\Program Files\Microsoft\jdk-17.0.16.8-hotspot\bin;C:\Windows\system32;C:\Windows;C:\Windows\System32\Wbem;C:\Windows\System32\WindowsPowerShell\v1.0\;C:\Windows\System32\OpenSSH\;C:\Program Files\MySQL\MySQL Server 8.0\bin;C:\ProgramData\chocolatey\bin;C:\Program Files\nodejs\;%LOCALAPPDATA%\Android\Sdk\platform-tools;C:\Program Files\MySQL\MySQL Shell 8.0\bin\;C:\Users\patil\AppData\Local\Microsoft\WindowsApps;C:\Users\patil\AppData\Roaming\npm;C:\Users\patil\AppData\Local\Programs\Microsoft VS Code\bin
USERNAME=patil
OS=Windows_NT
PROCESSOR_IDENTIFIER=Intel64 Family 6 Model 140 Stepping 1, GenuineIntel
TMP=C:\Users\patil\AppData\Local\Temp
TEMP=C:\Users\patil\AppData\Local\Temp



Periodic native trim disabled


---------------  S Y S T E M  ---------------

OS:
 Windows 10 , 64 bit Build 19041 (10.0.19041.5915)
OS uptime: 43 days 17:35 hours

CPU: total 8 (initial active 8) (4 cores per cpu, 2 threads per core) family 6 model 140 stepping 1 microcode 0xbc, cx8, cmov, fxsr, ht, mmx, 3dnowpref, sse, sse2, sse3, ssse3, sse4.1, sse4.2, popcnt, lzcnt, tsc, tscinvbit, avx, avx2, aes, erms, clmul, bmi1, bmi2, adx, avx512f, avx512dq, avx512cd, avx512bw, avx512vl, sha, fma, vzeroupper, avx512_vpopcntdq, avx512_vpclmulqdq, avx512_vaes, avx512_vnni, clflush, clflushopt, clwb, avx512_vbmi2, avx512_vbmi
Processor Information for the first 8 processors :
  Max Mhz: 2419, Current Mhz: 2419, Mhz Limit: 2419

Memory: 4k page, system-wide physical 7934M (374M free)
TotalPageFile size 20668M (AvailPageFile size 33M)
current process WorkingSet (physical memory assigned to process): 393M, peak: 1084M
current process commit charge ("private bytes"): 2098M, peak: 2099M

vm_info: OpenJDK 64-Bit Server VM (17.0.16+8-LTS) for windows-amd64 JRE (17.0.16+8-LTS), built on Jul 10 2025 00:24:24 by "MicrosoftCorporation" with unknown MS VC++:1944

END.
